{
"type": "FeatureCollection",
"name": "borehole_intervals",
"crs": { "type": "name", "properties": { "name": "urn:ogc:def:crs:OGC:1.3:CRS84" } },
"features": [
{ "type": "Feature", "properties": { "Borehole_ID": "GEVRA-BH-001", "Mine_ID": "M-GEVRA", "Mine_Code": "GEVRA", "Mine_Name": "Gevra OCP", "Interval_No": 1, "From_Depth_m": 0.0, "To_Depth_m": 14.05, "Thickness_m": 14.05, "Lithology": "Sandstone", "Stratigraphic_Unit": "Overburden", "Coal_Bearing": "NO", "Coal_Seam": "", "Weathering_Class": "Moderate", "Sample_ID": "GEVRA-001-S01", "Data_Type": "SYNTHETIC_DEMO", "Source_Provenance": "Synthetic borehole interval generated to match GeoVault demonstration corpus" }, "geometry": { "type": "Point", "coordinates": [ 82.548922, 22.217246 ] } },
{ "type": "Feature", "properties": { "Borehole_ID": "GEVRA-BH-001", "Mine_ID": "M-GEVRA", "Mine_Code": "GEVRA", "Mine_Name": "Gevra OCP", "Interval_No": 2, "From_Depth_m": 14.05, "To_Depth_m": 28.1, "Thickness_m": 14.05, "Lithology": "Shale", "Stratigraphic_Unit": "Barakar-equivalent demo unit", "Coal_Bearing": "NO", "Coal_Seam": "", "Weathering_Class": "Slight", "Sample_ID": "GEVRA-001-S02", "Data_Type": "SYNTHETIC_DEMO", "Source_Provenance": "Synthetic borehole interval generated to match GeoVault demonstration corpus" }, "geometry": { "type": "Point", "coordinates": [ 82.548922, 22.217246 ] } },
{ "type": "Feature", "properties": { "Borehole_ID": "GEVRA-BH-001", "Mine_ID": "M-GEVRA", "Mine_Code": "GEVRA", "Mine_Name": "Gevra OCP", "Interval_No": 3, "From_Depth_m": 28.1, "To_Depth_m": 42.15, "Thickness_m": 14.05, "Lithology": "Sandstone", "Stratigraphic_Unit": "Overburden", "Coal_Bearing": "NO", "Coal_Seam": "", "Weathering_Class": "Fresh", "Sample_ID": "GEVRA-001-S03", "Data_Type": "SYNTHETIC_DEMO", "Source_Provenance": "Synthetic borehole interval generated to match GeoVault demonstration corpus" }, "geometry": { "type": "Point", "coordinates": [ 82.548922, 22.217246 ] } },
{ "type": "Feature", "properties": { "Borehole_ID": "GEVRA-BH-001", "Mine_ID": "M-GEVRA", "Mine_Code": "GEVRA", "Mine_Name": "Gevra OCP", "Interval_No": 4, "From_Depth_m": 42.15, "To_Depth_m": 56.2, "Thickness_m": 14.05, "Lithology": "Interbedded Sandstone-Shale", "Stratigraphic_Unit": "Underlying sedimentary sequence", "Coal_Bearing": "NO", "Coal_Seam": "", "Weathering_Class": "Fresh", "Sample_ID": "GEVRA-001-S04", "Data_Type": "SYNTHETIC_DEMO", "Source_Provenance": "Synthetic borehole interval generated to match GeoVault demonstration corpus" }, "geometry": { "type": "Point", "coordinates": [ 82.548922, 22.217246 ] } },
{ "type": "Feature", "properties": { "Borehole_ID": "GEVRA-BH-001", "Mine_ID": "M-GEVRA", "Mine_Code": "GEVRA", "Mine_Name": "Gevra OCP", "Interval_No": 5, "From_Depth_m": 56.2, "To_Depth_m": 70.25, "Thickness_m": 14.05, "Lithology": "Sandstone", "Stratigraphic_Unit": "Overburden", "Coal_Bearing": "NO", "Coal_Seam": "", "Weathering_Class": "Fresh", "Sample_ID": "GEVRA-001-S05", "Data_Type": "SYNTHETIC_DEMO", "Source_Provenance": "Synthetic borehole interval generated to match GeoVault demonstration corpus" }, "geometry": { "type": "Point", "coordinates": [ 82.548922, 22.217246 ] } },
{ "type": "Feature", "properties": { "Borehole_ID": "GEVRA-BH-001", "Mine_ID": "M-GEVRA", "Mine_Code": "GEVRA", "Mine_Name": "Gevra OCP", "Interval_No": 6, "From_Depth_m": 70.25, "To_Depth_m": 84.3, "Thickness_m": 14.05, "Lithology": "Carbonaceous Shale", "Stratigraphic_Unit": "Overburden", "Coal_Bearing": "NO", "Coal_Seam": "", "Weathering_Class": "Fresh", "Sample_ID": "GEVRA-001-S06", "Data_Type": "SYNTHETIC_DEMO", "Source_Provenance": "Synthetic borehole interval generated to match GeoVault demonstration corpus" }, "geometry": { "type": "Point", "coordinates": [ 82.548922, 22.217246 ] } },
{ "type": "Feature", "properties": { "Borehole_ID": "GEVRA-BH-001", "Mine_ID": "M-GEVRA", "Mine_Code": "GEVRA", "Mine_Name": "Gevra OCP", "Interval_No": 7, "From_Depth_m": 84.3, "To_Depth_m": 98.35, "Thickness_m": 14.05, "Lithology": "Coal", "Stratigraphic_Unit": "Barakar-equivalent demo unit", "Coal_Bearing": "YES", "Coal_Seam": "GV-GEV-S5", "Weathering_Class": "Fresh", "Sample_ID": "GEVRA-001-S07", "Data_Type": "SYNTHETIC_DEMO", "Source_Provenance": "Synthetic borehole interval generated to match GeoVault demonstration corpus" }, "geometry": { "type": "Point", "coordinates": [ 82.548922, 22.217246 ] } },
{ "type": "Feature", "properties": { "Borehole_ID": "GEVRA-BH-001", "Mine_ID": "M-GEVRA", "Mine_Code": "GEVRA", "Mine_Name": "Gevra OCP", "Interval_No": 8, "From_Depth_m": 98.35, "To_Depth_m": 112.4, "Thickness_m": 14.05, "Lithology": "Shale", "Stratigraphic_Unit": "Overburden", "Coal_Bearing": "NO", "Coal_Seam": "", "Weathering_Class": "Fresh", "Sample_ID": "GEVRA-001-S08", "Data_Type": "SYNTHETIC_DEMO", "Source_Provenance": "Synthetic borehole interval generated to match GeoVault demonstration corpus" }, "geometry": { "type": "Point", "coordinates": [ 82.548922, 22.217246 ] } },
{ "type": "Feature", "properties": { "Borehole_ID": "GEVRA-BH-001", "Mine_ID": "M-GEVRA", "Mine_Code": "GEVRA", "Mine_Name": "Gevra OCP", "Interval_No": 9, "From_Depth_m": 112.4, "To_Depth_m": 126.45, "Thickness_m": 14.05, "Lithology": "Interbedded Sandstone-Shale", "Stratigraphic_Unit": "Barakar-equivalent demo unit", "Coal_Bearing": "NO", "Coal_Seam": "", "Weathering_Class": "Fresh", "Sample_ID": "GEVRA-001-S09", "Data_Type": "SYNTHETIC_DEMO", "Source_Provenance": "Synthetic borehole interval generated to match GeoVault demonstration corpus" }, "geometry": { "type": "Point", "coordinates": [ 82.548922, 22.217246 ] } },
{ "type": "Feature", "properties": { "Borehole_ID": "GEVRA-BH-001", "Mine_ID": "M-GEVRA", "Mine_Code": "GEVRA", "Mine_Name": "Gevra OCP", "Interval_No": 10, "From_Depth_m": 126.45, "To_Depth_m": 140.5, "Thickness_m": 14.05, "Lithology": "Interbedded Sandstone-Shale", "Stratigraphic_Unit": "Underlying sedimentary sequence", "Coal_Bearing": "NO", "Coal_Seam": "", "Weathering_Class": "Fresh", "Sample_ID": "GEVRA-001-S10", "Data_Type": "SYNTHETIC_DEMO", "Source_Provenance": "Synthetic borehole interval generated to match GeoVault demonstration corpus" }, "geometry": { "type": "Point", "coordinates": [ 82.548922, 22.217246 ] } },
{ "type": "Feature", "properties": { "Borehole_ID": "GEVRA-BH-002", "Mine_ID": "M-GEVRA", "Mine_Code": "GEVRA", "Mine_Name": "Gevra OCP", "Interval_No": 1, "From_Depth_m": 0.0, "To_Depth_m": 10.07, "Thickness_m": 10.07, "Lithology": "Shale", "Stratigraphic_Unit": "Underlying sedimentary sequence", "Coal_Bearing": "NO", "Coal_Seam": "", "Weathering_Class": "Moderate", "Sample_ID": "GEVRA-002-S01", "Data_Type": "SYNTHETIC_DEMO", "Source_Provenance": "Synthetic borehole interval generated to match GeoVault demonstration corpus" }, "geometry": { "type": "Point", "coordinates": [ 82.557119, 22.185645 ] } },
{ "type": "Feature", "properties": { "Borehole_ID": "GEVRA-BH-002", "Mine_ID": "M-GEVRA", "Mine_Code": "GEVRA", "Mine_Name": "Gevra OCP", "Interval_No": 2, "From_Depth_m": 10.07, "To_Depth_m": 20.14, "Thickness_m": 10.07, "Lithology": "Sandstone", "Stratigraphic_Unit": "Barakar-equivalent demo unit", "Coal_Bearing": "NO", "Coal_Seam": "", "Weathering_Class": "Moderate", "Sample_ID": "GEVRA-002-S02", "Data_Type": "SYNTHETIC_DEMO", "Source_Provenance": "Synthetic borehole interval generated to match GeoVault demonstration corpus" }, "geometry": { "type": "Point", "coordinates": [ 82.557119, 22.185645 ] } },
{ "type": "Feature", "properties": { "Borehole_ID": "GEVRA-BH-002", "Mine_ID": "M-GEVRA", "Mine_Code": "GEVRA", "Mine_Name": "Gevra OCP", "Interval_No": 3, "From_Depth_m": 20.14, "To_Depth_m": 30.21, "Thickness_m": 10.07, "Lithology": "Siltstone", "Stratigraphic_Unit": "Coal-bearing sequence", "Coal_Bearing": "NO", "Coal_Seam": "", "Weathering_Class": "Slight", "Sample_ID": "GEVRA-002-S03", "Data_Type": "SYNTHETIC_DEMO", "Source_Provenance": "Synthetic borehole interval generated to match GeoVault demonstration corpus" }, "geometry": { "type": "Point", "coordinates": [ 82.557119, 22.185645 ] } },
{ "type": "Feature", "properties": { "Borehole_ID": "GEVRA-BH-002", "Mine_ID": "M-GEVRA", "Mine_Code": "GEVRA", "Mine_Name": "Gevra OCP", "Interval_No": 4, "From_Depth_m": 30.21, "To_Depth_m": 40.28, "Thickness_m": 10.07, "Lithology": "Shale", "Stratigraphic_Unit": "Coal-bearing sequence", "Coal_Bearing": "NO", "Coal_Seam": "", "Weathering_Class": "Fresh", "Sample_ID": "GEVRA-002-S04", "Data_Type": "SYNTHETIC_DEMO", "Source_Provenance": "Synthetic borehole interval generated to match GeoVault demonstration corpus" }, "geometry": { "type": "Point", "coordinates": [ 82.557119, 22.185645 ] } },
{ "type": "Feature", "properties": { "Borehole_ID": "GEVRA-BH-002", "Mine_ID": "M-GEVRA", "Mine_Code": "GEVRA", "Mine_Name": "Gevra OCP", "Interval_No": 5, "From_Depth_m": 40.28, "To_Depth_m": 50.35, "Thickness_m": 10.07, "Lithology": "Sandstone", "Stratigraphic_Unit": "Overburden", "Coal_Bearing": "NO", "Coal_Seam": "", "Weathering_Class": "Fresh", "Sample_ID": "GEVRA-002-S05", "Data_Type": "SYNTHETIC_DEMO", "Source_Provenance": "Synthetic borehole interval generated to match GeoVault demonstration corpus" }, "geometry": { "type": "Point", "coordinates": [ 82.557119, 22.185645 ] } },
{ "type": "Feature", "properties": { "Borehole_ID": "GEVRA-BH-002", "Mine_ID": "M-GEVRA", "Mine_Code": "GEVRA", "Mine_Name": "Gevra OCP", "Interval_No": 6, "From_Depth_m": 50.35, "To_Depth_m": 60.42, "Thickness_m": 10.07, "Lithology": "Mudstone", "Stratigraphic_Unit": "Overburden", "Coal_Bearing": "NO", "Coal_Seam": "", "Weathering_Class": "Fresh", "Sample_ID": "GEVRA-002-S06", "Data_Type": "SYNTHETIC_DEMO", "Source_Provenance": "Synthetic borehole interval generated to match GeoVault demonstration corpus" }, "geometry": { "type": "Point", "coordinates": [ 82.557119, 22.185645 ] } },
{ "type": "Feature", "properties": { "Borehole_ID": "GEVRA-BH-002", "Mine_ID": "M-GEVRA", "Mine_Code": "GEVRA", "Mine_Name": "Gevra OCP", "Interval_No": 7, "From_Depth_m": 60.42, "To_Depth_m": 70.49, "Thickness_m": 10.07, "Lithology": "Carbonaceous Shale", "Stratigraphic_Unit": "Coal-bearing sequence", "Coal_Bearing": "NO", "Coal_Seam": "", "Weathering_Class": "Fresh", "Sample_ID": "GEVRA-002-S07", "Data_Type": "SYNTHETIC_DEMO", "Source_Provenance": "Synthetic borehole interval generated to match GeoVault demonstration corpus" }, "geometry": { "type": "Point", "coordinates": [ 82.557119, 22.185645 ] } },
{ "type": "Feature", "properties": { "Borehole_ID": "GEVRA-BH-002", "Mine_ID": "M-GEVRA", "Mine_Code": "GEVRA", "Mine_Name": "Gevra OCP", "Interval_No": 8, "From_Depth_m": 70.49, "To_Depth_m": 80.56, "Thickness_m": 10.07, "Lithology": "Coal", "Stratigraphic_Unit": "Coal-bearing sequence", "Coal_Bearing": "YES", "Coal_Seam": "GV-GEV-S4", "Weathering_Class": "Fresh", "Sample_ID": "GEVRA-002-S08", "Data_Type": "SYNTHETIC_DEMO", "Source_Provenance": "Synthetic borehole interval generated to match GeoVault demonstration corpus" }, "geometry": { "type": "Point", "coordinates": [ 82.557119, 22.185645 ] } },
{ "type": "Feature", "properties": { "Borehole_ID": "GEVRA-BH-002", "Mine_ID": "M-GEVRA", "Mine_Code": "GEVRA", "Mine_Name": "Gevra OCP", "Interval_No": 9, "From_Depth_m": 80.56, "To_Depth_m": 90.63, "Thickness_m": 10.07, "Lithology": "Interbedded Sandstone-Shale", "Stratigraphic_Unit": "Coal-bearing sequence", "Coal_Bearing": "NO", "Coal_Seam": "", "Weathering_Class": "Fresh", "Sample_ID": "GEVRA-002-S09", "Data_Type": "SYNTHETIC_DEMO", "Source_Provenance": "Synthetic borehole interval generated to match GeoVault demonstration corpus" }, "geometry": { "type": "Point", "coordinates": [ 82.557119, 22.185645 ] } },
{ "type": "Feature", "properties": { "Borehole_ID": "GEVRA-BH-002", "Mine_ID": "M-GEVRA", "Mine_Code": "GEVRA", "Mine_Name": "Gevra OCP", "Interval_No": 10, "From_Depth_m": 90.63, "To_Depth_m": 100.7, "Thickness_m": 10.07, "Lithology": "Sandstone", "Stratigraphic_Unit": "Underlying sedimentary sequence", "Coal_Bearing": "NO", "Coal_Seam": "", "Weathering_Class": "Fresh", "Sample_ID": "GEVRA-002-S10", "Data_Type": "SYNTHETIC_DEMO", "Source_Provenance": "Synthetic borehole interval generated to match GeoVault demonstration corpus" }, "geometry": { "type": "Point", "coordinates": [ 82.557119, 22.185645 ] } },
{ "type": "Feature", "properties": { "Borehole_ID": "GEVRA-BH-003", "Mine_ID": "M-GEVRA", "Mine_Code": "GEVRA", "Mine_Name": "Gevra OCP", "Interval_No": 1, "From_Depth_m": 0.0, "To_Depth_m": 10.39, "Thickness_m": 10.39, "Lithology": "Interbedded Sandstone-Shale", "Stratigraphic_Unit": "Overburden", "Coal_Bearing": "NO", "Coal_Seam": "", "Weathering_Class": "Moderate", "Sample_ID": "GEVRA-003-S01", "Data_Type": "SYNTHETIC_DEMO", "Source_Provenance": "Synthetic borehole interval generated to match GeoVault demonstration corpus" }, "geometry": { "type": "Point", "coordinates": [ 82.547133, 22.205846 ] } },
{ "type": "Feature", "properties": { "Borehole_ID": "GEVRA-BH-003", "Mine_ID": "M-GEVRA", "Mine_Code": "GEVRA", "Mine_Name": "Gevra OCP", "Interval_No": 2, "From_Depth_m": 10.39, "To_Depth_m": 20.78, "Thickness_m": 10.39, "Lithology": "Sandstone", "Stratigraphic_Unit": "Coal-bearing sequence", "Coal_Bearing": "NO", "Coal_Seam": "", "Weathering_Class": "Moderate", "Sample_ID": "GEVRA-003-S02", "Data_Type": "SYNTHETIC_DEMO", "Source_Provenance": "Synthetic borehole interval generated to match GeoVault demonstration corpus" }, "geometry": { "type": "Point", "coordinates": [ 82.547133, 22.205846 ] } },
{ "type": "Feature", "properties": { "Borehole_ID": "GEVRA-BH-003", "Mine_ID": "M-GEVRA", "Mine_Code": "GEVRA", "Mine_Name": "Gevra OCP", "Interval_No": 3, "From_Depth_m": 20.78, "To_Depth_m": 31.17, "Thickness_m": 10.39, "Lithology": "Interbedded Sandstone-Shale", "Stratigraphic_Unit": "Barakar-equivalent demo unit", "Coal_Bearing": "NO", "Coal_Seam": "", "Weathering_Class": "Slight", "Sample_ID": "GEVRA-003-S03", "Data_Type": "SYNTHETIC_DEMO", "Source_Provenance": "Synthetic borehole interval generated to match GeoVault demonstration corpus" }, "geometry": { "type": "Point", "coordinates": [ 82.547133, 22.205846 ] } },
{ "type": "Feature", "properties": { "Borehole_ID": "GEVRA-BH-003", "Mine_ID": "M-GEVRA", "Mine_Code": "GEVRA", "Mine_Name": "Gevra OCP", "Interval_No": 4, "From_Depth_m": 31.17, "To_Depth_m": 41.56, "Thickness_m": 10.39, "Lithology": "Sandstone", "Stratigraphic_Unit": "Barakar-equivalent demo unit", "Coal_Bearing": "NO", "Coal_Seam": "", "Weathering_Class": "Fresh", "Sample_ID": "GEVRA-003-S04", "Data_Type": "SYNTHETIC_DEMO", "Source_Provenance": "Synthetic borehole interval generated to match GeoVault demonstration corpus" }, "geometry": { "type": "Point", "coordinates": [ 82.547133, 22.205846 ] } },
{ "type": "Feature", "properties": { "Borehole_ID": "GEVRA-BH-003", "Mine_ID": "M-GEVRA", "Mine_Code": "GEVRA", "Mine_Name": "Gevra OCP", "Interval_No": 5, "From_Depth_m": 41.56, "To_Depth_m": 51.95, "Thickness_m": 10.39, "Lithology": "Carbonaceous Shale", "Stratigraphic_Unit": "Coal-bearing sequence", "Coal_Bearing": "NO", "Coal_Seam": "", "Weathering_Class": "Fresh", "Sample_ID": "GEVRA-003-S05", "Data_Type": "SYNTHETIC_DEMO", "Source_Provenance": "Synthetic borehole interval generated to match GeoVault demonstration corpus" }, "geometry": { "type": "Point", "coordinates": [ 82.547133, 22.205846 ] } },
{ "type": "Feature", "properties": { "Borehole_ID": "GEVRA-BH-003", "Mine_ID": "M-GEVRA", "Mine_Code": "GEVRA", "Mine_Name": "Gevra OCP", "Interval_No": 6, "From_Depth_m": 51.95, "To_Depth_m": 62.34, "Thickness_m": 10.39, "Lithology": "Coal", "Stratigraphic_Unit": "Overburden", "Coal_Bearing": "YES", "Coal_Seam": "GV-GEV-S3", "Weathering_Class": "Fresh", "Sample_ID": "GEVRA-003-S06", "Data_Type": "SYNTHETIC_DEMO", "Source_Provenance": "Synthetic borehole interval generated to match GeoVault demonstration corpus" }, "geometry": { "type": "Point", "coordinates": [ 82.547133, 22.205846 ] } },
{ "type": "Feature", "properties": { "Borehole_ID": "GEVRA-BH-003", "Mine_ID": "M-GEVRA", "Mine_Code": "GEVRA", "Mine_Name": "Gevra OCP", "Interval_No": 7, "From_Depth_m": 62.34, "To_Depth_m": 72.73, "Thickness_m": 10.39, "Lithology": "Shale", "Stratigraphic_Unit": "Overburden", "Coal_Bearing": "NO", "Coal_Seam": "", "Weathering_Class": "Fresh", "Sample_ID": "GEVRA-003-S07", "Data_Type": "SYNTHETIC_DEMO", "Source_Provenance": "Synthetic borehole interval generated to match GeoVault demonstration corpus" }, "geometry": { "type": "Point", "coordinates": [ 82.547133, 22.205846 ] } },
{ "type": "Feature", "properties": { "Borehole_ID": "GEVRA-BH-003", "Mine_ID": "M-GEVRA", "Mine_Code": "GEVRA", "Mine_Name": "Gevra OCP", "Interval_No": 8, "From_Depth_m": 72.73, "To_Depth_m": 83.12, "Thickness_m": 10.39, "Lithology": "Mudstone", "Stratigraphic_Unit": "Coal-bearing sequence", "Coal_Bearing": "NO", "Coal_Seam": "", "Weathering_Class": "Fresh", "Sample_ID": "GEVRA-003-S08", "Data_Type": "SYNTHETIC_DEMO", "Source_Provenance": "Synthetic borehole interval generated to match GeoVault demonstration corpus" }, "geometry": { "type": "Point", "coordinates": [ 82.547133, 22.205846 ] } },
{ "type": "Feature", "properties": { "Borehole_ID": "GEVRA-BH-003", "Mine_ID": "M-GEVRA", "Mine_Code": "GEVRA", "Mine_Name": "Gevra OCP", "Interval_No": 9, "From_Depth_m": 83.12, "To_Depth_m": 93.51, "Thickness_m": 10.39, "Lithology": "Mudstone", "Stratigraphic_Unit": "Coal-bearing sequence", "Coal_Bearing": "NO", "Coal_Seam": "", "Weathering_Class": "Fresh", "Sample_ID": "GEVRA-003-S09", "Data_Type": "SYNTHETIC_DEMO", "Source_Provenance": "Synthetic borehole interval generated to match GeoVault demonstration corpus" }, "geometry": { "type": "Point", "coordinates": [ 82.547133, 22.205846 ] } },
{ "type": "Feature", "properties": { "Borehole_ID": "GEVRA-BH-003", "Mine_ID": "M-GEVRA", "Mine_Code": "GEVRA", "Mine_Name": "Gevra OCP", "Interval_No": 10, "From_Depth_m": 93.51, "To_Depth_m": 103.9, "Thickness_m": 10.39, "Lithology": "Shale", "Stratigraphic_Unit": "Coal-bearing sequence", "Coal_Bearing": "NO", "Coal_Seam": "", "Weathering_Class": "Fresh", "Sample_ID": "GEVRA-003-S10", "Data_Type": "SYNTHETIC_DEMO", "Source_Provenance": "Synthetic borehole interval generated to match GeoVault demonstration corpus" }, "geometry": { "type": "Point", "coordinates": [ 82.547133, 22.205846 ] } },
{ "type": "Feature", "properties": { "Borehole_ID": "GEVRA-BH-004", "Mine_ID": "M-GEVRA", "Mine_Code": "GEVRA", "Mine_Name": "Gevra OCP", "Interval_No": 1, "From_Depth_m": 0.0, "To_Depth_m": 21.89, "Thickness_m": 21.89, "Lithology": "Siltstone", "Stratigraphic_Unit": "Barakar-equivalent demo unit", "Coal_Bearing": "NO", "Coal_Seam": "", "Weathering_Class": "Moderate", "Sample_ID": "GEVRA-004-S01", "Data_Type": "SYNTHETIC_DEMO", "Source_Provenance": "Synthetic borehole interval generated to match GeoVault demonstration corpus" }, "geometry": { "type": "Point", "coordinates": [ 82.51657, 22.225187 ] } },
{ "type": "Feature", "properties": { "Borehole_ID": "GEVRA-BH-004", "Mine_ID": "M-GEVRA", "Mine_Code": "GEVRA", "Mine_Name": "Gevra OCP", "Interval_No": 2, "From_Depth_m": 21.89, "To_Depth_m": 43.78, "Thickness_m": 21.89, "Lithology": "Sandstone", "Stratigraphic_Unit": "Barakar-equivalent demo unit", "Coal_Bearing": "NO", "Coal_Seam": "", "Weathering_Class": "Slight", "Sample_ID": "GEVRA-004-S02", "Data_Type": "SYNTHETIC_DEMO", "Source_Provenance": "Synthetic borehole interval generated to match GeoVault demonstration corpus" }, "geometry": { "type": "Point", "coordinates": [ 82.51657, 22.225187 ] } },
{ "type": "Feature", "properties": { "Borehole_ID": "GEVRA-BH-004", "Mine_ID": "M-GEVRA", "Mine_Code": "GEVRA", "Mine_Name": "Gevra OCP", "Interval_No": 3, "From_Depth_m": 43.78, "To_Depth_m": 65.67, "Thickness_m": 21.89, "Lithology": "Shale", "Stratigraphic_Unit": "Underlying sedimentary sequence", "Coal_Bearing": "NO", "Coal_Seam": "", "Weathering_Class": "Fresh", "Sample_ID": "GEVRA-004-S03", "Data_Type": "SYNTHETIC_DEMO", "Source_Provenance": "Synthetic borehole interval generated to match GeoVault demonstration corpus" }, "geometry": { "type": "Point", "coordinates": [ 82.51657, 22.225187 ] } },
{ "type": "Feature", "properties": { "Borehole_ID": "GEVRA-BH-004", "Mine_ID": "M-GEVRA", "Mine_Code": "GEVRA", "Mine_Name": "Gevra OCP", "Interval_No": 4, "From_Depth_m": 65.67, "To_Depth_m": 87.56, "Thickness_m": 21.89, "Lithology": "Mudstone", "Stratigraphic_Unit": "Coal-bearing sequence", "Coal_Bearing": "NO", "Coal_Seam": "", "Weathering_Class": "Fresh", "Sample_ID": "GEVRA-004-S04", "Data_Type": "SYNTHETIC_DEMO", "Source_Provenance": "Synthetic borehole interval generated to match GeoVault demonstration corpus" }, "geometry": { "type": "Point", "coordinates": [ 82.51657, 22.225187 ] } },
{ "type": "Feature", "properties": { "Borehole_ID": "GEVRA-BH-004", "Mine_ID": "M-GEVRA", "Mine_Code": "GEVRA", "Mine_Name": "Gevra OCP", "Interval_No": 5, "From_Depth_m": 87.56, "To_Depth_m": 109.45, "Thickness_m": 21.89, "Lithology": "Interbedded Sandstone-Shale", "Stratigraphic_Unit": "Barakar-equivalent demo unit", "Coal_Bearing": "NO", "Coal_Seam": "", "Weathering_Class": "Fresh", "Sample_ID": "GEVRA-004-S05", "Data_Type": "SYNTHETIC_DEMO", "Source_Provenance": "Synthetic borehole interval generated to match GeoVault demonstration corpus" }, "geometry": { "type": "Point", "coordinates": [ 82.51657, 22.225187 ] } },
{ "type": "Feature", "properties": { "Borehole_ID": "GEVRA-BH-004", "Mine_ID": "M-GEVRA", "Mine_Code": "GEVRA", "Mine_Name": "Gevra OCP", "Interval_No": 6, "From_Depth_m": 109.45, "To_Depth_m": 131.34, "Thickness_m": 21.89, "Lithology": "Siltstone", "Stratigraphic_Unit": "Overburden", "Coal_Bearing": "NO", "Coal_Seam": "", "Weathering_Class": "Fresh", "Sample_ID": "GEVRA-004-S06", "Data_Type": "SYNTHETIC_DEMO", "Source_Provenance": "Synthetic borehole interval generated to match GeoVault demonstration corpus" }, "geometry": { "type": "Point", "coordinates": [ 82.51657, 22.225187 ] } },
{ "type": "Feature", "properties": { "Borehole_ID": "GEVRA-BH-004", "Mine_ID": "M-GEVRA", "Mine_Code": "GEVRA", "Mine_Name": "Gevra OCP", "Interval_No": 7, "From_Depth_m": 131.34, "To_Depth_m": 153.23, "Thickness_m": 21.89, "Lithology": "Carbonaceous Shale", "Stratigraphic_Unit": "Barakar-equivalent demo unit", "Coal_Bearing": "NO", "Coal_Seam": "", "Weathering_Class": "Fresh", "Sample_ID": "GEVRA-004-S07", "Data_Type": "SYNTHETIC_DEMO", "Source_Provenance": "Synthetic borehole interval generated to match GeoVault demonstration corpus" }, "geometry": { "type": "Point", "coordinates": [ 82.51657, 22.225187 ] } },
{ "type": "Feature", "properties": { "Borehole_ID": "GEVRA-BH-004", "Mine_ID": "M-GEVRA", "Mine_Code": "GEVRA", "Mine_Name": "Gevra OCP", "Interval_No": 8, "From_Depth_m": 153.23, "To_Depth_m": 175.12, "Thickness_m": 21.89, "Lithology": "Coal", "Stratigraphic_Unit": "Overburden", "Coal_Bearing": "YES", "Coal_Seam": "GV-GEV-S1", "Weathering_Class": "Fresh", "Sample_ID": "GEVRA-004-S08", "Data_Type": "SYNTHETIC_DEMO", "Source_Provenance": "Synthetic borehole interval generated to match GeoVault demonstration corpus" }, "geometry": { "type": "Point", "coordinates": [ 82.51657, 22.225187 ] } },
{ "type": "Feature", "properties": { "Borehole_ID": "GEVRA-BH-004", "Mine_ID": "M-GEVRA", "Mine_Code": "GEVRA", "Mine_Name": "Gevra OCP", "Interval_No": 9, "From_Depth_m": 175.12, "To_Depth_m": 197.01, "Thickness_m": 21.89, "Lithology": "Siltstone", "Stratigraphic_Unit": "Underlying sedimentary sequence", "Coal_Bearing": "NO", "Coal_Seam": "", "Weathering_Class": "Fresh", "Sample_ID": "GEVRA-004-S09", "Data_Type": "SYNTHETIC_DEMO", "Source_Provenance": "Synthetic borehole interval generated to match GeoVault demonstration corpus" }, "geometry": { "type": "Point", "coordinates": [ 82.51657, 22.225187 ] } },
{ "type": "Feature", "properties": { "Borehole_ID": "GEVRA-BH-004", "Mine_ID": "M-GEVRA", "Mine_Code": "GEVRA", "Mine_Name": "Gevra OCP", "Interval_No": 10, "From_Depth_m": 197.01, "To_Depth_m": 218.9, "Thickness_m": 21.89, "Lithology": "Siltstone", "Stratigraphic_Unit": "Overburden", "Coal_Bearing": "NO", "Coal_Seam": "", "Weathering_Class": "Fresh", "Sample_ID": "GEVRA-004-S10", "Data_Type": "SYNTHETIC_DEMO", "Source_Provenance": "Synthetic borehole interval generated to match GeoVault demonstration corpus" }, "geometry": { "type": "Point", "coordinates": [ 82.51657, 22.225187 ] } },
{ "type": "Feature", "properties": { "Borehole_ID": "GEVRA-BH-005", "Mine_ID": "M-GEVRA", "Mine_Code": "GEVRA", "Mine_Name": "Gevra OCP", "Interval_No": 1, "From_Depth_m": 0.0, "To_Depth_m": 22.38, "Thickness_m": 22.38, "Lithology": "Shale", "Stratigraphic_Unit": "Coal-bearing sequence", "Coal_Bearing": "NO", "Coal_Seam": "", "Weathering_Class": "Slight", "Sample_ID": "GEVRA-005-S01", "Data_Type": "SYNTHETIC_DEMO", "Source_Provenance": "Synthetic borehole interval generated to match GeoVault demonstration corpus" }, "geometry": { "type": "Point", "coordinates": [ 82.517911, 22.222258 ] } },
{ "type": "Feature", "properties": { "Borehole_ID": "GEVRA-BH-005", "Mine_ID": "M-GEVRA", "Mine_Code": "GEVRA", "Mine_Name": "Gevra OCP", "Interval_No": 2, "From_Depth_m": 22.38, "To_Depth_m": 44.76, "Thickness_m": 22.38, "Lithology": "Mudstone", "Stratigraphic_Unit": "Underlying sedimentary sequence", "Coal_Bearing": "NO", "Coal_Seam": "", "Weathering_Class": "Moderate", "Sample_ID": "GEVRA-005-S02", "Data_Type": "SYNTHETIC_DEMO", "Source_Provenance": "Synthetic borehole interval generated to match GeoVault demonstration corpus" }, "geometry": { "type": "Point", "coordinates": [ 82.517911, 22.222258 ] } },
{ "type": "Feature", "properties": { "Borehole_ID": "GEVRA-BH-005", "Mine_ID": "M-GEVRA", "Mine_Code": "GEVRA", "Mine_Name": "Gevra OCP", "Interval_No": 3, "From_Depth_m": 44.76, "To_Depth_m": 67.14, "Thickness_m": 22.38, "Lithology": "Shale", "Stratigraphic_Unit": "Coal-bearing sequence", "Coal_Bearing": "NO", "Coal_Seam": "", "Weathering_Class": "Fresh", "Sample_ID": "GEVRA-005-S03", "Data_Type": "SYNTHETIC_DEMO", "Source_Provenance": "Synthetic borehole interval generated to match GeoVault demonstration corpus" }, "geometry": { "type": "Point", "coordinates": [ 82.517911, 22.222258 ] } },
{ "type": "Feature", "properties": { "Borehole_ID": "GEVRA-BH-005", "Mine_ID": "M-GEVRA", "Mine_Code": "GEVRA", "Mine_Name": "Gevra OCP", "Interval_No": 4, "From_Depth_m": 67.14, "To_Depth_m": 89.52, "Thickness_m": 22.38, "Lithology": "Shale", "Stratigraphic_Unit": "Barakar-equivalent demo unit", "Coal_Bearing": "NO", "Coal_Seam": "", "Weathering_Class": "Fresh", "Sample_ID": "GEVRA-005-S04", "Data_Type": "SYNTHETIC_DEMO", "Source_Provenance": "Synthetic borehole interval generated to match GeoVault demonstration corpus" }, "geometry": { "type": "Point", "coordinates": [ 82.517911, 22.222258 ] } },
{ "type": "Feature", "properties": { "Borehole_ID": "GEVRA-BH-005", "Mine_ID": "M-GEVRA", "Mine_Code": "GEVRA", "Mine_Name": "Gevra OCP", "Interval_No": 5, "From_Depth_m": 89.52, "To_Depth_m": 111.9, "Thickness_m": 22.38, "Lithology": "Interbedded Sandstone-Shale", "Stratigraphic_Unit": "Coal-bearing sequence", "Coal_Bearing": "NO", "Coal_Seam": "", "Weathering_Class": "Fresh", "Sample_ID": "GEVRA-005-S05", "Data_Type": "SYNTHETIC_DEMO", "Source_Provenance": "Synthetic borehole interval generated to match GeoVault demonstration corpus" }, "geometry": { "type": "Point", "coordinates": [ 82.517911, 22.222258 ] } },
{ "type": "Feature", "properties": { "Borehole_ID": "GEVRA-BH-005", "Mine_ID": "M-GEVRA", "Mine_Code": "GEVRA", "Mine_Name": "Gevra OCP", "Interval_No": 6, "From_Depth_m": 111.9, "To_Depth_m": 134.28, "Thickness_m": 22.38, "Lithology": "Interbedded Sandstone-Shale", "Stratigraphic_Unit": "Underlying sedimentary sequence", "Coal_Bearing": "NO", "Coal_Seam": "", "Weathering_Class": "Fresh", "Sample_ID": "GEVRA-005-S06", "Data_Type": "SYNTHETIC_DEMO", "Source_Provenance": "Synthetic borehole interval generated to match GeoVault demonstration corpus" }, "geometry": { "type": "Point", "coordinates": [ 82.517911, 22.222258 ] } },
{ "type": "Feature", "properties": { "Borehole_ID": "GEVRA-BH-005", "Mine_ID": "M-GEVRA", "Mine_Code": "GEVRA", "Mine_Name": "Gevra OCP", "Interval_No": 7, "From_Depth_m": 134.28, "To_Depth_m": 156.66, "Thickness_m": 22.38, "Lithology": "Carbonaceous Shale", "Stratigraphic_Unit": "Underlying sedimentary sequence", "Coal_Bearing": "NO", "Coal_Seam": "", "Weathering_Class": "Fresh", "Sample_ID": "GEVRA-005-S07", "Data_Type": "SYNTHETIC_DEMO", "Source_Provenance": "Synthetic borehole interval generated to match GeoVault demonstration corpus" }, "geometry": { "type": "Point", "coordinates": [ 82.517911, 22.222258 ] } },
{ "type": "Feature", "properties": { "Borehole_ID": "GEVRA-BH-005", "Mine_ID": "M-GEVRA", "Mine_Code": "GEVRA", "Mine_Name": "Gevra OCP", "Interval_No": 8, "From_Depth_m": 156.66, "To_Depth_m": 179.04, "Thickness_m": 22.38, "Lithology": "Coal", "Stratigraphic_Unit": "Coal-bearing sequence", "Coal_Bearing": "YES", "Coal_Seam": "GV-GEV-S2", "Weathering_Class": "Fresh", "Sample_ID": "GEVRA-005-S08", "Data_Type": "SYNTHETIC_DEMO", "Source_Provenance": "Synthetic borehole interval generated to match GeoVault demonstration corpus" }, "geometry": { "type": "Point", "coordinates": [ 82.517911, 22.222258 ] } },
{ "type": "Feature", "properties": { "Borehole_ID": "GEVRA-BH-005", "Mine_ID": "M-GEVRA", "Mine_Code": "GEVRA", "Mine_Name": "Gevra OCP", "Interval_No": 9, "From_Depth_m": 179.04, "To_Depth_m": 201.42, "Thickness_m": 22.38, "Lithology": "Shale", "Stratigraphic_Unit": "Barakar-equivalent demo unit", "Coal_Bearing": "NO", "Coal_Seam": "", "Weathering_Class": "Fresh", "Sample_ID": "GEVRA-005-S09", "Data_Type": "SYNTHETIC_DEMO", "Source_Provenance": "Synthetic borehole interval generated to match GeoVault demonstration corpus" }, "geometry": { "type": "Point", "coordinates": [ 82.517911, 22.222258 ] } },
{ "type": "Feature", "properties": { "Borehole_ID": "GEVRA-BH-005", "Mine_ID": "M-GEVRA", "Mine_Code": "GEVRA", "Mine_Name": "Gevra OCP", "Interval_No": 10, "From_Depth_m": 201.42, "To_Depth_m": 223.8, "Thickness_m": 22.38, "Lithology": "Interbedded Sandstone-Shale", "Stratigraphic_Unit": "Underlying sedimentary sequence", "Coal_Bearing": "NO", "Coal_Seam": "", "Weathering_Class": "Fresh", "Sample_ID": "GEVRA-005-S10", "Data_Type": "SYNTHETIC_DEMO", "Source_Provenance": "Synthetic borehole interval generated to match GeoVault demonstration corpus" }, "geometry": { "type": "Point", "coordinates": [ 82.517911, 22.222258 ] } },
{ "type": "Feature", "properties": { "Borehole_ID": "GEVRA-BH-006", "Mine_ID": "M-GEVRA", "Mine_Code": "GEVRA", "Mine_Name": "Gevra OCP", "Interval_No": 1, "From_Depth_m": 0.0, "To_Depth_m": 9.17, "Thickness_m": 9.17, "Lithology": "Sandstone", "Stratigraphic_Unit": "Overburden", "Coal_Bearing": "NO", "Coal_Seam": "", "Weathering_Class": "Slight", "Sample_ID": "GEVRA-006-S01", "Data_Type": "SYNTHETIC_DEMO", "Source_Provenance": "Synthetic borehole interval generated to match GeoVault demonstration corpus" }, "geometry": { "type": "Point", "coordinates": [ 82.542001, 22.185871 ] } },
{ "type": "Feature", "properties": { "Borehole_ID": "GEVRA-BH-006", "Mine_ID": "M-GEVRA", "Mine_Code": "GEVRA", "Mine_Name": "Gevra OCP", "Interval_No": 2, "From_Depth_m": 9.17, "To_Depth_m": 18.34, "Thickness_m": 9.17, "Lithology": "Shale", "Stratigraphic_Unit": "Barakar-equivalent demo unit", "Coal_Bearing": "NO", "Coal_Seam": "", "Weathering_Class": "Moderate", "Sample_ID": "GEVRA-006-S02", "Data_Type": "SYNTHETIC_DEMO", "Source_Provenance": "Synthetic borehole interval generated to match GeoVault demonstration corpus" }, "geometry": { "type": "Point", "coordinates": [ 82.542001, 22.185871 ] } },
{ "type": "Feature", "properties": { "Borehole_ID": "GEVRA-BH-006", "Mine_ID": "M-GEVRA", "Mine_Code": "GEVRA", "Mine_Name": "Gevra OCP", "Interval_No": 3, "From_Depth_m": 18.34, "To_Depth_m": 27.51, "Thickness_m": 9.17, "Lithology": "Interbedded Sandstone-Shale", "Stratigraphic_Unit": "Overburden", "Coal_Bearing": "NO", "Coal_Seam": "", "Weathering_Class": "Moderate", "Sample_ID": "GEVRA-006-S03", "Data_Type": "SYNTHETIC_DEMO", "Source_Provenance": "Synthetic borehole interval generated to match GeoVault demonstration corpus" }, "geometry": { "type": "Point", "coordinates": [ 82.542001, 22.185871 ] } },
{ "type": "Feature", "properties": { "Borehole_ID": "GEVRA-BH-006", "Mine_ID": "M-GEVRA", "Mine_Code": "GEVRA", "Mine_Name": "Gevra OCP", "Interval_No": 4, "From_Depth_m": 27.51, "To_Depth_m": 36.68, "Thickness_m": 9.17, "Lithology": "Carbonaceous Shale", "Stratigraphic_Unit": "Underlying sedimentary sequence", "Coal_Bearing": "NO", "Coal_Seam": "", "Weathering_Class": "Fresh", "Sample_ID": "GEVRA-006-S04", "Data_Type": "SYNTHETIC_DEMO", "Source_Provenance": "Synthetic borehole interval generated to match GeoVault demonstration corpus" }, "geometry": { "type": "Point", "coordinates": [ 82.542001, 22.185871 ] } },
{ "type": "Feature", "properties": { "Borehole_ID": "GEVRA-BH-006", "Mine_ID": "M-GEVRA", "Mine_Code": "GEVRA", "Mine_Name": "Gevra OCP", "Interval_No": 5, "From_Depth_m": 36.68, "To_Depth_m": 45.85, "Thickness_m": 9.17, "Lithology": "Coal", "Stratigraphic_Unit": "Underlying sedimentary sequence", "Coal_Bearing": "YES", "Coal_Seam": "GV-GEV-S3", "Weathering_Class": "Fresh", "Sample_ID": "GEVRA-006-S05", "Data_Type": "SYNTHETIC_DEMO", "Source_Provenance": "Synthetic borehole interval generated to match GeoVault demonstration corpus" }, "geometry": { "type": "Point", "coordinates": [ 82.542001, 22.185871 ] } },
{ "type": "Feature", "properties": { "Borehole_ID": "GEVRA-BH-006", "Mine_ID": "M-GEVRA", "Mine_Code": "GEVRA", "Mine_Name": "Gevra OCP", "Interval_No": 6, "From_Depth_m": 45.85, "To_Depth_m": 55.02, "Thickness_m": 9.17, "Lithology": "Interbedded Sandstone-Shale", "Stratigraphic_Unit": "Coal-bearing sequence", "Coal_Bearing": "NO", "Coal_Seam": "", "Weathering_Class": "Fresh", "Sample_ID": "GEVRA-006-S06", "Data_Type": "SYNTHETIC_DEMO", "Source_Provenance": "Synthetic borehole interval generated to match GeoVault demonstration corpus" }, "geometry": { "type": "Point", "coordinates": [ 82.542001, 22.185871 ] } },
{ "type": "Feature", "properties": { "Borehole_ID": "GEVRA-BH-006", "Mine_ID": "M-GEVRA", "Mine_Code": "GEVRA", "Mine_Name": "Gevra OCP", "Interval_No": 7, "From_Depth_m": 55.02, "To_Depth_m": 64.19, "Thickness_m": 9.17, "Lithology": "Interbedded Sandstone-Shale", "Stratigraphic_Unit": "Overburden", "Coal_Bearing": "NO", "Coal_Seam": "", "Weathering_Class": "Fresh", "Sample_ID": "GEVRA-006-S07", "Data_Type": "SYNTHETIC_DEMO", "Source_Provenance": "Synthetic borehole interval generated to match GeoVault demonstration corpus" }, "geometry": { "type": "Point", "coordinates": [ 82.542001, 22.185871 ] } },
{ "type": "Feature", "properties": { "Borehole_ID": "GEVRA-BH-006", "Mine_ID": "M-GEVRA", "Mine_Code": "GEVRA", "Mine_Name": "Gevra OCP", "Interval_No": 8, "From_Depth_m": 64.19, "To_Depth_m": 73.36, "Thickness_m": 9.17, "Lithology": "Sandstone", "Stratigraphic_Unit": "Coal-bearing sequence", "Coal_Bearing": "NO", "Coal_Seam": "", "Weathering_Class": "Fresh", "Sample_ID": "GEVRA-006-S08", "Data_Type": "SYNTHETIC_DEMO", "Source_Provenance": "Synthetic borehole interval generated to match GeoVault demonstration corpus" }, "geometry": { "type": "Point", "coordinates": [ 82.542001, 22.185871 ] } },
{ "type": "Feature", "properties": { "Borehole_ID": "GEVRA-BH-006", "Mine_ID": "M-GEVRA", "Mine_Code": "GEVRA", "Mine_Name": "Gevra OCP", "Interval_No": 9, "From_Depth_m": 73.36, "To_Depth_m": 82.53, "Thickness_m": 9.17, "Lithology": "Siltstone", "Stratigraphic_Unit": "Overburden", "Coal_Bearing": "NO", "Coal_Seam": "", "Weathering_Class": "Fresh", "Sample_ID": "GEVRA-006-S09", "Data_Type": "SYNTHETIC_DEMO", "Source_Provenance": "Synthetic borehole interval generated to match GeoVault demonstration corpus" }, "geometry": { "type": "Point", "coordinates": [ 82.542001, 22.185871 ] } },
{ "type": "Feature", "properties": { "Borehole_ID": "GEVRA-BH-006", "Mine_ID": "M-GEVRA", "Mine_Code": "GEVRA", "Mine_Name": "Gevra OCP", "Interval_No": 10, "From_Depth_m": 82.53, "To_Depth_m": 91.7, "Thickness_m": 9.17, "Lithology": "Siltstone", "Stratigraphic_Unit": "Underlying sedimentary sequence", "Coal_Bearing": "NO", "Coal_Seam": "", "Weathering_Class": "Fresh", "Sample_ID": "GEVRA-006-S10", "Data_Type": "SYNTHETIC_DEMO", "Source_Provenance": "Synthetic borehole interval generated to match GeoVault demonstration corpus" }, "geometry": { "type": "Point", "coordinates": [ 82.542001, 22.185871 ] } },
{ "type": "Feature", "properties": { "Borehole_ID": "GEVRA-BH-007", "Mine_ID": "M-GEVRA", "Mine_Code": "GEVRA", "Mine_Name": "Gevra OCP", "Interval_No": 1, "From_Depth_m": 0.0, "To_Depth_m": 17.18, "Thickness_m": 17.18, "Lithology": "Shale", "Stratigraphic_Unit": "Underlying sedimentary sequence", "Coal_Bearing": "NO", "Coal_Seam": "", "Weathering_Class": "Slight", "Sample_ID": "GEVRA-007-S01", "Data_Type": "SYNTHETIC_DEMO", "Source_Provenance": "Synthetic borehole interval generated to match GeoVault demonstration corpus" }, "geometry": { "type": "Point", "coordinates": [ 82.548137, 22.199874 ] } },
{ "type": "Feature", "properties": { "Borehole_ID": "GEVRA-BH-007", "Mine_ID": "M-GEVRA", "Mine_Code": "GEVRA", "Mine_Name": "Gevra OCP", "Interval_No": 2, "From_Depth_m": 17.18, "To_Depth_m": 34.36, "Thickness_m": 17.18, "Lithology": "Siltstone", "Stratigraphic_Unit": "Barakar-equivalent demo unit", "Coal_Bearing": "NO", "Coal_Seam": "", "Weathering_Class": "Slight", "Sample_ID": "GEVRA-007-S02", "Data_Type": "SYNTHETIC_DEMO", "Source_Provenance": "Synthetic borehole interval generated to match GeoVault demonstration corpus" }, "geometry": { "type": "Point", "coordinates": [ 82.548137, 22.199874 ] } },
{ "type": "Feature", "properties": { "Borehole_ID": "GEVRA-BH-007", "Mine_ID": "M-GEVRA", "Mine_Code": "GEVRA", "Mine_Name": "Gevra OCP", "Interval_No": 3, "From_Depth_m": 34.36, "To_Depth_m": 51.54, "Thickness_m": 17.18, "Lithology": "Siltstone", "Stratigraphic_Unit": "Barakar-equivalent demo unit", "Coal_Bearing": "NO", "Coal_Seam": "", "Weathering_Class": "Fresh", "Sample_ID": "GEVRA-007-S03", "Data_Type": "SYNTHETIC_DEMO", "Source_Provenance": "Synthetic borehole interval generated to match GeoVault demonstration corpus" }, "geometry": { "type": "Point", "coordinates": [ 82.548137, 22.199874 ] } },
{ "type": "Feature", "properties": { "Borehole_ID": "GEVRA-BH-007", "Mine_ID": "M-GEVRA", "Mine_Code": "GEVRA", "Mine_Name": "Gevra OCP", "Interval_No": 4, "From_Depth_m": 51.54, "To_Depth_m": 68.72, "Thickness_m": 17.18, "Lithology": "Shale", "Stratigraphic_Unit": "Coal-bearing sequence", "Coal_Bearing": "NO", "Coal_Seam": "", "Weathering_Class": "Fresh", "Sample_ID": "GEVRA-007-S04", "Data_Type": "SYNTHETIC_DEMO", "Source_Provenance": "Synthetic borehole interval generated to match GeoVault demonstration corpus" }, "geometry": { "type": "Point", "coordinates": [ 82.548137, 22.199874 ] } },
{ "type": "Feature", "properties": { "Borehole_ID": "GEVRA-BH-007", "Mine_ID": "M-GEVRA", "Mine_Code": "GEVRA", "Mine_Name": "Gevra OCP", "Interval_No": 5, "From_Depth_m": 68.72, "To_Depth_m": 85.9, "Thickness_m": 17.18, "Lithology": "Carbonaceous Shale", "Stratigraphic_Unit": "Barakar-equivalent demo unit", "Coal_Bearing": "NO", "Coal_Seam": "", "Weathering_Class": "Fresh", "Sample_ID": "GEVRA-007-S05", "Data_Type": "SYNTHETIC_DEMO", "Source_Provenance": "Synthetic borehole interval generated to match GeoVault demonstration corpus" }, "geometry": { "type": "Point", "coordinates": [ 82.548137, 22.199874 ] } },
{ "type": "Feature", "properties": { "Borehole_ID": "GEVRA-BH-007", "Mine_ID": "M-GEVRA", "Mine_Code": "GEVRA", "Mine_Name": "Gevra OCP", "Interval_No": 6, "From_Depth_m": 85.9, "To_Depth_m": 103.08, "Thickness_m": 17.18, "Lithology": "Coal", "Stratigraphic_Unit": "Overburden", "Coal_Bearing": "YES", "Coal_Seam": "GV-GEV-S1", "Weathering_Class": "Fresh", "Sample_ID": "GEVRA-007-S06", "Data_Type": "SYNTHETIC_DEMO", "Source_Provenance": "Synthetic borehole interval generated to match GeoVault demonstration corpus" }, "geometry": { "type": "Point", "coordinates": [ 82.548137, 22.199874 ] } },
{ "type": "Feature", "properties": { "Borehole_ID": "GEVRA-BH-007", "Mine_ID": "M-GEVRA", "Mine_Code": "GEVRA", "Mine_Name": "Gevra OCP", "Interval_No": 7, "From_Depth_m": 103.08, "To_Depth_m": 120.26, "Thickness_m": 17.18, "Lithology": "Interbedded Sandstone-Shale", "Stratigraphic_Unit": "Coal-bearing sequence", "Coal_Bearing": "NO", "Coal_Seam": "", "Weathering_Class": "Fresh", "Sample_ID": "GEVRA-007-S07", "Data_Type": "SYNTHETIC_DEMO", "Source_Provenance": "Synthetic borehole interval generated to match GeoVault demonstration corpus" }, "geometry": { "type": "Point", "coordinates": [ 82.548137, 22.199874 ] } },
{ "type": "Feature", "properties": { "Borehole_ID": "GEVRA-BH-007", "Mine_ID": "M-GEVRA", "Mine_Code": "GEVRA", "Mine_Name": "Gevra OCP", "Interval_No": 8, "From_Depth_m": 120.26, "To_Depth_m": 137.44, "Thickness_m": 17.18, "Lithology": "Mudstone", "Stratigraphic_Unit": "Overburden", "Coal_Bearing": "NO", "Coal_Seam": "", "Weathering_Class": "Fresh", "Sample_ID": "GEVRA-007-S08", "Data_Type": "SYNTHETIC_DEMO", "Source_Provenance": "Synthetic borehole interval generated to match GeoVault demonstration corpus" }, "geometry": { "type": "Point", "coordinates": [ 82.548137, 22.199874 ] } },
{ "type": "Feature", "properties": { "Borehole_ID": "GEVRA-BH-007", "Mine_ID": "M-GEVRA", "Mine_Code": "GEVRA", "Mine_Name": "Gevra OCP", "Interval_No": 9, "From_Depth_m": 137.44, "To_Depth_m": 154.62, "Thickness_m": 17.18, "Lithology": "Sandstone", "Stratigraphic_Unit": "Coal-bearing sequence", "Coal_Bearing": "NO", "Coal_Seam": "", "Weathering_Class": "Fresh", "Sample_ID": "GEVRA-007-S09", "Data_Type": "SYNTHETIC_DEMO", "Source_Provenance": "Synthetic borehole interval generated to match GeoVault demonstration corpus" }, "geometry": { "type": "Point", "coordinates": [ 82.548137, 22.199874 ] } },
{ "type": "Feature", "properties": { "Borehole_ID": "GEVRA-BH-007", "Mine_ID": "M-GEVRA", "Mine_Code": "GEVRA", "Mine_Name": "Gevra OCP", "Interval_No": 10, "From_Depth_m": 154.62, "To_Depth_m": 171.8, "Thickness_m": 17.18, "Lithology": "Siltstone", "Stratigraphic_Unit": "Barakar-equivalent demo unit", "Coal_Bearing": "NO", "Coal_Seam": "", "Weathering_Class": "Fresh", "Sample_ID": "GEVRA-007-S10", "Data_Type": "SYNTHETIC_DEMO", "Source_Provenance": "Synthetic borehole interval generated to match GeoVault demonstration corpus" }, "geometry": { "type": "Point", "coordinates": [ 82.548137, 22.199874 ] } },
{ "type": "Feature", "properties": { "Borehole_ID": "GEVRA-BH-008", "Mine_ID": "M-GEVRA", "Mine_Code": "GEVRA", "Mine_Name": "Gevra OCP", "Interval_No": 1, "From_Depth_m": 0.0, "To_Depth_m": 12.33, "Thickness_m": 12.33, "Lithology": "Sandstone", "Stratigraphic_Unit": "Barakar-equivalent demo unit", "Coal_Bearing": "NO", "Coal_Seam": "", "Weathering_Class": "Slight", "Sample_ID": "GEVRA-008-S01", "Data_Type": "SYNTHETIC_DEMO", "Source_Provenance": "Synthetic borehole interval generated to match GeoVault demonstration corpus" }, "geometry": { "type": "Point", "coordinates": [ 82.519846, 22.20379 ] } },
{ "type": "Feature", "properties": { "Borehole_ID": "GEVRA-BH-008", "Mine_ID": "M-GEVRA", "Mine_Code": "GEVRA", "Mine_Name": "Gevra OCP", "Interval_No": 2, "From_Depth_m": 12.33, "To_Depth_m": 24.66, "Thickness_m": 12.33, "Lithology": "Sandstone", "Stratigraphic_Unit": "Underlying sedimentary sequence", "Coal_Bearing": "NO", "Coal_Seam": "", "Weathering_Class": "Slight", "Sample_ID": "GEVRA-008-S02", "Data_Type": "SYNTHETIC_DEMO", "Source_Provenance": "Synthetic borehole interval generated to match GeoVault demonstration corpus" }, "geometry": { "type": "Point", "coordinates": [ 82.519846, 22.20379 ] } },
{ "type": "Feature", "properties": { "Borehole_ID": "GEVRA-BH-008", "Mine_ID": "M-GEVRA", "Mine_Code": "GEVRA", "Mine_Name": "Gevra OCP", "Interval_No": 3, "From_Depth_m": 24.66, "To_Depth_m": 36.99, "Thickness_m": 12.33, "Lithology": "Interbedded Sandstone-Shale", "Stratigraphic_Unit": "Barakar-equivalent demo unit", "Coal_Bearing": "NO", "Coal_Seam": "", "Weathering_Class": "Slight", "Sample_ID": "GEVRA-008-S03", "Data_Type": "SYNTHETIC_DEMO", "Source_Provenance": "Synthetic borehole interval generated to match GeoVault demonstration corpus" }, "geometry": { "type": "Point", "coordinates": [ 82.519846, 22.20379 ] } },
{ "type": "Feature", "properties": { "Borehole_ID": "GEVRA-BH-008", "Mine_ID": "M-GEVRA", "Mine_Code": "GEVRA", "Mine_Name": "Gevra OCP", "Interval_No": 4, "From_Depth_m": 36.99, "To_Depth_m": 49.32, "Thickness_m": 12.33, "Lithology": "Mudstone", "Stratigraphic_Unit": "Barakar-equivalent demo unit", "Coal_Bearing": "NO", "Coal_Seam": "", "Weathering_Class": "Fresh", "Sample_ID": "GEVRA-008-S04", "Data_Type": "SYNTHETIC_DEMO", "Source_Provenance": "Synthetic borehole interval generated to match GeoVault demonstration corpus" }, "geometry": { "type": "Point", "coordinates": [ 82.519846, 22.20379 ] } },
{ "type": "Feature", "properties": { "Borehole_ID": "GEVRA-BH-008", "Mine_ID": "M-GEVRA", "Mine_Code": "GEVRA", "Mine_Name": "Gevra OCP", "Interval_No": 5, "From_Depth_m": 49.32, "To_Depth_m": 61.65, "Thickness_m": 12.33, "Lithology": "Carbonaceous Shale", "Stratigraphic_Unit": "Coal-bearing sequence", "Coal_Bearing": "NO", "Coal_Seam": "", "Weathering_Class": "Fresh", "Sample_ID": "GEVRA-008-S05", "Data_Type": "SYNTHETIC_DEMO", "Source_Provenance": "Synthetic borehole interval generated to match GeoVault demonstration corpus" }, "geometry": { "type": "Point", "coordinates": [ 82.519846, 22.20379 ] } },
{ "type": "Feature", "properties": { "Borehole_ID": "GEVRA-BH-008", "Mine_ID": "M-GEVRA", "Mine_Code": "GEVRA", "Mine_Name": "Gevra OCP", "Interval_No": 6, "From_Depth_m": 61.65, "To_Depth_m": 73.98, "Thickness_m": 12.33, "Lithology": "Coal", "Stratigraphic_Unit": "Underlying sedimentary sequence", "Coal_Bearing": "YES", "Coal_Seam": "GV-GEV-S2", "Weathering_Class": "Fresh", "Sample_ID": "GEVRA-008-S06", "Data_Type": "SYNTHETIC_DEMO", "Source_Provenance": "Synthetic borehole interval generated to match GeoVault demonstration corpus" }, "geometry": { "type": "Point", "coordinates": [ 82.519846, 22.20379 ] } },
{ "type": "Feature", "properties": { "Borehole_ID": "GEVRA-BH-008", "Mine_ID": "M-GEVRA", "Mine_Code": "GEVRA", "Mine_Name": "Gevra OCP", "Interval_No": 7, "From_Depth_m": 73.98, "To_Depth_m": 86.31, "Thickness_m": 12.33, "Lithology": "Shale", "Stratigraphic_Unit": "Barakar-equivalent demo unit", "Coal_Bearing": "NO", "Coal_Seam": "", "Weathering_Class": "Fresh", "Sample_ID": "GEVRA-008-S07", "Data_Type": "SYNTHETIC_DEMO", "Source_Provenance": "Synthetic borehole interval generated to match GeoVault demonstration corpus" }, "geometry": { "type": "Point", "coordinates": [ 82.519846, 22.20379 ] } },
{ "type": "Feature", "properties": { "Borehole_ID": "GEVRA-BH-008", "Mine_ID": "M-GEVRA", "Mine_Code": "GEVRA", "Mine_Name": "Gevra OCP", "Interval_No": 8, "From_Depth_m": 86.31, "To_Depth_m": 98.64, "Thickness_m": 12.33, "Lithology": "Siltstone", "Stratigraphic_Unit": "Underlying sedimentary sequence", "Coal_Bearing": "NO", "Coal_Seam": "", "Weathering_Class": "Fresh", "Sample_ID": "GEVRA-008-S08", "Data_Type": "SYNTHETIC_DEMO", "Source_Provenance": "Synthetic borehole interval generated to match GeoVault demonstration corpus" }, "geometry": { "type": "Point", "coordinates": [ 82.519846, 22.20379 ] } },
{ "type": "Feature", "properties": { "Borehole_ID": "GEVRA-BH-008", "Mine_ID": "M-GEVRA", "Mine_Code": "GEVRA", "Mine_Name": "Gevra OCP", "Interval_No": 9, "From_Depth_m": 98.64, "To_Depth_m": 110.97, "Thickness_m": 12.33, "Lithology": "Siltstone", "Stratigraphic_Unit": "Underlying sedimentary sequence", "Coal_Bearing": "NO", "Coal_Seam": "", "Weathering_Class": "Fresh", "Sample_ID": "GEVRA-008-S09", "Data_Type": "SYNTHETIC_DEMO", "Source_Provenance": "Synthetic borehole interval generated to match GeoVault demonstration corpus" }, "geometry": { "type": "Point", "coordinates": [ 82.519846, 22.20379 ] } },
{ "type": "Feature", "properties": { "Borehole_ID": "GEVRA-BH-008", "Mine_ID": "M-GEVRA", "Mine_Code": "GEVRA", "Mine_Name": "Gevra OCP", "Interval_No": 10, "From_Depth_m": 110.97, "To_Depth_m": 123.3, "Thickness_m": 12.33, "Lithology": "Interbedded Sandstone-Shale", "Stratigraphic_Unit": "Underlying sedimentary sequence", "Coal_Bearing": "NO", "Coal_Seam": "", "Weathering_Class": "Fresh", "Sample_ID": "GEVRA-008-S10", "Data_Type": "SYNTHETIC_DEMO", "Source_Provenance": "Synthetic borehole interval generated to match GeoVault demonstration corpus" }, "geometry": { "type": "Point", "coordinates": [ 82.519846, 22.20379 ] } },
{ "type": "Feature", "properties": { "Borehole_ID": "GEVRA-BH-009", "Mine_ID": "M-GEVRA", "Mine_Code": "GEVRA", "Mine_Name": "Gevra OCP", "Interval_No": 1, "From_Depth_m": 0.0, "To_Depth_m": 17.65, "Thickness_m": 17.65, "Lithology": "Sandstone", "Stratigraphic_Unit": "Barakar-equivalent demo unit", "Coal_Bearing": "NO", "Coal_Seam": "", "Weathering_Class": "Slight", "Sample_ID": "GEVRA-009-S01", "Data_Type": "SYNTHETIC_DEMO", "Source_Provenance": "Synthetic borehole interval generated to match GeoVault demonstration corpus" }, "geometry": { "type": "Point", "coordinates": [ 82.512199, 22.2236 ] } },
{ "type": "Feature", "properties": { "Borehole_ID": "GEVRA-BH-009", "Mine_ID": "M-GEVRA", "Mine_Code": "GEVRA", "Mine_Name": "Gevra OCP", "Interval_No": 2, "From_Depth_m": 17.65, "To_Depth_m": 35.3, "Thickness_m": 17.65, "Lithology": "Sandstone", "Stratigraphic_Unit": "Coal-bearing sequence", "Coal_Bearing": "NO", "Coal_Seam": "", "Weathering_Class": "Slight", "Sample_ID": "GEVRA-009-S02", "Data_Type": "SYNTHETIC_DEMO", "Source_Provenance": "Synthetic borehole interval generated to match GeoVault demonstration corpus" }, "geometry": { "type": "Point", "coordinates": [ 82.512199, 22.2236 ] } },
{ "type": "Feature", "properties": { "Borehole_ID": "GEVRA-BH-009", "Mine_ID": "M-GEVRA", "Mine_Code": "GEVRA", "Mine_Name": "Gevra OCP", "Interval_No": 3, "From_Depth_m": 35.3, "To_Depth_m": 52.95, "Thickness_m": 17.65, "Lithology": "Interbedded Sandstone-Shale", "Stratigraphic_Unit": "Barakar-equivalent demo unit", "Coal_Bearing": "NO", "Coal_Seam": "", "Weathering_Class": "Fresh", "Sample_ID": "GEVRA-009-S03", "Data_Type": "SYNTHETIC_DEMO", "Source_Provenance": "Synthetic borehole interval generated to match GeoVault demonstration corpus" }, "geometry": { "type": "Point", "coordinates": [ 82.512199, 22.2236 ] } },
{ "type": "Feature", "properties": { "Borehole_ID": "GEVRA-BH-009", "Mine_ID": "M-GEVRA", "Mine_Code": "GEVRA", "Mine_Name": "Gevra OCP", "Interval_No": 4, "From_Depth_m": 52.95, "To_Depth_m": 70.6, "Thickness_m": 17.65, "Lithology": "Interbedded Sandstone-Shale", "Stratigraphic_Unit": "Barakar-equivalent demo unit", "Coal_Bearing": "NO", "Coal_Seam": "", "Weathering_Class": "Fresh", "Sample_ID": "GEVRA-009-S04", "Data_Type": "SYNTHETIC_DEMO", "Source_Provenance": "Synthetic borehole interval generated to match GeoVault demonstration corpus" }, "geometry": { "type": "Point", "coordinates": [ 82.512199, 22.2236 ] } },
{ "type": "Feature", "properties": { "Borehole_ID": "GEVRA-BH-009", "Mine_ID": "M-GEVRA", "Mine_Code": "GEVRA", "Mine_Name": "Gevra OCP", "Interval_No": 5, "From_Depth_m": 70.6, "To_Depth_m": 88.25, "Thickness_m": 17.65, "Lithology": "Carbonaceous Shale", "Stratigraphic_Unit": "Overburden", "Coal_Bearing": "NO", "Coal_Seam": "", "Weathering_Class": "Fresh", "Sample_ID": "GEVRA-009-S05", "Data_Type": "SYNTHETIC_DEMO", "Source_Provenance": "Synthetic borehole interval generated to match GeoVault demonstration corpus" }, "geometry": { "type": "Point", "coordinates": [ 82.512199, 22.2236 ] } },
{ "type": "Feature", "properties": { "Borehole_ID": "GEVRA-BH-009", "Mine_ID": "M-GEVRA", "Mine_Code": "GEVRA", "Mine_Name": "Gevra OCP", "Interval_No": 6, "From_Depth_m": 88.25, "To_Depth_m": 105.9, "Thickness_m": 17.65, "Lithology": "Coal", "Stratigraphic_Unit": "Overburden", "Coal_Bearing": "YES", "Coal_Seam": "GV-GEV-S4", "Weathering_Class": "Fresh", "Sample_ID": "GEVRA-009-S06", "Data_Type": "SYNTHETIC_DEMO", "Source_Provenance": "Synthetic borehole interval generated to match GeoVault demonstration corpus" }, "geometry": { "type": "Point", "coordinates": [ 82.512199, 22.2236 ] } },
{ "type": "Feature", "properties": { "Borehole_ID": "GEVRA-BH-009", "Mine_ID": "M-GEVRA", "Mine_Code": "GEVRA", "Mine_Name": "Gevra OCP", "Interval_No": 7, "From_Depth_m": 105.9, "To_Depth_m": 123.55, "Thickness_m": 17.65, "Lithology": "Sandstone", "Stratigraphic_Unit": "Barakar-equivalent demo unit", "Coal_Bearing": "NO", "Coal_Seam": "", "Weathering_Class": "Fresh", "Sample_ID": "GEVRA-009-S07", "Data_Type": "SYNTHETIC_DEMO", "Source_Provenance": "Synthetic borehole interval generated to match GeoVault demonstration corpus" }, "geometry": { "type": "Point", "coordinates": [ 82.512199, 22.2236 ] } },
{ "type": "Feature", "properties": { "Borehole_ID": "GEVRA-BH-009", "Mine_ID": "M-GEVRA", "Mine_Code": "GEVRA", "Mine_Name": "Gevra OCP", "Interval_No": 8, "From_Depth_m": 123.55, "To_Depth_m": 141.2, "Thickness_m": 17.65, "Lithology": "Sandstone", "Stratigraphic_Unit": "Overburden", "Coal_Bearing": "NO", "Coal_Seam": "", "Weathering_Class": "Fresh", "Sample_ID": "GEVRA-009-S08", "Data_Type": "SYNTHETIC_DEMO", "Source_Provenance": "Synthetic borehole interval generated to match GeoVault demonstration corpus" }, "geometry": { "type": "Point", "coordinates": [ 82.512199, 22.2236 ] } },
{ "type": "Feature", "properties": { "Borehole_ID": "GEVRA-BH-009", "Mine_ID": "M-GEVRA", "Mine_Code": "GEVRA", "Mine_Name": "Gevra OCP", "Interval_No": 9, "From_Depth_m": 141.2, "To_Depth_m": 158.85, "Thickness_m": 17.65, "Lithology": "Siltstone", "Stratigraphic_Unit": "Overburden", "Coal_Bearing": "NO", "Coal_Seam": "", "Weathering_Class": "Fresh", "Sample_ID": "GEVRA-009-S09", "Data_Type": "SYNTHETIC_DEMO", "Source_Provenance": "Synthetic borehole interval generated to match GeoVault demonstration corpus" }, "geometry": { "type": "Point", "coordinates": [ 82.512199, 22.2236 ] } },
{ "type": "Feature", "properties": { "Borehole_ID": "GEVRA-BH-009", "Mine_ID": "M-GEVRA", "Mine_Code": "GEVRA", "Mine_Name": "Gevra OCP", "Interval_No": 10, "From_Depth_m": 158.85, "To_Depth_m": 176.5, "Thickness_m": 17.65, "Lithology": "Interbedded Sandstone-Shale", "Stratigraphic_Unit": "Barakar-equivalent demo unit", "Coal_Bearing": "NO", "Coal_Seam": "", "Weathering_Class": "Fresh", "Sample_ID": "GEVRA-009-S10", "Data_Type": "SYNTHETIC_DEMO", "Source_Provenance": "Synthetic borehole interval generated to match GeoVault demonstration corpus" }, "geometry": { "type": "Point", "coordinates": [ 82.512199, 22.2236 ] } },
{ "type": "Feature", "properties": { "Borehole_ID": "GEVRA-BH-010", "Mine_ID": "M-GEVRA", "Mine_Code": "GEVRA", "Mine_Name": "Gevra OCP", "Interval_No": 1, "From_Depth_m": 0.0, "To_Depth_m": 9.11, "Thickness_m": 9.11, "Lithology": "Siltstone", "Stratigraphic_Unit": "Underlying sedimentary sequence", "Coal_Bearing": "NO", "Coal_Seam": "", "Weathering_Class": "Slight", "Sample_ID": "GEVRA-010-S01", "Data_Type": "SYNTHETIC_DEMO", "Source_Provenance": "Synthetic borehole interval generated to match GeoVault demonstration corpus" }, "geometry": { "type": "Point", "coordinates": [ 82.505502, 22.193651 ] } },
{ "type": "Feature", "properties": { "Borehole_ID": "GEVRA-BH-010", "Mine_ID": "M-GEVRA", "Mine_Code": "GEVRA", "Mine_Name": "Gevra OCP", "Interval_No": 2, "From_Depth_m": 9.11, "To_Depth_m": 18.22, "Thickness_m": 9.11, "Lithology": "Interbedded Sandstone-Shale", "Stratigraphic_Unit": "Barakar-equivalent demo unit", "Coal_Bearing": "NO", "Coal_Seam": "", "Weathering_Class": "Moderate", "Sample_ID": "GEVRA-010-S02", "Data_Type": "SYNTHETIC_DEMO", "Source_Provenance": "Synthetic borehole interval generated to match GeoVault demonstration corpus" }, "geometry": { "type": "Point", "coordinates": [ 82.505502, 22.193651 ] } },
{ "type": "Feature", "properties": { "Borehole_ID": "GEVRA-BH-010", "Mine_ID": "M-GEVRA", "Mine_Code": "GEVRA", "Mine_Name": "Gevra OCP", "Interval_No": 3, "From_Depth_m": 18.22, "To_Depth_m": 27.33, "Thickness_m": 9.11, "Lithology": "Shale", "Stratigraphic_Unit": "Underlying sedimentary sequence", "Coal_Bearing": "NO", "Coal_Seam": "", "Weathering_Class": "Moderate", "Sample_ID": "GEVRA-010-S03", "Data_Type": "SYNTHETIC_DEMO", "Source_Provenance": "Synthetic borehole interval generated to match GeoVault demonstration corpus" }, "geometry": { "type": "Point", "coordinates": [ 82.505502, 22.193651 ] } },
{ "type": "Feature", "properties": { "Borehole_ID": "GEVRA-BH-010", "Mine_ID": "M-GEVRA", "Mine_Code": "GEVRA", "Mine_Name": "Gevra OCP", "Interval_No": 4, "From_Depth_m": 27.33, "To_Depth_m": 36.44, "Thickness_m": 9.11, "Lithology": "Shale", "Stratigraphic_Unit": "Overburden", "Coal_Bearing": "NO", "Coal_Seam": "", "Weathering_Class": "Fresh", "Sample_ID": "GEVRA-010-S04", "Data_Type": "SYNTHETIC_DEMO", "Source_Provenance": "Synthetic borehole interval generated to match GeoVault demonstration corpus" }, "geometry": { "type": "Point", "coordinates": [ 82.505502, 22.193651 ] } },
{ "type": "Feature", "properties": { "Borehole_ID": "GEVRA-BH-010", "Mine_ID": "M-GEVRA", "Mine_Code": "GEVRA", "Mine_Name": "Gevra OCP", "Interval_No": 5, "From_Depth_m": 36.44, "To_Depth_m": 45.55, "Thickness_m": 9.11, "Lithology": "Sandstone", "Stratigraphic_Unit": "Underlying sedimentary sequence", "Coal_Bearing": "NO", "Coal_Seam": "", "Weathering_Class": "Fresh", "Sample_ID": "GEVRA-010-S05", "Data_Type": "SYNTHETIC_DEMO", "Source_Provenance": "Synthetic borehole interval generated to match GeoVault demonstration corpus" }, "geometry": { "type": "Point", "coordinates": [ 82.505502, 22.193651 ] } },
{ "type": "Feature", "properties": { "Borehole_ID": "GEVRA-BH-010", "Mine_ID": "M-GEVRA", "Mine_Code": "GEVRA", "Mine_Name": "Gevra OCP", "Interval_No": 6, "From_Depth_m": 45.55, "To_Depth_m": 54.66, "Thickness_m": 9.11, "Lithology": "Siltstone", "Stratigraphic_Unit": "Underlying sedimentary sequence", "Coal_Bearing": "NO", "Coal_Seam": "", "Weathering_Class": "Fresh", "Sample_ID": "GEVRA-010-S06", "Data_Type": "SYNTHETIC_DEMO", "Source_Provenance": "Synthetic borehole interval generated to match GeoVault demonstration corpus" }, "geometry": { "type": "Point", "coordinates": [ 82.505502, 22.193651 ] } },
{ "type": "Feature", "properties": { "Borehole_ID": "GEVRA-BH-010", "Mine_ID": "M-GEVRA", "Mine_Code": "GEVRA", "Mine_Name": "Gevra OCP", "Interval_No": 7, "From_Depth_m": 54.66, "To_Depth_m": 63.77, "Thickness_m": 9.11, "Lithology": "Carbonaceous Shale", "Stratigraphic_Unit": "Underlying sedimentary sequence", "Coal_Bearing": "NO", "Coal_Seam": "", "Weathering_Class": "Fresh", "Sample_ID": "GEVRA-010-S07", "Data_Type": "SYNTHETIC_DEMO", "Source_Provenance": "Synthetic borehole interval generated to match GeoVault demonstration corpus" }, "geometry": { "type": "Point", "coordinates": [ 82.505502, 22.193651 ] } },
{ "type": "Feature", "properties": { "Borehole_ID": "GEVRA-BH-010", "Mine_ID": "M-GEVRA", "Mine_Code": "GEVRA", "Mine_Name": "Gevra OCP", "Interval_No": 8, "From_Depth_m": 63.77, "To_Depth_m": 72.88, "Thickness_m": 9.11, "Lithology": "Coal", "Stratigraphic_Unit": "Underlying sedimentary sequence", "Coal_Bearing": "YES", "Coal_Seam": "GV-GEV-S3", "Weathering_Class": "Fresh", "Sample_ID": "GEVRA-010-S08", "Data_Type": "SYNTHETIC_DEMO", "Source_Provenance": "Synthetic borehole interval generated to match GeoVault demonstration corpus" }, "geometry": { "type": "Point", "coordinates": [ 82.505502, 22.193651 ] } },
{ "type": "Feature", "properties": { "Borehole_ID": "GEVRA-BH-010", "Mine_ID": "M-GEVRA", "Mine_Code": "GEVRA", "Mine_Name": "Gevra OCP", "Interval_No": 9, "From_Depth_m": 72.88, "To_Depth_m": 81.99, "Thickness_m": 9.11, "Lithology": "Sandstone", "Stratigraphic_Unit": "Overburden", "Coal_Bearing": "NO", "Coal_Seam": "", "Weathering_Class": "Fresh", "Sample_ID": "GEVRA-010-S09", "Data_Type": "SYNTHETIC_DEMO", "Source_Provenance": "Synthetic borehole interval generated to match GeoVault demonstration corpus" }, "geometry": { "type": "Point", "coordinates": [ 82.505502, 22.193651 ] } },
{ "type": "Feature", "properties": { "Borehole_ID": "GEVRA-BH-010", "Mine_ID": "M-GEVRA", "Mine_Code": "GEVRA", "Mine_Name": "Gevra OCP", "Interval_No": 10, "From_Depth_m": 81.99, "To_Depth_m": 91.1, "Thickness_m": 9.11, "Lithology": "Sandstone", "Stratigraphic_Unit": "Underlying sedimentary sequence", "Coal_Bearing": "NO", "Coal_Seam": "", "Weathering_Class": "Fresh", "Sample_ID": "GEVRA-010-S10", "Data_Type": "SYNTHETIC_DEMO", "Source_Provenance": "Synthetic borehole interval generated to match GeoVault demonstration corpus" }, "geometry": { "type": "Point", "coordinates": [ 82.505502, 22.193651 ] } },
{ "type": "Feature", "properties": { "Borehole_ID": "GEVRA-BH-011", "Mine_ID": "M-GEVRA", "Mine_Code": "GEVRA", "Mine_Name": "Gevra OCP", "Interval_No": 1, "From_Depth_m": 0.0, "To_Depth_m": 18.82, "Thickness_m": 18.82, "Lithology": "Siltstone", "Stratigraphic_Unit": "Overburden", "Coal_Bearing": "NO", "Coal_Seam": "", "Weathering_Class": "Slight", "Sample_ID": "GEVRA-011-S01", "Data_Type": "SYNTHETIC_DEMO", "Source_Provenance": "Synthetic borehole interval generated to match GeoVault demonstration corpus" }, "geometry": { "type": "Point", "coordinates": [ 82.564841, 22.186619 ] } },
{ "type": "Feature", "properties": { "Borehole_ID": "GEVRA-BH-011", "Mine_ID": "M-GEVRA", "Mine_Code": "GEVRA", "Mine_Name": "Gevra OCP", "Interval_No": 2, "From_Depth_m": 18.82, "To_Depth_m": 37.64, "Thickness_m": 18.82, "Lithology": "Shale", "Stratigraphic_Unit": "Barakar-equivalent demo unit", "Coal_Bearing": "NO", "Coal_Seam": "", "Weathering_Class": "Moderate", "Sample_ID": "GEVRA-011-S02", "Data_Type": "SYNTHETIC_DEMO", "Source_Provenance": "Synthetic borehole interval generated to match GeoVault demonstration corpus" }, "geometry": { "type": "Point", "coordinates": [ 82.564841, 22.186619 ] } },
{ "type": "Feature", "properties": { "Borehole_ID": "GEVRA-BH-011", "Mine_ID": "M-GEVRA", "Mine_Code": "GEVRA", "Mine_Name": "Gevra OCP", "Interval_No": 3, "From_Depth_m": 37.64, "To_Depth_m": 56.46, "Thickness_m": 18.82, "Lithology": "Shale", "Stratigraphic_Unit": "Underlying sedimentary sequence", "Coal_Bearing": "NO", "Coal_Seam": "", "Weathering_Class": "Fresh", "Sample_ID": "GEVRA-011-S03", "Data_Type": "SYNTHETIC_DEMO", "Source_Provenance": "Synthetic borehole interval generated to match GeoVault demonstration corpus" }, "geometry": { "type": "Point", "coordinates": [ 82.564841, 22.186619 ] } },
{ "type": "Feature", "properties": { "Borehole_ID": "GEVRA-BH-011", "Mine_ID": "M-GEVRA", "Mine_Code": "GEVRA", "Mine_Name": "Gevra OCP", "Interval_No": 4, "From_Depth_m": 56.46, "To_Depth_m": 75.28, "Thickness_m": 18.82, "Lithology": "Shale", "Stratigraphic_Unit": "Coal-bearing sequence", "Coal_Bearing": "NO", "Coal_Seam": "", "Weathering_Class": "Fresh", "Sample_ID": "GEVRA-011-S04", "Data_Type": "SYNTHETIC_DEMO", "Source_Provenance": "Synthetic borehole interval generated to match GeoVault demonstration corpus" }, "geometry": { "type": "Point", "coordinates": [ 82.564841, 22.186619 ] } },
{ "type": "Feature", "properties": { "Borehole_ID": "GEVRA-BH-011", "Mine_ID": "M-GEVRA", "Mine_Code": "GEVRA", "Mine_Name": "Gevra OCP", "Interval_No": 5, "From_Depth_m": 75.28, "To_Depth_m": 94.1, "Thickness_m": 18.82, "Lithology": "Mudstone", "Stratigraphic_Unit": "Barakar-equivalent demo unit", "Coal_Bearing": "NO", "Coal_Seam": "", "Weathering_Class": "Fresh", "Sample_ID": "GEVRA-011-S05", "Data_Type": "SYNTHETIC_DEMO", "Source_Provenance": "Synthetic borehole interval generated to match GeoVault demonstration corpus" }, "geometry": { "type": "Point", "coordinates": [ 82.564841, 22.186619 ] } },
{ "type": "Feature", "properties": { "Borehole_ID": "GEVRA-BH-011", "Mine_ID": "M-GEVRA", "Mine_Code": "GEVRA", "Mine_Name": "Gevra OCP", "Interval_No": 6, "From_Depth_m": 94.1, "To_Depth_m": 112.92, "Thickness_m": 18.82, "Lithology": "Carbonaceous Shale", "Stratigraphic_Unit": "Overburden", "Coal_Bearing": "NO", "Coal_Seam": "", "Weathering_Class": "Fresh", "Sample_ID": "GEVRA-011-S06", "Data_Type": "SYNTHETIC_DEMO", "Source_Provenance": "Synthetic borehole interval generated to match GeoVault demonstration corpus" }, "geometry": { "type": "Point", "coordinates": [ 82.564841, 22.186619 ] } },
{ "type": "Feature", "properties": { "Borehole_ID": "GEVRA-BH-011", "Mine_ID": "M-GEVRA", "Mine_Code": "GEVRA", "Mine_Name": "Gevra OCP", "Interval_No": 7, "From_Depth_m": 112.92, "To_Depth_m": 131.74, "Thickness_m": 18.82, "Lithology": "Coal", "Stratigraphic_Unit": "Underlying sedimentary sequence", "Coal_Bearing": "YES", "Coal_Seam": "GV-GEV-S3", "Weathering_Class": "Fresh", "Sample_ID": "GEVRA-011-S07", "Data_Type": "SYNTHETIC_DEMO", "Source_Provenance": "Synthetic borehole interval generated to match GeoVault demonstration corpus" }, "geometry": { "type": "Point", "coordinates": [ 82.564841, 22.186619 ] } },
{ "type": "Feature", "properties": { "Borehole_ID": "GEVRA-BH-011", "Mine_ID": "M-GEVRA", "Mine_Code": "GEVRA", "Mine_Name": "Gevra OCP", "Interval_No": 8, "From_Depth_m": 131.74, "To_Depth_m": 150.56, "Thickness_m": 18.82, "Lithology": "Interbedded Sandstone-Shale", "Stratigraphic_Unit": "Overburden", "Coal_Bearing": "NO", "Coal_Seam": "", "Weathering_Class": "Fresh", "Sample_ID": "GEVRA-011-S08", "Data_Type": "SYNTHETIC_DEMO", "Source_Provenance": "Synthetic borehole interval generated to match GeoVault demonstration corpus" }, "geometry": { "type": "Point", "coordinates": [ 82.564841, 22.186619 ] } },
{ "type": "Feature", "properties": { "Borehole_ID": "GEVRA-BH-011", "Mine_ID": "M-GEVRA", "Mine_Code": "GEVRA", "Mine_Name": "Gevra OCP", "Interval_No": 9, "From_Depth_m": 150.56, "To_Depth_m": 169.38, "Thickness_m": 18.82, "Lithology": "Sandstone", "Stratigraphic_Unit": "Overburden", "Coal_Bearing": "NO", "Coal_Seam": "", "Weathering_Class": "Fresh", "Sample_ID": "GEVRA-011-S09", "Data_Type": "SYNTHETIC_DEMO", "Source_Provenance": "Synthetic borehole interval generated to match GeoVault demonstration corpus" }, "geometry": { "type": "Point", "coordinates": [ 82.564841, 22.186619 ] } },
{ "type": "Feature", "properties": { "Borehole_ID": "GEVRA-BH-011", "Mine_ID": "M-GEVRA", "Mine_Code": "GEVRA", "Mine_Name": "Gevra OCP", "Interval_No": 10, "From_Depth_m": 169.38, "To_Depth_m": 188.2, "Thickness_m": 18.82, "Lithology": "Sandstone", "Stratigraphic_Unit": "Barakar-equivalent demo unit", "Coal_Bearing": "NO", "Coal_Seam": "", "Weathering_Class": "Fresh", "Sample_ID": "GEVRA-011-S10", "Data_Type": "SYNTHETIC_DEMO", "Source_Provenance": "Synthetic borehole interval generated to match GeoVault demonstration corpus" }, "geometry": { "type": "Point", "coordinates": [ 82.564841, 22.186619 ] } },
{ "type": "Feature", "properties": { "Borehole_ID": "GEVRA-BH-012", "Mine_ID": "M-GEVRA", "Mine_Code": "GEVRA", "Mine_Name": "Gevra OCP", "Interval_No": 1, "From_Depth_m": 0.0, "To_Depth_m": 14.59, "Thickness_m": 14.59, "Lithology": "Shale", "Stratigraphic_Unit": "Underlying sedimentary sequence", "Coal_Bearing": "NO", "Coal_Seam": "", "Weathering_Class": "Moderate", "Sample_ID": "GEVRA-012-S01", "Data_Type": "SYNTHETIC_DEMO", "Source_Provenance": "Synthetic borehole interval generated to match GeoVault demonstration corpus" }, "geometry": { "type": "Point", "coordinates": [ 82.537631, 22.184868 ] } },
{ "type": "Feature", "properties": { "Borehole_ID": "GEVRA-BH-012", "Mine_ID": "M-GEVRA", "Mine_Code": "GEVRA", "Mine_Name": "Gevra OCP", "Interval_No": 2, "From_Depth_m": 14.59, "To_Depth_m": 29.18, "Thickness_m": 14.59, "Lithology": "Mudstone", "Stratigraphic_Unit": "Barakar-equivalent demo unit", "Coal_Bearing": "NO", "Coal_Seam": "", "Weathering_Class": "Moderate", "Sample_ID": "GEVRA-012-S02", "Data_Type": "SYNTHETIC_DEMO", "Source_Provenance": "Synthetic borehole interval generated to match GeoVault demonstration corpus" }, "geometry": { "type": "Point", "coordinates": [ 82.537631, 22.184868 ] } },
{ "type": "Feature", "properties": { "Borehole_ID": "GEVRA-BH-012", "Mine_ID": "M-GEVRA", "Mine_Code": "GEVRA", "Mine_Name": "Gevra OCP", "Interval_No": 3, "From_Depth_m": 29.18, "To_Depth_m": 43.77, "Thickness_m": 14.59, "Lithology": "Sandstone", "Stratigraphic_Unit": "Barakar-equivalent demo unit", "Coal_Bearing": "NO", "Coal_Seam": "", "Weathering_Class": "Fresh", "Sample_ID": "GEVRA-012-S03", "Data_Type": "SYNTHETIC_DEMO", "Source_Provenance": "Synthetic borehole interval generated to match GeoVault demonstration corpus" }, "geometry": { "type": "Point", "coordinates": [ 82.537631, 22.184868 ] } },
{ "type": "Feature", "properties": { "Borehole_ID": "GEVRA-BH-012", "Mine_ID": "M-GEVRA", "Mine_Code": "GEVRA", "Mine_Name": "Gevra OCP", "Interval_No": 4, "From_Depth_m": 43.77, "To_Depth_m": 58.36, "Thickness_m": 14.59, "Lithology": "Mudstone", "Stratigraphic_Unit": "Overburden", "Coal_Bearing": "NO", "Coal_Seam": "", "Weathering_Class": "Fresh", "Sample_ID": "GEVRA-012-S04", "Data_Type": "SYNTHETIC_DEMO", "Source_Provenance": "Synthetic borehole interval generated to match GeoVault demonstration corpus" }, "geometry": { "type": "Point", "coordinates": [ 82.537631, 22.184868 ] } },
{ "type": "Feature", "properties": { "Borehole_ID": "GEVRA-BH-012", "Mine_ID": "M-GEVRA", "Mine_Code": "GEVRA", "Mine_Name": "Gevra OCP", "Interval_No": 5, "From_Depth_m": 58.36, "To_Depth_m": 72.95, "Thickness_m": 14.59, "Lithology": "Carbonaceous Shale", "Stratigraphic_Unit": "Underlying sedimentary sequence", "Coal_Bearing": "NO", "Coal_Seam": "", "Weathering_Class": "Fresh", "Sample_ID": "GEVRA-012-S05", "Data_Type": "SYNTHETIC_DEMO", "Source_Provenance": "Synthetic borehole interval generated to match GeoVault demonstration corpus" }, "geometry": { "type": "Point", "coordinates": [ 82.537631, 22.184868 ] } },
{ "type": "Feature", "properties": { "Borehole_ID": "GEVRA-BH-012", "Mine_ID": "M-GEVRA", "Mine_Code": "GEVRA", "Mine_Name": "Gevra OCP", "Interval_No": 6, "From_Depth_m": 72.95, "To_Depth_m": 87.54, "Thickness_m": 14.59, "Lithology": "Coal", "Stratigraphic_Unit": "Coal-bearing sequence", "Coal_Bearing": "YES", "Coal_Seam": "GV-GEV-S1", "Weathering_Class": "Fresh", "Sample_ID": "GEVRA-012-S06", "Data_Type": "SYNTHETIC_DEMO", "Source_Provenance": "Synthetic borehole interval generated to match GeoVault demonstration corpus" }, "geometry": { "type": "Point", "coordinates": [ 82.537631, 22.184868 ] } },
{ "type": "Feature", "properties": { "Borehole_ID": "GEVRA-BH-012", "Mine_ID": "M-GEVRA", "Mine_Code": "GEVRA", "Mine_Name": "Gevra OCP", "Interval_No": 7, "From_Depth_m": 87.54, "To_Depth_m": 102.13, "Thickness_m": 14.59, "Lithology": "Mudstone", "Stratigraphic_Unit": "Coal-bearing sequence", "Coal_Bearing": "NO", "Coal_Seam": "", "Weathering_Class": "Fresh", "Sample_ID": "GEVRA-012-S07", "Data_Type": "SYNTHETIC_DEMO", "Source_Provenance": "Synthetic borehole interval generated to match GeoVault demonstration corpus" }, "geometry": { "type": "Point", "coordinates": [ 82.537631, 22.184868 ] } },
{ "type": "Feature", "properties": { "Borehole_ID": "GEVRA-BH-012", "Mine_ID": "M-GEVRA", "Mine_Code": "GEVRA", "Mine_Name": "Gevra OCP", "Interval_No": 8, "From_Depth_m": 102.13, "To_Depth_m": 116.72, "Thickness_m": 14.59, "Lithology": "Mudstone", "Stratigraphic_Unit": "Underlying sedimentary sequence", "Coal_Bearing": "NO", "Coal_Seam": "", "Weathering_Class": "Fresh", "Sample_ID": "GEVRA-012-S08", "Data_Type": "SYNTHETIC_DEMO", "Source_Provenance": "Synthetic borehole interval generated to match GeoVault demonstration corpus" }, "geometry": { "type": "Point", "coordinates": [ 82.537631, 22.184868 ] } },
{ "type": "Feature", "properties": { "Borehole_ID": "GEVRA-BH-012", "Mine_ID": "M-GEVRA", "Mine_Code": "GEVRA", "Mine_Name": "Gevra OCP", "Interval_No": 9, "From_Depth_m": 116.72, "To_Depth_m": 131.31, "Thickness_m": 14.59, "Lithology": "Shale", "Stratigraphic_Unit": "Barakar-equivalent demo unit", "Coal_Bearing": "NO", "Coal_Seam": "", "Weathering_Class": "Fresh", "Sample_ID": "GEVRA-012-S09", "Data_Type": "SYNTHETIC_DEMO", "Source_Provenance": "Synthetic borehole interval generated to match GeoVault demonstration corpus" }, "geometry": { "type": "Point", "coordinates": [ 82.537631, 22.184868 ] } },
{ "type": "Feature", "properties": { "Borehole_ID": "GEVRA-BH-012", "Mine_ID": "M-GEVRA", "Mine_Code": "GEVRA", "Mine_Name": "Gevra OCP", "Interval_No": 10, "From_Depth_m": 131.31, "To_Depth_m": 145.9, "Thickness_m": 14.59, "Lithology": "Siltstone", "Stratigraphic_Unit": "Barakar-equivalent demo unit", "Coal_Bearing": "NO", "Coal_Seam": "", "Weathering_Class": "Fresh", "Sample_ID": "GEVRA-012-S10", "Data_Type": "SYNTHETIC_DEMO", "Source_Provenance": "Synthetic borehole interval generated to match GeoVault demonstration corpus" }, "geometry": { "type": "Point", "coordinates": [ 82.537631, 22.184868 ] } },
{ "type": "Feature", "properties": { "Borehole_ID": "KUSMUNDA-BH-001", "Mine_ID": "M-KUSMUNDA", "Mine_Code": "KUSMUNDA", "Mine_Name": "Kusmunda OCP", "Interval_No": 1, "From_Depth_m": 0.0, "To_Depth_m": 22.04, "Thickness_m": 22.04, "Lithology": "Shale", "Stratigraphic_Unit": "Underlying sedimentary sequence", "Coal_Bearing": "NO", "Coal_Seam": "", "Weathering_Class": "Moderate", "Sample_ID": "KUSMUNDA-001-S01", "Data_Type": "SYNTHETIC_DEMO", "Source_Provenance": "Synthetic borehole interval generated to match GeoVault demonstration corpus" }, "geometry": { "type": "Point", "coordinates": [ 82.688577, 22.291377 ] } },
{ "type": "Feature", "properties": { "Borehole_ID": "KUSMUNDA-BH-001", "Mine_ID": "M-KUSMUNDA", "Mine_Code": "KUSMUNDA", "Mine_Name": "Kusmunda OCP", "Interval_No": 2, "From_Depth_m": 22.04, "To_Depth_m": 44.08, "Thickness_m": 22.04, "Lithology": "Interbedded Sandstone-Shale", "Stratigraphic_Unit": "Overburden", "Coal_Bearing": "NO", "Coal_Seam": "", "Weathering_Class": "Slight", "Sample_ID": "KUSMUNDA-001-S02", "Data_Type": "SYNTHETIC_DEMO", "Source_Provenance": "Synthetic borehole interval generated to match GeoVault demonstration corpus" }, "geometry": { "type": "Point", "coordinates": [ 82.688577, 22.291377 ] } },
{ "type": "Feature", "properties": { "Borehole_ID": "KUSMUNDA-BH-001", "Mine_ID": "M-KUSMUNDA", "Mine_Code": "KUSMUNDA", "Mine_Name": "Kusmunda OCP", "Interval_No": 3, "From_Depth_m": 44.08, "To_Depth_m": 66.12, "Thickness_m": 22.04, "Lithology": "Carbonaceous Shale", "Stratigraphic_Unit": "Overburden", "Coal_Bearing": "NO", "Coal_Seam": "", "Weathering_Class": "Fresh", "Sample_ID": "KUSMUNDA-001-S03", "Data_Type": "SYNTHETIC_DEMO", "Source_Provenance": "Synthetic borehole interval generated to match GeoVault demonstration corpus" }, "geometry": { "type": "Point", "coordinates": [ 82.688577, 22.291377 ] } },
{ "type": "Feature", "properties": { "Borehole_ID": "KUSMUNDA-BH-001", "Mine_ID": "M-KUSMUNDA", "Mine_Code": "KUSMUNDA", "Mine_Name": "Kusmunda OCP", "Interval_No": 4, "From_Depth_m": 66.12, "To_Depth_m": 88.16, "Thickness_m": 22.04, "Lithology": "Coal", "Stratigraphic_Unit": "Barakar-equivalent demo unit", "Coal_Bearing": "YES", "Coal_Seam": "GV-KUS-S2", "Weathering_Class": "Fresh", "Sample_ID": "KUSMUNDA-001-S04", "Data_Type": "SYNTHETIC_DEMO", "Source_Provenance": "Synthetic borehole interval generated to match GeoVault demonstration corpus" }, "geometry": { "type": "Point", "coordinates": [ 82.688577, 22.291377 ] } },
{ "type": "Feature", "properties": { "Borehole_ID": "KUSMUNDA-BH-001", "Mine_ID": "M-KUSMUNDA", "Mine_Code": "KUSMUNDA", "Mine_Name": "Kusmunda OCP", "Interval_No": 5, "From_Depth_m": 88.16, "To_Depth_m": 110.2, "Thickness_m": 22.04, "Lithology": "Interbedded Sandstone-Shale", "Stratigraphic_Unit": "Overburden", "Coal_Bearing": "NO", "Coal_Seam": "", "Weathering_Class": "Fresh", "Sample_ID": "KUSMUNDA-001-S05", "Data_Type": "SYNTHETIC_DEMO", "Source_Provenance": "Synthetic borehole interval generated to match GeoVault demonstration corpus" }, "geometry": { "type": "Point", "coordinates": [ 82.688577, 22.291377 ] } },
{ "type": "Feature", "properties": { "Borehole_ID": "KUSMUNDA-BH-001", "Mine_ID": "M-KUSMUNDA", "Mine_Code": "KUSMUNDA", "Mine_Name": "Kusmunda OCP", "Interval_No": 6, "From_Depth_m": 110.2, "To_Depth_m": 132.24, "Thickness_m": 22.04, "Lithology": "Siltstone", "Stratigraphic_Unit": "Barakar-equivalent demo unit", "Coal_Bearing": "NO", "Coal_Seam": "", "Weathering_Class": "Fresh", "Sample_ID": "KUSMUNDA-001-S06", "Data_Type": "SYNTHETIC_DEMO", "Source_Provenance": "Synthetic borehole interval generated to match GeoVault demonstration corpus" }, "geometry": { "type": "Point", "coordinates": [ 82.688577, 22.291377 ] } },
{ "type": "Feature", "properties": { "Borehole_ID": "KUSMUNDA-BH-001", "Mine_ID": "M-KUSMUNDA", "Mine_Code": "KUSMUNDA", "Mine_Name": "Kusmunda OCP", "Interval_No": 7, "From_Depth_m": 132.24, "To_Depth_m": 154.28, "Thickness_m": 22.04, "Lithology": "Mudstone", "Stratigraphic_Unit": "Barakar-equivalent demo unit", "Coal_Bearing": "NO", "Coal_Seam": "", "Weathering_Class": "Fresh", "Sample_ID": "KUSMUNDA-001-S07", "Data_Type": "SYNTHETIC_DEMO", "Source_Provenance": "Synthetic borehole interval generated to match GeoVault demonstration corpus" }, "geometry": { "type": "Point", "coordinates": [ 82.688577, 22.291377 ] } },
{ "type": "Feature", "properties": { "Borehole_ID": "KUSMUNDA-BH-001", "Mine_ID": "M-KUSMUNDA", "Mine_Code": "KUSMUNDA", "Mine_Name": "Kusmunda OCP", "Interval_No": 8, "From_Depth_m": 154.28, "To_Depth_m": 176.32, "Thickness_m": 22.04, "Lithology": "Sandstone", "Stratigraphic_Unit": "Coal-bearing sequence", "Coal_Bearing": "NO", "Coal_Seam": "", "Weathering_Class": "Fresh", "Sample_ID": "KUSMUNDA-001-S08", "Data_Type": "SYNTHETIC_DEMO", "Source_Provenance": "Synthetic borehole interval generated to match GeoVault demonstration corpus" }, "geometry": { "type": "Point", "coordinates": [ 82.688577, 22.291377 ] } },
{ "type": "Feature", "properties": { "Borehole_ID": "KUSMUNDA-BH-001", "Mine_ID": "M-KUSMUNDA", "Mine_Code": "KUSMUNDA", "Mine_Name": "Kusmunda OCP", "Interval_No": 9, "From_Depth_m": 176.32, "To_Depth_m": 198.36, "Thickness_m": 22.04, "Lithology": "Siltstone", "Stratigraphic_Unit": "Overburden", "Coal_Bearing": "NO", "Coal_Seam": "", "Weathering_Class": "Fresh", "Sample_ID": "KUSMUNDA-001-S09", "Data_Type": "SYNTHETIC_DEMO", "Source_Provenance": "Synthetic borehole interval generated to match GeoVault demonstration corpus" }, "geometry": { "type": "Point", "coordinates": [ 82.688577, 22.291377 ] } },
{ "type": "Feature", "properties": { "Borehole_ID": "KUSMUNDA-BH-001", "Mine_ID": "M-KUSMUNDA", "Mine_Code": "KUSMUNDA", "Mine_Name": "Kusmunda OCP", "Interval_No": 10, "From_Depth_m": 198.36, "To_Depth_m": 220.4, "Thickness_m": 22.04, "Lithology": "Siltstone", "Stratigraphic_Unit": "Barakar-equivalent demo unit", "Coal_Bearing": "NO", "Coal_Seam": "", "Weathering_Class": "Fresh", "Sample_ID": "KUSMUNDA-001-S10", "Data_Type": "SYNTHETIC_DEMO", "Source_Provenance": "Synthetic borehole interval generated to match GeoVault demonstration corpus" }, "geometry": { "type": "Point", "coordinates": [ 82.688577, 22.291377 ] } },
{ "type": "Feature", "properties": { "Borehole_ID": "KUSMUNDA-BH-002", "Mine_ID": "M-KUSMUNDA", "Mine_Code": "KUSMUNDA", "Mine_Name": "Kusmunda OCP", "Interval_No": 1, "From_Depth_m": 0.0, "To_Depth_m": 22.94, "Thickness_m": 22.94, "Lithology": "Shale", "Stratigraphic_Unit": "Overburden", "Coal_Bearing": "NO", "Coal_Seam": "", "Weathering_Class": "Moderate", "Sample_ID": "KUSMUNDA-002-S01", "Data_Type": "SYNTHETIC_DEMO", "Source_Provenance": "Synthetic borehole interval generated to match GeoVault demonstration corpus" }, "geometry": { "type": "Point", "coordinates": [ 82.691527, 22.315057 ] } },
{ "type": "Feature", "properties": { "Borehole_ID": "KUSMUNDA-BH-002", "Mine_ID": "M-KUSMUNDA", "Mine_Code": "KUSMUNDA", "Mine_Name": "Kusmunda OCP", "Interval_No": 2, "From_Depth_m": 22.94, "To_Depth_m": 45.88, "Thickness_m": 22.94, "Lithology": "Interbedded Sandstone-Shale", "Stratigraphic_Unit": "Underlying sedimentary sequence", "Coal_Bearing": "NO", "Coal_Seam": "", "Weathering_Class": "Slight", "Sample_ID": "KUSMUNDA-002-S02", "Data_Type": "SYNTHETIC_DEMO", "Source_Provenance": "Synthetic borehole interval generated to match GeoVault demonstration corpus" }, "geometry": { "type": "Point", "coordinates": [ 82.691527, 22.315057 ] } },
{ "type": "Feature", "properties": { "Borehole_ID": "KUSMUNDA-BH-002", "Mine_ID": "M-KUSMUNDA", "Mine_Code": "KUSMUNDA", "Mine_Name": "Kusmunda OCP", "Interval_No": 3, "From_Depth_m": 45.88, "To_Depth_m": 68.82, "Thickness_m": 22.94, "Lithology": "Shale", "Stratigraphic_Unit": "Barakar-equivalent demo unit", "Coal_Bearing": "NO", "Coal_Seam": "", "Weathering_Class": "Fresh", "Sample_ID": "KUSMUNDA-002-S03", "Data_Type": "SYNTHETIC_DEMO", "Source_Provenance": "Synthetic borehole interval generated to match GeoVault demonstration corpus" }, "geometry": { "type": "Point", "coordinates": [ 82.691527, 22.315057 ] } },
{ "type": "Feature", "properties": { "Borehole_ID": "KUSMUNDA-BH-002", "Mine_ID": "M-KUSMUNDA", "Mine_Code": "KUSMUNDA", "Mine_Name": "Kusmunda OCP", "Interval_No": 4, "From_Depth_m": 68.82, "To_Depth_m": 91.76, "Thickness_m": 22.94, "Lithology": "Shale", "Stratigraphic_Unit": "Underlying sedimentary sequence", "Coal_Bearing": "NO", "Coal_Seam": "", "Weathering_Class": "Fresh", "Sample_ID": "KUSMUNDA-002-S04", "Data_Type": "SYNTHETIC_DEMO", "Source_Provenance": "Synthetic borehole interval generated to match GeoVault demonstration corpus" }, "geometry": { "type": "Point", "coordinates": [ 82.691527, 22.315057 ] } },
{ "type": "Feature", "properties": { "Borehole_ID": "KUSMUNDA-BH-002", "Mine_ID": "M-KUSMUNDA", "Mine_Code": "KUSMUNDA", "Mine_Name": "Kusmunda OCP", "Interval_No": 5, "From_Depth_m": 91.76, "To_Depth_m": 114.7, "Thickness_m": 22.94, "Lithology": "Sandstone", "Stratigraphic_Unit": "Barakar-equivalent demo unit", "Coal_Bearing": "NO", "Coal_Seam": "", "Weathering_Class": "Fresh", "Sample_ID": "KUSMUNDA-002-S05", "Data_Type": "SYNTHETIC_DEMO", "Source_Provenance": "Synthetic borehole interval generated to match GeoVault demonstration corpus" }, "geometry": { "type": "Point", "coordinates": [ 82.691527, 22.315057 ] } },
{ "type": "Feature", "properties": { "Borehole_ID": "KUSMUNDA-BH-002", "Mine_ID": "M-KUSMUNDA", "Mine_Code": "KUSMUNDA", "Mine_Name": "Kusmunda OCP", "Interval_No": 6, "From_Depth_m": 114.7, "To_Depth_m": 137.64, "Thickness_m": 22.94, "Lithology": "Carbonaceous Shale", "Stratigraphic_Unit": "Coal-bearing sequence", "Coal_Bearing": "NO", "Coal_Seam": "", "Weathering_Class": "Fresh", "Sample_ID": "KUSMUNDA-002-S06", "Data_Type": "SYNTHETIC_DEMO", "Source_Provenance": "Synthetic borehole interval generated to match GeoVault demonstration corpus" }, "geometry": { "type": "Point", "coordinates": [ 82.691527, 22.315057 ] } },
{ "type": "Feature", "properties": { "Borehole_ID": "KUSMUNDA-BH-002", "Mine_ID": "M-KUSMUNDA", "Mine_Code": "KUSMUNDA", "Mine_Name": "Kusmunda OCP", "Interval_No": 7, "From_Depth_m": 137.64, "To_Depth_m": 160.58, "Thickness_m": 22.94, "Lithology": "Coal", "Stratigraphic_Unit": "Underlying sedimentary sequence", "Coal_Bearing": "YES", "Coal_Seam": "GV-KUS-S1", "Weathering_Class": "Fresh", "Sample_ID": "KUSMUNDA-002-S07", "Data_Type": "SYNTHETIC_DEMO", "Source_Provenance": "Synthetic borehole interval generated to match GeoVault demonstration corpus" }, "geometry": { "type": "Point", "coordinates": [ 82.691527, 22.315057 ] } },
{ "type": "Feature", "properties": { "Borehole_ID": "KUSMUNDA-BH-002", "Mine_ID": "M-KUSMUNDA", "Mine_Code": "KUSMUNDA", "Mine_Name": "Kusmunda OCP", "Interval_No": 8, "From_Depth_m": 160.58, "To_Depth_m": 183.52, "Thickness_m": 22.94, "Lithology": "Shale", "Stratigraphic_Unit": "Coal-bearing sequence", "Coal_Bearing": "NO", "Coal_Seam": "", "Weathering_Class": "Fresh", "Sample_ID": "KUSMUNDA-002-S08", "Data_Type": "SYNTHETIC_DEMO", "Source_Provenance": "Synthetic borehole interval generated to match GeoVault demonstration corpus" }, "geometry": { "type": "Point", "coordinates": [ 82.691527, 22.315057 ] } },
{ "type": "Feature", "properties": { "Borehole_ID": "KUSMUNDA-BH-002", "Mine_ID": "M-KUSMUNDA", "Mine_Code": "KUSMUNDA", "Mine_Name": "Kusmunda OCP", "Interval_No": 9, "From_Depth_m": 183.52, "To_Depth_m": 206.46, "Thickness_m": 22.94, "Lithology": "Shale", "Stratigraphic_Unit": "Overburden", "Coal_Bearing": "NO", "Coal_Seam": "", "Weathering_Class": "Fresh", "Sample_ID": "KUSMUNDA-002-S09", "Data_Type": "SYNTHETIC_DEMO", "Source_Provenance": "Synthetic borehole interval generated to match GeoVault demonstration corpus" }, "geometry": { "type": "Point", "coordinates": [ 82.691527, 22.315057 ] } },
{ "type": "Feature", "properties": { "Borehole_ID": "KUSMUNDA-BH-002", "Mine_ID": "M-KUSMUNDA", "Mine_Code": "KUSMUNDA", "Mine_Name": "Kusmunda OCP", "Interval_No": 10, "From_Depth_m": 206.46, "To_Depth_m": 229.4, "Thickness_m": 22.94, "Lithology": "Mudstone", "Stratigraphic_Unit": "Overburden", "Coal_Bearing": "NO", "Coal_Seam": "", "Weathering_Class": "Fresh", "Sample_ID": "KUSMUNDA-002-S10", "Data_Type": "SYNTHETIC_DEMO", "Source_Provenance": "Synthetic borehole interval generated to match GeoVault demonstration corpus" }, "geometry": { "type": "Point", "coordinates": [ 82.691527, 22.315057 ] } },
{ "type": "Feature", "properties": { "Borehole_ID": "KUSMUNDA-BH-003", "Mine_ID": "M-KUSMUNDA", "Mine_Code": "KUSMUNDA", "Mine_Name": "Kusmunda OCP", "Interval_No": 1, "From_Depth_m": 0.0, "To_Depth_m": 22.85, "Thickness_m": 22.85, "Lithology": "Mudstone", "Stratigraphic_Unit": "Barakar-equivalent demo unit", "Coal_Bearing": "NO", "Coal_Seam": "", "Weathering_Class": "Slight", "Sample_ID": "KUSMUNDA-003-S01", "Data_Type": "SYNTHETIC_DEMO", "Source_Provenance": "Synthetic borehole interval generated to match GeoVault demonstration corpus" }, "geometry": { "type": "Point", "coordinates": [ 82.673884, 22.290465 ] } },
{ "type": "Feature", "properties": { "Borehole_ID": "KUSMUNDA-BH-003", "Mine_ID": "M-KUSMUNDA", "Mine_Code": "KUSMUNDA", "Mine_Name": "Kusmunda OCP", "Interval_No": 2, "From_Depth_m": 22.85, "To_Depth_m": 45.7, "Thickness_m": 22.85, "Lithology": "Mudstone", "Stratigraphic_Unit": "Coal-bearing sequence", "Coal_Bearing": "NO", "Coal_Seam": "", "Weathering_Class": "Moderate", "Sample_ID": "KUSMUNDA-003-S02", "Data_Type": "SYNTHETIC_DEMO", "Source_Provenance": "Synthetic borehole interval generated to match GeoVault demonstration corpus" }, "geometry": { "type": "Point", "coordinates": [ 82.673884, 22.290465 ] } },
{ "type": "Feature", "properties": { "Borehole_ID": "KUSMUNDA-BH-003", "Mine_ID": "M-KUSMUNDA", "Mine_Code": "KUSMUNDA", "Mine_Name": "Kusmunda OCP", "Interval_No": 3, "From_Depth_m": 45.7, "To_Depth_m": 68.55, "Thickness_m": 22.85, "Lithology": "Carbonaceous Shale", "Stratigraphic_Unit": "Barakar-equivalent demo unit", "Coal_Bearing": "NO", "Coal_Seam": "", "Weathering_Class": "Fresh", "Sample_ID": "KUSMUNDA-003-S03", "Data_Type": "SYNTHETIC_DEMO", "Source_Provenance": "Synthetic borehole interval generated to match GeoVault demonstration corpus" }, "geometry": { "type": "Point", "coordinates": [ 82.673884, 22.290465 ] } },
{ "type": "Feature", "properties": { "Borehole_ID": "KUSMUNDA-BH-003", "Mine_ID": "M-KUSMUNDA", "Mine_Code": "KUSMUNDA", "Mine_Name": "Kusmunda OCP", "Interval_No": 4, "From_Depth_m": 68.55, "To_Depth_m": 91.4, "Thickness_m": 22.85, "Lithology": "Coal", "Stratigraphic_Unit": "Barakar-equivalent demo unit", "Coal_Bearing": "YES", "Coal_Seam": "GV-KUS-S1", "Weathering_Class": "Fresh", "Sample_ID": "KUSMUNDA-003-S04", "Data_Type": "SYNTHETIC_DEMO", "Source_Provenance": "Synthetic borehole interval generated to match GeoVault demonstration corpus" }, "geometry": { "type": "Point", "coordinates": [ 82.673884, 22.290465 ] } },
{ "type": "Feature", "properties": { "Borehole_ID": "KUSMUNDA-BH-003", "Mine_ID": "M-KUSMUNDA", "Mine_Code": "KUSMUNDA", "Mine_Name": "Kusmunda OCP", "Interval_No": 5, "From_Depth_m": 91.4, "To_Depth_m": 114.25, "Thickness_m": 22.85, "Lithology": "Sandstone", "Stratigraphic_Unit": "Barakar-equivalent demo unit", "Coal_Bearing": "NO", "Coal_Seam": "", "Weathering_Class": "Fresh", "Sample_ID": "KUSMUNDA-003-S05", "Data_Type": "SYNTHETIC_DEMO", "Source_Provenance": "Synthetic borehole interval generated to match GeoVault demonstration corpus" }, "geometry": { "type": "Point", "coordinates": [ 82.673884, 22.290465 ] } },
{ "type": "Feature", "properties": { "Borehole_ID": "KUSMUNDA-BH-003", "Mine_ID": "M-KUSMUNDA", "Mine_Code": "KUSMUNDA", "Mine_Name": "Kusmunda OCP", "Interval_No": 6, "From_Depth_m": 114.25, "To_Depth_m": 137.1, "Thickness_m": 22.85, "Lithology": "Mudstone", "Stratigraphic_Unit": "Coal-bearing sequence", "Coal_Bearing": "NO", "Coal_Seam": "", "Weathering_Class": "Fresh", "Sample_ID": "KUSMUNDA-003-S06", "Data_Type": "SYNTHETIC_DEMO", "Source_Provenance": "Synthetic borehole interval generated to match GeoVault demonstration corpus" }, "geometry": { "type": "Point", "coordinates": [ 82.673884, 22.290465 ] } },
{ "type": "Feature", "properties": { "Borehole_ID": "KUSMUNDA-BH-003", "Mine_ID": "M-KUSMUNDA", "Mine_Code": "KUSMUNDA", "Mine_Name": "Kusmunda OCP", "Interval_No": 7, "From_Depth_m": 137.1, "To_Depth_m": 159.95, "Thickness_m": 22.85, "Lithology": "Siltstone", "Stratigraphic_Unit": "Overburden", "Coal_Bearing": "NO", "Coal_Seam": "", "Weathering_Class": "Fresh", "Sample_ID": "KUSMUNDA-003-S07", "Data_Type": "SYNTHETIC_DEMO", "Source_Provenance": "Synthetic borehole interval generated to match GeoVault demonstration corpus" }, "geometry": { "type": "Point", "coordinates": [ 82.673884, 22.290465 ] } },
{ "type": "Feature", "properties": { "Borehole_ID": "KUSMUNDA-BH-003", "Mine_ID": "M-KUSMUNDA", "Mine_Code": "KUSMUNDA", "Mine_Name": "Kusmunda OCP", "Interval_No": 8, "From_Depth_m": 159.95, "To_Depth_m": 182.8, "Thickness_m": 22.85, "Lithology": "Siltstone", "Stratigraphic_Unit": "Coal-bearing sequence", "Coal_Bearing": "NO", "Coal_Seam": "", "Weathering_Class": "Fresh", "Sample_ID": "KUSMUNDA-003-S08", "Data_Type": "SYNTHETIC_DEMO", "Source_Provenance": "Synthetic borehole interval generated to match GeoVault demonstration corpus" }, "geometry": { "type": "Point", "coordinates": [ 82.673884, 22.290465 ] } },
{ "type": "Feature", "properties": { "Borehole_ID": "KUSMUNDA-BH-003", "Mine_ID": "M-KUSMUNDA", "Mine_Code": "KUSMUNDA", "Mine_Name": "Kusmunda OCP", "Interval_No": 9, "From_Depth_m": 182.8, "To_Depth_m": 205.65, "Thickness_m": 22.85, "Lithology": "Interbedded Sandstone-Shale", "Stratigraphic_Unit": "Underlying sedimentary sequence", "Coal_Bearing": "NO", "Coal_Seam": "", "Weathering_Class": "Fresh", "Sample_ID": "KUSMUNDA-003-S09", "Data_Type": "SYNTHETIC_DEMO", "Source_Provenance": "Synthetic borehole interval generated to match GeoVault demonstration corpus" }, "geometry": { "type": "Point", "coordinates": [ 82.673884, 22.290465 ] } },
{ "type": "Feature", "properties": { "Borehole_ID": "KUSMUNDA-BH-003", "Mine_ID": "M-KUSMUNDA", "Mine_Code": "KUSMUNDA", "Mine_Name": "Kusmunda OCP", "Interval_No": 10, "From_Depth_m": 205.65, "To_Depth_m": 228.5, "Thickness_m": 22.85, "Lithology": "Interbedded Sandstone-Shale", "Stratigraphic_Unit": "Coal-bearing sequence", "Coal_Bearing": "NO", "Coal_Seam": "", "Weathering_Class": "Fresh", "Sample_ID": "KUSMUNDA-003-S10", "Data_Type": "SYNTHETIC_DEMO", "Source_Provenance": "Synthetic borehole interval generated to match GeoVault demonstration corpus" }, "geometry": { "type": "Point", "coordinates": [ 82.673884, 22.290465 ] } },
{ "type": "Feature", "properties": { "Borehole_ID": "KUSMUNDA-BH-004", "Mine_ID": "M-KUSMUNDA", "Mine_Code": "KUSMUNDA", "Mine_Name": "Kusmunda OCP", "Interval_No": 1, "From_Depth_m": 0.0, "To_Depth_m": 22.31, "Thickness_m": 22.31, "Lithology": "Sandstone", "Stratigraphic_Unit": "Overburden", "Coal_Bearing": "NO", "Coal_Seam": "", "Weathering_Class": "Moderate", "Sample_ID": "KUSMUNDA-004-S01", "Data_Type": "SYNTHETIC_DEMO", "Source_Provenance": "Synthetic borehole interval generated to match GeoVault demonstration corpus" }, "geometry": { "type": "Point", "coordinates": [ 82.680375, 22.311226 ] } },
{ "type": "Feature", "properties": { "Borehole_ID": "KUSMUNDA-BH-004", "Mine_ID": "M-KUSMUNDA", "Mine_Code": "KUSMUNDA", "Mine_Name": "Kusmunda OCP", "Interval_No": 2, "From_Depth_m": 22.31, "To_Depth_m": 44.62, "Thickness_m": 22.31, "Lithology": "Shale", "Stratigraphic_Unit": "Coal-bearing sequence", "Coal_Bearing": "NO", "Coal_Seam": "", "Weathering_Class": "Slight", "Sample_ID": "KUSMUNDA-004-S02", "Data_Type": "SYNTHETIC_DEMO", "Source_Provenance": "Synthetic borehole interval generated to match GeoVault demonstration corpus" }, "geometry": { "type": "Point", "coordinates": [ 82.680375, 22.311226 ] } },
{ "type": "Feature", "properties": { "Borehole_ID": "KUSMUNDA-BH-004", "Mine_ID": "M-KUSMUNDA", "Mine_Code": "KUSMUNDA", "Mine_Name": "Kusmunda OCP", "Interval_No": 3, "From_Depth_m": 44.62, "To_Depth_m": 66.93, "Thickness_m": 22.31, "Lithology": "Carbonaceous Shale", "Stratigraphic_Unit": "Overburden", "Coal_Bearing": "NO", "Coal_Seam": "", "Weathering_Class": "Fresh", "Sample_ID": "KUSMUNDA-004-S03", "Data_Type": "SYNTHETIC_DEMO", "Source_Provenance": "Synthetic borehole interval generated to match GeoVault demonstration corpus" }, "geometry": { "type": "Point", "coordinates": [ 82.680375, 22.311226 ] } },
{ "type": "Feature", "properties": { "Borehole_ID": "KUSMUNDA-BH-004", "Mine_ID": "M-KUSMUNDA", "Mine_Code": "KUSMUNDA", "Mine_Name": "Kusmunda OCP", "Interval_No": 4, "From_Depth_m": 66.93, "To_Depth_m": 89.24, "Thickness_m": 22.31, "Lithology": "Coal", "Stratigraphic_Unit": "Underlying sedimentary sequence", "Coal_Bearing": "YES", "Coal_Seam": "GV-KUS-S2", "Weathering_Class": "Fresh", "Sample_ID": "KUSMUNDA-004-S04", "Data_Type": "SYNTHETIC_DEMO", "Source_Provenance": "Synthetic borehole interval generated to match GeoVault demonstration corpus" }, "geometry": { "type": "Point", "coordinates": [ 82.680375, 22.311226 ] } },
{ "type": "Feature", "properties": { "Borehole_ID": "KUSMUNDA-BH-004", "Mine_ID": "M-KUSMUNDA", "Mine_Code": "KUSMUNDA", "Mine_Name": "Kusmunda OCP", "Interval_No": 5, "From_Depth_m": 89.24, "To_Depth_m": 111.55, "Thickness_m": 22.31, "Lithology": "Siltstone", "Stratigraphic_Unit": "Coal-bearing sequence", "Coal_Bearing": "NO", "Coal_Seam": "", "Weathering_Class": "Fresh", "Sample_ID": "KUSMUNDA-004-S05", "Data_Type": "SYNTHETIC_DEMO", "Source_Provenance": "Synthetic borehole interval generated to match GeoVault demonstration corpus" }, "geometry": { "type": "Point", "coordinates": [ 82.680375, 22.311226 ] } },
{ "type": "Feature", "properties": { "Borehole_ID": "KUSMUNDA-BH-004", "Mine_ID": "M-KUSMUNDA", "Mine_Code": "KUSMUNDA", "Mine_Name": "Kusmunda OCP", "Interval_No": 6, "From_Depth_m": 111.55, "To_Depth_m": 133.86, "Thickness_m": 22.31, "Lithology": "Mudstone", "Stratigraphic_Unit": "Overburden", "Coal_Bearing": "NO", "Coal_Seam": "", "Weathering_Class": "Fresh", "Sample_ID": "KUSMUNDA-004-S06", "Data_Type": "SYNTHETIC_DEMO", "Source_Provenance": "Synthetic borehole interval generated to match GeoVault demonstration corpus" }, "geometry": { "type": "Point", "coordinates": [ 82.680375, 22.311226 ] } },
{ "type": "Feature", "properties": { "Borehole_ID": "KUSMUNDA-BH-004", "Mine_ID": "M-KUSMUNDA", "Mine_Code": "KUSMUNDA", "Mine_Name": "Kusmunda OCP", "Interval_No": 7, "From_Depth_m": 133.86, "To_Depth_m": 156.17, "Thickness_m": 22.31, "Lithology": "Mudstone", "Stratigraphic_Unit": "Barakar-equivalent demo unit", "Coal_Bearing": "NO", "Coal_Seam": "", "Weathering_Class": "Fresh", "Sample_ID": "KUSMUNDA-004-S07", "Data_Type": "SYNTHETIC_DEMO", "Source_Provenance": "Synthetic borehole interval generated to match GeoVault demonstration corpus" }, "geometry": { "type": "Point", "coordinates": [ 82.680375, 22.311226 ] } },
{ "type": "Feature", "properties": { "Borehole_ID": "KUSMUNDA-BH-004", "Mine_ID": "M-KUSMUNDA", "Mine_Code": "KUSMUNDA", "Mine_Name": "Kusmunda OCP", "Interval_No": 8, "From_Depth_m": 156.17, "To_Depth_m": 178.48, "Thickness_m": 22.31, "Lithology": "Siltstone", "Stratigraphic_Unit": "Overburden", "Coal_Bearing": "NO", "Coal_Seam": "", "Weathering_Class": "Fresh", "Sample_ID": "KUSMUNDA-004-S08", "Data_Type": "SYNTHETIC_DEMO", "Source_Provenance": "Synthetic borehole interval generated to match GeoVault demonstration corpus" }, "geometry": { "type": "Point", "coordinates": [ 82.680375, 22.311226 ] } },
{ "type": "Feature", "properties": { "Borehole_ID": "KUSMUNDA-BH-004", "Mine_ID": "M-KUSMUNDA", "Mine_Code": "KUSMUNDA", "Mine_Name": "Kusmunda OCP", "Interval_No": 9, "From_Depth_m": 178.48, "To_Depth_m": 200.79, "Thickness_m": 22.31, "Lithology": "Mudstone", "Stratigraphic_Unit": "Overburden", "Coal_Bearing": "NO", "Coal_Seam": "", "Weathering_Class": "Fresh", "Sample_ID": "KUSMUNDA-004-S09", "Data_Type": "SYNTHETIC_DEMO", "Source_Provenance": "Synthetic borehole interval generated to match GeoVault demonstration corpus" }, "geometry": { "type": "Point", "coordinates": [ 82.680375, 22.311226 ] } },
{ "type": "Feature", "properties": { "Borehole_ID": "KUSMUNDA-BH-004", "Mine_ID": "M-KUSMUNDA", "Mine_Code": "KUSMUNDA", "Mine_Name": "Kusmunda OCP", "Interval_No": 10, "From_Depth_m": 200.79, "To_Depth_m": 223.1, "Thickness_m": 22.31, "Lithology": "Interbedded Sandstone-Shale", "Stratigraphic_Unit": "Barakar-equivalent demo unit", "Coal_Bearing": "NO", "Coal_Seam": "", "Weathering_Class": "Fresh", "Sample_ID": "KUSMUNDA-004-S10", "Data_Type": "SYNTHETIC_DEMO", "Source_Provenance": "Synthetic borehole interval generated to match GeoVault demonstration corpus" }, "geometry": { "type": "Point", "coordinates": [ 82.680375, 22.311226 ] } },
{ "type": "Feature", "properties": { "Borehole_ID": "KUSMUNDA-BH-005", "Mine_ID": "M-KUSMUNDA", "Mine_Code": "KUSMUNDA", "Mine_Name": "Kusmunda OCP", "Interval_No": 1, "From_Depth_m": 0.0, "To_Depth_m": 14.48, "Thickness_m": 14.48, "Lithology": "Siltstone", "Stratigraphic_Unit": "Underlying sedimentary sequence", "Coal_Bearing": "NO", "Coal_Seam": "", "Weathering_Class": "Slight", "Sample_ID": "KUSMUNDA-005-S01", "Data_Type": "SYNTHETIC_DEMO", "Source_Provenance": "Synthetic borehole interval generated to match GeoVault demonstration corpus" }, "geometry": { "type": "Point", "coordinates": [ 82.664971, 22.300834 ] } },
{ "type": "Feature", "properties": { "Borehole_ID": "KUSMUNDA-BH-005", "Mine_ID": "M-KUSMUNDA", "Mine_Code": "KUSMUNDA", "Mine_Name": "Kusmunda OCP", "Interval_No": 2, "From_Depth_m": 14.48, "To_Depth_m": 28.96, "Thickness_m": 14.48, "Lithology": "Siltstone", "Stratigraphic_Unit": "Coal-bearing sequence", "Coal_Bearing": "NO", "Coal_Seam": "", "Weathering_Class": "Slight", "Sample_ID": "KUSMUNDA-005-S02", "Data_Type": "SYNTHETIC_DEMO", "Source_Provenance": "Synthetic borehole interval generated to match GeoVault demonstration corpus" }, "geometry": { "type": "Point", "coordinates": [ 82.664971, 22.300834 ] } },
{ "type": "Feature", "properties": { "Borehole_ID": "KUSMUNDA-BH-005", "Mine_ID": "M-KUSMUNDA", "Mine_Code": "KUSMUNDA", "Mine_Name": "Kusmunda OCP", "Interval_No": 3, "From_Depth_m": 28.96, "To_Depth_m": 43.44, "Thickness_m": 14.48, "Lithology": "Siltstone", "Stratigraphic_Unit": "Coal-bearing sequence", "Coal_Bearing": "NO", "Coal_Seam": "", "Weathering_Class": "Fresh", "Sample_ID": "KUSMUNDA-005-S03", "Data_Type": "SYNTHETIC_DEMO", "Source_Provenance": "Synthetic borehole interval generated to match GeoVault demonstration corpus" }, "geometry": { "type": "Point", "coordinates": [ 82.664971, 22.300834 ] } },
{ "type": "Feature", "properties": { "Borehole_ID": "KUSMUNDA-BH-005", "Mine_ID": "M-KUSMUNDA", "Mine_Code": "KUSMUNDA", "Mine_Name": "Kusmunda OCP", "Interval_No": 4, "From_Depth_m": 43.44, "To_Depth_m": 57.92, "Thickness_m": 14.48, "Lithology": "Carbonaceous Shale", "Stratigraphic_Unit": "Underlying sedimentary sequence", "Coal_Bearing": "NO", "Coal_Seam": "", "Weathering_Class": "Fresh", "Sample_ID": "KUSMUNDA-005-S04", "Data_Type": "SYNTHETIC_DEMO", "Source_Provenance": "Synthetic borehole interval generated to match GeoVault demonstration corpus" }, "geometry": { "type": "Point", "coordinates": [ 82.664971, 22.300834 ] } },
{ "type": "Feature", "properties": { "Borehole_ID": "KUSMUNDA-BH-005", "Mine_ID": "M-KUSMUNDA", "Mine_Code": "KUSMUNDA", "Mine_Name": "Kusmunda OCP", "Interval_No": 5, "From_Depth_m": 57.92, "To_Depth_m": 72.4, "Thickness_m": 14.48, "Lithology": "Coal", "Stratigraphic_Unit": "Coal-bearing sequence", "Coal_Bearing": "YES", "Coal_Seam": "GV-KUS-S1", "Weathering_Class": "Fresh", "Sample_ID": "KUSMUNDA-005-S05", "Data_Type": "SYNTHETIC_DEMO", "Source_Provenance": "Synthetic borehole interval generated to match GeoVault demonstration corpus" }, "geometry": { "type": "Point", "coordinates": [ 82.664971, 22.300834 ] } },
{ "type": "Feature", "properties": { "Borehole_ID": "KUSMUNDA-BH-005", "Mine_ID": "M-KUSMUNDA", "Mine_Code": "KUSMUNDA", "Mine_Name": "Kusmunda OCP", "Interval_No": 6, "From_Depth_m": 72.4, "To_Depth_m": 86.88, "Thickness_m": 14.48, "Lithology": "Mudstone", "Stratigraphic_Unit": "Coal-bearing sequence", "Coal_Bearing": "NO", "Coal_Seam": "", "Weathering_Class": "Fresh", "Sample_ID": "KUSMUNDA-005-S06", "Data_Type": "SYNTHETIC_DEMO", "Source_Provenance": "Synthetic borehole interval generated to match GeoVault demonstration corpus" }, "geometry": { "type": "Point", "coordinates": [ 82.664971, 22.300834 ] } },
{ "type": "Feature", "properties": { "Borehole_ID": "KUSMUNDA-BH-005", "Mine_ID": "M-KUSMUNDA", "Mine_Code": "KUSMUNDA", "Mine_Name": "Kusmunda OCP", "Interval_No": 7, "From_Depth_m": 86.88, "To_Depth_m": 101.36, "Thickness_m": 14.48, "Lithology": "Interbedded Sandstone-Shale", "Stratigraphic_Unit": "Barakar-equivalent demo unit", "Coal_Bearing": "NO", "Coal_Seam": "", "Weathering_Class": "Fresh", "Sample_ID": "KUSMUNDA-005-S07", "Data_Type": "SYNTHETIC_DEMO", "Source_Provenance": "Synthetic borehole interval generated to match GeoVault demonstration corpus" }, "geometry": { "type": "Point", "coordinates": [ 82.664971, 22.300834 ] } },
{ "type": "Feature", "properties": { "Borehole_ID": "KUSMUNDA-BH-005", "Mine_ID": "M-KUSMUNDA", "Mine_Code": "KUSMUNDA", "Mine_Name": "Kusmunda OCP", "Interval_No": 8, "From_Depth_m": 101.36, "To_Depth_m": 115.84, "Thickness_m": 14.48, "Lithology": "Shale", "Stratigraphic_Unit": "Underlying sedimentary sequence", "Coal_Bearing": "NO", "Coal_Seam": "", "Weathering_Class": "Fresh", "Sample_ID": "KUSMUNDA-005-S08", "Data_Type": "SYNTHETIC_DEMO", "Source_Provenance": "Synthetic borehole interval generated to match GeoVault demonstration corpus" }, "geometry": { "type": "Point", "coordinates": [ 82.664971, 22.300834 ] } },
{ "type": "Feature", "properties": { "Borehole_ID": "KUSMUNDA-BH-005", "Mine_ID": "M-KUSMUNDA", "Mine_Code": "KUSMUNDA", "Mine_Name": "Kusmunda OCP", "Interval_No": 9, "From_Depth_m": 115.84, "To_Depth_m": 130.32, "Thickness_m": 14.48, "Lithology": "Mudstone", "Stratigraphic_Unit": "Barakar-equivalent demo unit", "Coal_Bearing": "NO", "Coal_Seam": "", "Weathering_Class": "Fresh", "Sample_ID": "KUSMUNDA-005-S09", "Data_Type": "SYNTHETIC_DEMO", "Source_Provenance": "Synthetic borehole interval generated to match GeoVault demonstration corpus" }, "geometry": { "type": "Point", "coordinates": [ 82.664971, 22.300834 ] } },
{ "type": "Feature", "properties": { "Borehole_ID": "KUSMUNDA-BH-005", "Mine_ID": "M-KUSMUNDA", "Mine_Code": "KUSMUNDA", "Mine_Name": "Kusmunda OCP", "Interval_No": 10, "From_Depth_m": 130.32, "To_Depth_m": 144.8, "Thickness_m": 14.48, "Lithology": "Interbedded Sandstone-Shale", "Stratigraphic_Unit": "Coal-bearing sequence", "Coal_Bearing": "NO", "Coal_Seam": "", "Weathering_Class": "Fresh", "Sample_ID": "KUSMUNDA-005-S10", "Data_Type": "SYNTHETIC_DEMO", "Source_Provenance": "Synthetic borehole interval generated to match GeoVault demonstration corpus" }, "geometry": { "type": "Point", "coordinates": [ 82.664971, 22.300834 ] } },
{ "type": "Feature", "properties": { "Borehole_ID": "KUSMUNDA-BH-006", "Mine_ID": "M-KUSMUNDA", "Mine_Code": "KUSMUNDA", "Mine_Name": "Kusmunda OCP", "Interval_No": 1, "From_Depth_m": 0.0, "To_Depth_m": 21.59, "Thickness_m": 21.59, "Lithology": "Mudstone", "Stratigraphic_Unit": "Overburden", "Coal_Bearing": "NO", "Coal_Seam": "", "Weathering_Class": "Moderate", "Sample_ID": "KUSMUNDA-006-S01", "Data_Type": "SYNTHETIC_DEMO", "Source_Provenance": "Synthetic borehole interval generated to match GeoVault demonstration corpus" }, "geometry": { "type": "Point", "coordinates": [ 82.705069, 22.307746 ] } },
{ "type": "Feature", "properties": { "Borehole_ID": "KUSMUNDA-BH-006", "Mine_ID": "M-KUSMUNDA", "Mine_Code": "KUSMUNDA", "Mine_Name": "Kusmunda OCP", "Interval_No": 2, "From_Depth_m": 21.59, "To_Depth_m": 43.18, "Thickness_m": 21.59, "Lithology": "Siltstone", "Stratigraphic_Unit": "Barakar-equivalent demo unit", "Coal_Bearing": "NO", "Coal_Seam": "", "Weathering_Class": "Moderate", "Sample_ID": "KUSMUNDA-006-S02", "Data_Type": "SYNTHETIC_DEMO", "Source_Provenance": "Synthetic borehole interval generated to match GeoVault demonstration corpus" }, "geometry": { "type": "Point", "coordinates": [ 82.705069, 22.307746 ] } },
{ "type": "Feature", "properties": { "Borehole_ID": "KUSMUNDA-BH-006", "Mine_ID": "M-KUSMUNDA", "Mine_Code": "KUSMUNDA", "Mine_Name": "Kusmunda OCP", "Interval_No": 3, "From_Depth_m": 43.18, "To_Depth_m": 64.77, "Thickness_m": 21.59, "Lithology": "Interbedded Sandstone-Shale", "Stratigraphic_Unit": "Coal-bearing sequence", "Coal_Bearing": "NO", "Coal_Seam": "", "Weathering_Class": "Fresh", "Sample_ID": "KUSMUNDA-006-S03", "Data_Type": "SYNTHETIC_DEMO", "Source_Provenance": "Synthetic borehole interval generated to match GeoVault demonstration corpus" }, "geometry": { "type": "Point", "coordinates": [ 82.705069, 22.307746 ] } },
{ "type": "Feature", "properties": { "Borehole_ID": "KUSMUNDA-BH-006", "Mine_ID": "M-KUSMUNDA", "Mine_Code": "KUSMUNDA", "Mine_Name": "Kusmunda OCP", "Interval_No": 4, "From_Depth_m": 64.77, "To_Depth_m": 86.36, "Thickness_m": 21.59, "Lithology": "Mudstone", "Stratigraphic_Unit": "Underlying sedimentary sequence", "Coal_Bearing": "NO", "Coal_Seam": "", "Weathering_Class": "Fresh", "Sample_ID": "KUSMUNDA-006-S04", "Data_Type": "SYNTHETIC_DEMO", "Source_Provenance": "Synthetic borehole interval generated to match GeoVault demonstration corpus" }, "geometry": { "type": "Point", "coordinates": [ 82.705069, 22.307746 ] } },
{ "type": "Feature", "properties": { "Borehole_ID": "KUSMUNDA-BH-006", "Mine_ID": "M-KUSMUNDA", "Mine_Code": "KUSMUNDA", "Mine_Name": "Kusmunda OCP", "Interval_No": 5, "From_Depth_m": 86.36, "To_Depth_m": 107.95, "Thickness_m": 21.59, "Lithology": "Mudstone", "Stratigraphic_Unit": "Barakar-equivalent demo unit", "Coal_Bearing": "NO", "Coal_Seam": "", "Weathering_Class": "Fresh", "Sample_ID": "KUSMUNDA-006-S05", "Data_Type": "SYNTHETIC_DEMO", "Source_Provenance": "Synthetic borehole interval generated to match GeoVault demonstration corpus" }, "geometry": { "type": "Point", "coordinates": [ 82.705069, 22.307746 ] } },
{ "type": "Feature", "properties": { "Borehole_ID": "KUSMUNDA-BH-006", "Mine_ID": "M-KUSMUNDA", "Mine_Code": "KUSMUNDA", "Mine_Name": "Kusmunda OCP", "Interval_No": 6, "From_Depth_m": 107.95, "To_Depth_m": 129.54, "Thickness_m": 21.59, "Lithology": "Carbonaceous Shale", "Stratigraphic_Unit": "Underlying sedimentary sequence", "Coal_Bearing": "NO", "Coal_Seam": "", "Weathering_Class": "Fresh", "Sample_ID": "KUSMUNDA-006-S06", "Data_Type": "SYNTHETIC_DEMO", "Source_Provenance": "Synthetic borehole interval generated to match GeoVault demonstration corpus" }, "geometry": { "type": "Point", "coordinates": [ 82.705069, 22.307746 ] } },
{ "type": "Feature", "properties": { "Borehole_ID": "KUSMUNDA-BH-006", "Mine_ID": "M-KUSMUNDA", "Mine_Code": "KUSMUNDA", "Mine_Name": "Kusmunda OCP", "Interval_No": 7, "From_Depth_m": 129.54, "To_Depth_m": 151.13, "Thickness_m": 21.59, "Lithology": "Coal", "Stratigraphic_Unit": "Barakar-equivalent demo unit", "Coal_Bearing": "YES", "Coal_Seam": "GV-KUS-S3", "Weathering_Class": "Fresh", "Sample_ID": "KUSMUNDA-006-S07", "Data_Type": "SYNTHETIC_DEMO", "Source_Provenance": "Synthetic borehole interval generated to match GeoVault demonstration corpus" }, "geometry": { "type": "Point", "coordinates": [ 82.705069, 22.307746 ] } },
{ "type": "Feature", "properties": { "Borehole_ID": "KUSMUNDA-BH-006", "Mine_ID": "M-KUSMUNDA", "Mine_Code": "KUSMUNDA", "Mine_Name": "Kusmunda OCP", "Interval_No": 8, "From_Depth_m": 151.13, "To_Depth_m": 172.72, "Thickness_m": 21.59, "Lithology": "Sandstone", "Stratigraphic_Unit": "Coal-bearing sequence", "Coal_Bearing": "NO", "Coal_Seam": "", "Weathering_Class": "Fresh", "Sample_ID": "KUSMUNDA-006-S08", "Data_Type": "SYNTHETIC_DEMO", "Source_Provenance": "Synthetic borehole interval generated to match GeoVault demonstration corpus" }, "geometry": { "type": "Point", "coordinates": [ 82.705069, 22.307746 ] } },
{ "type": "Feature", "properties": { "Borehole_ID": "KUSMUNDA-BH-006", "Mine_ID": "M-KUSMUNDA", "Mine_Code": "KUSMUNDA", "Mine_Name": "Kusmunda OCP", "Interval_No": 9, "From_Depth_m": 172.72, "To_Depth_m": 194.31, "Thickness_m": 21.59, "Lithology": "Interbedded Sandstone-Shale", "Stratigraphic_Unit": "Coal-bearing sequence", "Coal_Bearing": "NO", "Coal_Seam": "", "Weathering_Class": "Fresh", "Sample_ID": "KUSMUNDA-006-S09", "Data_Type": "SYNTHETIC_DEMO", "Source_Provenance": "Synthetic borehole interval generated to match GeoVault demonstration corpus" }, "geometry": { "type": "Point", "coordinates": [ 82.705069, 22.307746 ] } },
{ "type": "Feature", "properties": { "Borehole_ID": "KUSMUNDA-BH-006", "Mine_ID": "M-KUSMUNDA", "Mine_Code": "KUSMUNDA", "Mine_Name": "Kusmunda OCP", "Interval_No": 10, "From_Depth_m": 194.31, "To_Depth_m": 215.9, "Thickness_m": 21.59, "Lithology": "Sandstone", "Stratigraphic_Unit": "Barakar-equivalent demo unit", "Coal_Bearing": "NO", "Coal_Seam": "", "Weathering_Class": "Fresh", "Sample_ID": "KUSMUNDA-006-S10", "Data_Type": "SYNTHETIC_DEMO", "Source_Provenance": "Synthetic borehole interval generated to match GeoVault demonstration corpus" }, "geometry": { "type": "Point", "coordinates": [ 82.705069, 22.307746 ] } },
{ "type": "Feature", "properties": { "Borehole_ID": "KUSMUNDA-BH-007", "Mine_ID": "M-KUSMUNDA", "Mine_Code": "KUSMUNDA", "Mine_Name": "Kusmunda OCP", "Interval_No": 1, "From_Depth_m": 0.0, "To_Depth_m": 15.77, "Thickness_m": 15.77, "Lithology": "Siltstone", "Stratigraphic_Unit": "Barakar-equivalent demo unit", "Coal_Bearing": "NO", "Coal_Seam": "", "Weathering_Class": "Slight", "Sample_ID": "KUSMUNDA-007-S01", "Data_Type": "SYNTHETIC_DEMO", "Source_Provenance": "Synthetic borehole interval generated to match GeoVault demonstration corpus" }, "geometry": { "type": "Point", "coordinates": [ 82.668951, 22.28426 ] } },
{ "type": "Feature", "properties": { "Borehole_ID": "KUSMUNDA-BH-007", "Mine_ID": "M-KUSMUNDA", "Mine_Code": "KUSMUNDA", "Mine_Name": "Kusmunda OCP", "Interval_No": 2, "From_Depth_m": 15.77, "To_Depth_m": 31.54, "Thickness_m": 15.77, "Lithology": "Shale", "Stratigraphic_Unit": "Overburden", "Coal_Bearing": "NO", "Coal_Seam": "", "Weathering_Class": "Slight", "Sample_ID": "KUSMUNDA-007-S02", "Data_Type": "SYNTHETIC_DEMO", "Source_Provenance": "Synthetic borehole interval generated to match GeoVault demonstration corpus" }, "geometry": { "type": "Point", "coordinates": [ 82.668951, 22.28426 ] } },
{ "type": "Feature", "properties": { "Borehole_ID": "KUSMUNDA-BH-007", "Mine_ID": "M-KUSMUNDA", "Mine_Code": "KUSMUNDA", "Mine_Name": "Kusmunda OCP", "Interval_No": 3, "From_Depth_m": 31.54, "To_Depth_m": 47.31, "Thickness_m": 15.77, "Lithology": "Shale", "Stratigraphic_Unit": "Underlying sedimentary sequence", "Coal_Bearing": "NO", "Coal_Seam": "", "Weathering_Class": "Fresh", "Sample_ID": "KUSMUNDA-007-S03", "Data_Type": "SYNTHETIC_DEMO", "Source_Provenance": "Synthetic borehole interval generated to match GeoVault demonstration corpus" }, "geometry": { "type": "Point", "coordinates": [ 82.668951, 22.28426 ] } },
{ "type": "Feature", "properties": { "Borehole_ID": "KUSMUNDA-BH-007", "Mine_ID": "M-KUSMUNDA", "Mine_Code": "KUSMUNDA", "Mine_Name": "Kusmunda OCP", "Interval_No": 4, "From_Depth_m": 47.31, "To_Depth_m": 63.08, "Thickness_m": 15.77, "Lithology": "Interbedded Sandstone-Shale", "Stratigraphic_Unit": "Overburden", "Coal_Bearing": "NO", "Coal_Seam": "", "Weathering_Class": "Fresh", "Sample_ID": "KUSMUNDA-007-S04", "Data_Type": "SYNTHETIC_DEMO", "Source_Provenance": "Synthetic borehole interval generated to match GeoVault demonstration corpus" }, "geometry": { "type": "Point", "coordinates": [ 82.668951, 22.28426 ] } },
{ "type": "Feature", "properties": { "Borehole_ID": "KUSMUNDA-BH-007", "Mine_ID": "M-KUSMUNDA", "Mine_Code": "KUSMUNDA", "Mine_Name": "Kusmunda OCP", "Interval_No": 5, "From_Depth_m": 63.08, "To_Depth_m": 78.85, "Thickness_m": 15.77, "Lithology": "Mudstone", "Stratigraphic_Unit": "Underlying sedimentary sequence", "Coal_Bearing": "NO", "Coal_Seam": "", "Weathering_Class": "Fresh", "Sample_ID": "KUSMUNDA-007-S05", "Data_Type": "SYNTHETIC_DEMO", "Source_Provenance": "Synthetic borehole interval generated to match GeoVault demonstration corpus" }, "geometry": { "type": "Point", "coordinates": [ 82.668951, 22.28426 ] } },
{ "type": "Feature", "properties": { "Borehole_ID": "KUSMUNDA-BH-007", "Mine_ID": "M-KUSMUNDA", "Mine_Code": "KUSMUNDA", "Mine_Name": "Kusmunda OCP", "Interval_No": 6, "From_Depth_m": 78.85, "To_Depth_m": 94.62, "Thickness_m": 15.77, "Lithology": "Carbonaceous Shale", "Stratigraphic_Unit": "Barakar-equivalent demo unit", "Coal_Bearing": "NO", "Coal_Seam": "", "Weathering_Class": "Fresh", "Sample_ID": "KUSMUNDA-007-S06", "Data_Type": "SYNTHETIC_DEMO", "Source_Provenance": "Synthetic borehole interval generated to match GeoVault demonstration corpus" }, "geometry": { "type": "Point", "coordinates": [ 82.668951, 22.28426 ] } },
{ "type": "Feature", "properties": { "Borehole_ID": "KUSMUNDA-BH-007", "Mine_ID": "M-KUSMUNDA", "Mine_Code": "KUSMUNDA", "Mine_Name": "Kusmunda OCP", "Interval_No": 7, "From_Depth_m": 94.62, "To_Depth_m": 110.39, "Thickness_m": 15.77, "Lithology": "Coal", "Stratigraphic_Unit": "Underlying sedimentary sequence", "Coal_Bearing": "YES", "Coal_Seam": "GV-KUS-S4", "Weathering_Class": "Fresh", "Sample_ID": "KUSMUNDA-007-S07", "Data_Type": "SYNTHETIC_DEMO", "Source_Provenance": "Synthetic borehole interval generated to match GeoVault demonstration corpus" }, "geometry": { "type": "Point", "coordinates": [ 82.668951, 22.28426 ] } },
{ "type": "Feature", "properties": { "Borehole_ID": "KUSMUNDA-BH-007", "Mine_ID": "M-KUSMUNDA", "Mine_Code": "KUSMUNDA", "Mine_Name": "Kusmunda OCP", "Interval_No": 8, "From_Depth_m": 110.39, "To_Depth_m": 126.16, "Thickness_m": 15.77, "Lithology": "Mudstone", "Stratigraphic_Unit": "Underlying sedimentary sequence", "Coal_Bearing": "NO", "Coal_Seam": "", "Weathering_Class": "Fresh", "Sample_ID": "KUSMUNDA-007-S08", "Data_Type": "SYNTHETIC_DEMO", "Source_Provenance": "Synthetic borehole interval generated to match GeoVault demonstration corpus" }, "geometry": { "type": "Point", "coordinates": [ 82.668951, 22.28426 ] } },
{ "type": "Feature", "properties": { "Borehole_ID": "KUSMUNDA-BH-007", "Mine_ID": "M-KUSMUNDA", "Mine_Code": "KUSMUNDA", "Mine_Name": "Kusmunda OCP", "Interval_No": 9, "From_Depth_m": 126.16, "To_Depth_m": 141.93, "Thickness_m": 15.77, "Lithology": "Shale", "Stratigraphic_Unit": "Barakar-equivalent demo unit", "Coal_Bearing": "NO", "Coal_Seam": "", "Weathering_Class": "Fresh", "Sample_ID": "KUSMUNDA-007-S09", "Data_Type": "SYNTHETIC_DEMO", "Source_Provenance": "Synthetic borehole interval generated to match GeoVault demonstration corpus" }, "geometry": { "type": "Point", "coordinates": [ 82.668951, 22.28426 ] } },
{ "type": "Feature", "properties": { "Borehole_ID": "KUSMUNDA-BH-007", "Mine_ID": "M-KUSMUNDA", "Mine_Code": "KUSMUNDA", "Mine_Name": "Kusmunda OCP", "Interval_No": 10, "From_Depth_m": 141.93, "To_Depth_m": 157.7, "Thickness_m": 15.77, "Lithology": "Sandstone", "Stratigraphic_Unit": "Overburden", "Coal_Bearing": "NO", "Coal_Seam": "", "Weathering_Class": "Fresh", "Sample_ID": "KUSMUNDA-007-S10", "Data_Type": "SYNTHETIC_DEMO", "Source_Provenance": "Synthetic borehole interval generated to match GeoVault demonstration corpus" }, "geometry": { "type": "Point", "coordinates": [ 82.668951, 22.28426 ] } },
{ "type": "Feature", "properties": { "Borehole_ID": "KUSMUNDA-BH-008", "Mine_ID": "M-KUSMUNDA", "Mine_Code": "KUSMUNDA", "Mine_Name": "Kusmunda OCP", "Interval_No": 1, "From_Depth_m": 0.0, "To_Depth_m": 10.82, "Thickness_m": 10.82, "Lithology": "Mudstone", "Stratigraphic_Unit": "Barakar-equivalent demo unit", "Coal_Bearing": "NO", "Coal_Seam": "", "Weathering_Class": "Slight", "Sample_ID": "KUSMUNDA-008-S01", "Data_Type": "SYNTHETIC_DEMO", "Source_Provenance": "Synthetic borehole interval generated to match GeoVault demonstration corpus" }, "geometry": { "type": "Point", "coordinates": [ 82.669966, 22.291816 ] } },
{ "type": "Feature", "properties": { "Borehole_ID": "KUSMUNDA-BH-008", "Mine_ID": "M-KUSMUNDA", "Mine_Code": "KUSMUNDA", "Mine_Name": "Kusmunda OCP", "Interval_No": 2, "From_Depth_m": 10.82, "To_Depth_m": 21.64, "Thickness_m": 10.82, "Lithology": "Interbedded Sandstone-Shale", "Stratigraphic_Unit": "Underlying sedimentary sequence", "Coal_Bearing": "NO", "Coal_Seam": "", "Weathering_Class": "Slight", "Sample_ID": "KUSMUNDA-008-S02", "Data_Type": "SYNTHETIC_DEMO", "Source_Provenance": "Synthetic borehole interval generated to match GeoVault demonstration corpus" }, "geometry": { "type": "Point", "coordinates": [ 82.669966, 22.291816 ] } },
{ "type": "Feature", "properties": { "Borehole_ID": "KUSMUNDA-BH-008", "Mine_ID": "M-KUSMUNDA", "Mine_Code": "KUSMUNDA", "Mine_Name": "Kusmunda OCP", "Interval_No": 3, "From_Depth_m": 21.64, "To_Depth_m": 32.46, "Thickness_m": 10.82, "Lithology": "Interbedded Sandstone-Shale", "Stratigraphic_Unit": "Barakar-equivalent demo unit", "Coal_Bearing": "NO", "Coal_Seam": "", "Weathering_Class": "Slight", "Sample_ID": "KUSMUNDA-008-S03", "Data_Type": "SYNTHETIC_DEMO", "Source_Provenance": "Synthetic borehole interval generated to match GeoVault demonstration corpus" }, "geometry": { "type": "Point", "coordinates": [ 82.669966, 22.291816 ] } },
{ "type": "Feature", "properties": { "Borehole_ID": "KUSMUNDA-BH-008", "Mine_ID": "M-KUSMUNDA", "Mine_Code": "KUSMUNDA", "Mine_Name": "Kusmunda OCP", "Interval_No": 4, "From_Depth_m": 32.46, "To_Depth_m": 43.28, "Thickness_m": 10.82, "Lithology": "Carbonaceous Shale", "Stratigraphic_Unit": "Underlying sedimentary sequence", "Coal_Bearing": "NO", "Coal_Seam": "", "Weathering_Class": "Fresh", "Sample_ID": "KUSMUNDA-008-S04", "Data_Type": "SYNTHETIC_DEMO", "Source_Provenance": "Synthetic borehole interval generated to match GeoVault demonstration corpus" }, "geometry": { "type": "Point", "coordinates": [ 82.669966, 22.291816 ] } },
{ "type": "Feature", "properties": { "Borehole_ID": "KUSMUNDA-BH-008", "Mine_ID": "M-KUSMUNDA", "Mine_Code": "KUSMUNDA", "Mine_Name": "Kusmunda OCP", "Interval_No": 5, "From_Depth_m": 43.28, "To_Depth_m": 54.1, "Thickness_m": 10.82, "Lithology": "Coal", "Stratigraphic_Unit": "Barakar-equivalent demo unit", "Coal_Bearing": "YES", "Coal_Seam": "GV-KUS-S4", "Weathering_Class": "Fresh", "Sample_ID": "KUSMUNDA-008-S05", "Data_Type": "SYNTHETIC_DEMO", "Source_Provenance": "Synthetic borehole interval generated to match GeoVault demonstration corpus" }, "geometry": { "type": "Point", "coordinates": [ 82.669966, 22.291816 ] } },
{ "type": "Feature", "properties": { "Borehole_ID": "KUSMUNDA-BH-008", "Mine_ID": "M-KUSMUNDA", "Mine_Code": "KUSMUNDA", "Mine_Name": "Kusmunda OCP", "Interval_No": 6, "From_Depth_m": 54.1, "To_Depth_m": 64.92, "Thickness_m": 10.82, "Lithology": "Mudstone", "Stratigraphic_Unit": "Coal-bearing sequence", "Coal_Bearing": "NO", "Coal_Seam": "", "Weathering_Class": "Fresh", "Sample_ID": "KUSMUNDA-008-S06", "Data_Type": "SYNTHETIC_DEMO", "Source_Provenance": "Synthetic borehole interval generated to match GeoVault demonstration corpus" }, "geometry": { "type": "Point", "coordinates": [ 82.669966, 22.291816 ] } },
{ "type": "Feature", "properties": { "Borehole_ID": "KUSMUNDA-BH-008", "Mine_ID": "M-KUSMUNDA", "Mine_Code": "KUSMUNDA", "Mine_Name": "Kusmunda OCP", "Interval_No": 7, "From_Depth_m": 64.92, "To_Depth_m": 75.74, "Thickness_m": 10.82, "Lithology": "Mudstone", "Stratigraphic_Unit": "Underlying sedimentary sequence", "Coal_Bearing": "NO", "Coal_Seam": "", "Weathering_Class": "Fresh", "Sample_ID": "KUSMUNDA-008-S07", "Data_Type": "SYNTHETIC_DEMO", "Source_Provenance": "Synthetic borehole interval generated to match GeoVault demonstration corpus" }, "geometry": { "type": "Point", "coordinates": [ 82.669966, 22.291816 ] } },
{ "type": "Feature", "properties": { "Borehole_ID": "KUSMUNDA-BH-008", "Mine_ID": "M-KUSMUNDA", "Mine_Code": "KUSMUNDA", "Mine_Name": "Kusmunda OCP", "Interval_No": 8, "From_Depth_m": 75.74, "To_Depth_m": 86.56, "Thickness_m": 10.82, "Lithology": "Interbedded Sandstone-Shale", "Stratigraphic_Unit": "Underlying sedimentary sequence", "Coal_Bearing": "NO", "Coal_Seam": "", "Weathering_Class": "Fresh", "Sample_ID": "KUSMUNDA-008-S08", "Data_Type": "SYNTHETIC_DEMO", "Source_Provenance": "Synthetic borehole interval generated to match GeoVault demonstration corpus" }, "geometry": { "type": "Point", "coordinates": [ 82.669966, 22.291816 ] } },
{ "type": "Feature", "properties": { "Borehole_ID": "KUSMUNDA-BH-008", "Mine_ID": "M-KUSMUNDA", "Mine_Code": "KUSMUNDA", "Mine_Name": "Kusmunda OCP", "Interval_No": 9, "From_Depth_m": 86.56, "To_Depth_m": 97.38, "Thickness_m": 10.82, "Lithology": "Shale", "Stratigraphic_Unit": "Underlying sedimentary sequence", "Coal_Bearing": "NO", "Coal_Seam": "", "Weathering_Class": "Fresh", "Sample_ID": "KUSMUNDA-008-S09", "Data_Type": "SYNTHETIC_DEMO", "Source_Provenance": "Synthetic borehole interval generated to match GeoVault demonstration corpus" }, "geometry": { "type": "Point", "coordinates": [ 82.669966, 22.291816 ] } },
{ "type": "Feature", "properties": { "Borehole_ID": "KUSMUNDA-BH-008", "Mine_ID": "M-KUSMUNDA", "Mine_Code": "KUSMUNDA", "Mine_Name": "Kusmunda OCP", "Interval_No": 10, "From_Depth_m": 97.38, "To_Depth_m": 108.2, "Thickness_m": 10.82, "Lithology": "Mudstone", "Stratigraphic_Unit": "Coal-bearing sequence", "Coal_Bearing": "NO", "Coal_Seam": "", "Weathering_Class": "Fresh", "Sample_ID": "KUSMUNDA-008-S10", "Data_Type": "SYNTHETIC_DEMO", "Source_Provenance": "Synthetic borehole interval generated to match GeoVault demonstration corpus" }, "geometry": { "type": "Point", "coordinates": [ 82.669966, 22.291816 ] } },
{ "type": "Feature", "properties": { "Borehole_ID": "KUSMUNDA-BH-009", "Mine_ID": "M-KUSMUNDA", "Mine_Code": "KUSMUNDA", "Mine_Name": "Kusmunda OCP", "Interval_No": 1, "From_Depth_m": 0.0, "To_Depth_m": 11.95, "Thickness_m": 11.95, "Lithology": "Shale", "Stratigraphic_Unit": "Coal-bearing sequence", "Coal_Bearing": "NO", "Coal_Seam": "", "Weathering_Class": "Moderate", "Sample_ID": "KUSMUNDA-009-S01", "Data_Type": "SYNTHETIC_DEMO", "Source_Provenance": "Synthetic borehole interval generated to match GeoVault demonstration corpus" }, "geometry": { "type": "Point", "coordinates": [ 82.671011, 22.315098 ] } },
{ "type": "Feature", "properties": { "Borehole_ID": "KUSMUNDA-BH-009", "Mine_ID": "M-KUSMUNDA", "Mine_Code": "KUSMUNDA", "Mine_Name": "Kusmunda OCP", "Interval_No": 2, "From_Depth_m": 11.95, "To_Depth_m": 23.9, "Thickness_m": 11.95, "Lithology": "Shale", "Stratigraphic_Unit": "Coal-bearing sequence", "Coal_Bearing": "NO", "Coal_Seam": "", "Weathering_Class": "Moderate", "Sample_ID": "KUSMUNDA-009-S02", "Data_Type": "SYNTHETIC_DEMO", "Source_Provenance": "Synthetic borehole interval generated to match GeoVault demonstration corpus" }, "geometry": { "type": "Point", "coordinates": [ 82.671011, 22.315098 ] } },
{ "type": "Feature", "properties": { "Borehole_ID": "KUSMUNDA-BH-009", "Mine_ID": "M-KUSMUNDA", "Mine_Code": "KUSMUNDA", "Mine_Name": "Kusmunda OCP", "Interval_No": 3, "From_Depth_m": 23.9, "To_Depth_m": 35.85, "Thickness_m": 11.95, "Lithology": "Sandstone", "Stratigraphic_Unit": "Coal-bearing sequence", "Coal_Bearing": "NO", "Coal_Seam": "", "Weathering_Class": "Slight", "Sample_ID": "KUSMUNDA-009-S03", "Data_Type": "SYNTHETIC_DEMO", "Source_Provenance": "Synthetic borehole interval generated to match GeoVault demonstration corpus" }, "geometry": { "type": "Point", "coordinates": [ 82.671011, 22.315098 ] } },
{ "type": "Feature", "properties": { "Borehole_ID": "KUSMUNDA-BH-009", "Mine_ID": "M-KUSMUNDA", "Mine_Code": "KUSMUNDA", "Mine_Name": "Kusmunda OCP", "Interval_No": 4, "From_Depth_m": 35.85, "To_Depth_m": 47.8, "Thickness_m": 11.95, "Lithology": "Siltstone", "Stratigraphic_Unit": "Coal-bearing sequence", "Coal_Bearing": "NO", "Coal_Seam": "", "Weathering_Class": "Fresh", "Sample_ID": "KUSMUNDA-009-S04", "Data_Type": "SYNTHETIC_DEMO", "Source_Provenance": "Synthetic borehole interval generated to match GeoVault demonstration corpus" }, "geometry": { "type": "Point", "coordinates": [ 82.671011, 22.315098 ] } },
{ "type": "Feature", "properties": { "Borehole_ID": "KUSMUNDA-BH-009", "Mine_ID": "M-KUSMUNDA", "Mine_Code": "KUSMUNDA", "Mine_Name": "Kusmunda OCP", "Interval_No": 5, "From_Depth_m": 47.8, "To_Depth_m": 59.75, "Thickness_m": 11.95, "Lithology": "Carbonaceous Shale", "Stratigraphic_Unit": "Coal-bearing sequence", "Coal_Bearing": "NO", "Coal_Seam": "", "Weathering_Class": "Fresh", "Sample_ID": "KUSMUNDA-009-S05", "Data_Type": "SYNTHETIC_DEMO", "Source_Provenance": "Synthetic borehole interval generated to match GeoVault demonstration corpus" }, "geometry": { "type": "Point", "coordinates": [ 82.671011, 22.315098 ] } },
{ "type": "Feature", "properties": { "Borehole_ID": "KUSMUNDA-BH-009", "Mine_ID": "M-KUSMUNDA", "Mine_Code": "KUSMUNDA", "Mine_Name": "Kusmunda OCP", "Interval_No": 6, "From_Depth_m": 59.75, "To_Depth_m": 71.7, "Thickness_m": 11.95, "Lithology": "Coal", "Stratigraphic_Unit": "Overburden", "Coal_Bearing": "YES", "Coal_Seam": "GV-KUS-S4", "Weathering_Class": "Fresh", "Sample_ID": "KUSMUNDA-009-S06", "Data_Type": "SYNTHETIC_DEMO", "Source_Provenance": "Synthetic borehole interval generated to match GeoVault demonstration corpus" }, "geometry": { "type": "Point", "coordinates": [ 82.671011, 22.315098 ] } },
{ "type": "Feature", "properties": { "Borehole_ID": "KUSMUNDA-BH-009", "Mine_ID": "M-KUSMUNDA", "Mine_Code": "KUSMUNDA", "Mine_Name": "Kusmunda OCP", "Interval_No": 7, "From_Depth_m": 71.7, "To_Depth_m": 83.65, "Thickness_m": 11.95, "Lithology": "Shale", "Stratigraphic_Unit": "Barakar-equivalent demo unit", "Coal_Bearing": "NO", "Coal_Seam": "", "Weathering_Class": "Fresh", "Sample_ID": "KUSMUNDA-009-S07", "Data_Type": "SYNTHETIC_DEMO", "Source_Provenance": "Synthetic borehole interval generated to match GeoVault demonstration corpus" }, "geometry": { "type": "Point", "coordinates": [ 82.671011, 22.315098 ] } },
{ "type": "Feature", "properties": { "Borehole_ID": "KUSMUNDA-BH-009", "Mine_ID": "M-KUSMUNDA", "Mine_Code": "KUSMUNDA", "Mine_Name": "Kusmunda OCP", "Interval_No": 8, "From_Depth_m": 83.65, "To_Depth_m": 95.6, "Thickness_m": 11.95, "Lithology": "Shale", "Stratigraphic_Unit": "Underlying sedimentary sequence", "Coal_Bearing": "NO", "Coal_Seam": "", "Weathering_Class": "Fresh", "Sample_ID": "KUSMUNDA-009-S08", "Data_Type": "SYNTHETIC_DEMO", "Source_Provenance": "Synthetic borehole interval generated to match GeoVault demonstration corpus" }, "geometry": { "type": "Point", "coordinates": [ 82.671011, 22.315098 ] } },
{ "type": "Feature", "properties": { "Borehole_ID": "KUSMUNDA-BH-009", "Mine_ID": "M-KUSMUNDA", "Mine_Code": "KUSMUNDA", "Mine_Name": "Kusmunda OCP", "Interval_No": 9, "From_Depth_m": 95.6, "To_Depth_m": 107.55, "Thickness_m": 11.95, "Lithology": "Shale", "Stratigraphic_Unit": "Barakar-equivalent demo unit", "Coal_Bearing": "NO", "Coal_Seam": "", "Weathering_Class": "Fresh", "Sample_ID": "KUSMUNDA-009-S09", "Data_Type": "SYNTHETIC_DEMO", "Source_Provenance": "Synthetic borehole interval generated to match GeoVault demonstration corpus" }, "geometry": { "type": "Point", "coordinates": [ 82.671011, 22.315098 ] } },
{ "type": "Feature", "properties": { "Borehole_ID": "KUSMUNDA-BH-009", "Mine_ID": "M-KUSMUNDA", "Mine_Code": "KUSMUNDA", "Mine_Name": "Kusmunda OCP", "Interval_No": 10, "From_Depth_m": 107.55, "To_Depth_m": 119.5, "Thickness_m": 11.95, "Lithology": "Sandstone", "Stratigraphic_Unit": "Underlying sedimentary sequence", "Coal_Bearing": "NO", "Coal_Seam": "", "Weathering_Class": "Fresh", "Sample_ID": "KUSMUNDA-009-S10", "Data_Type": "SYNTHETIC_DEMO", "Source_Provenance": "Synthetic borehole interval generated to match GeoVault demonstration corpus" }, "geometry": { "type": "Point", "coordinates": [ 82.671011, 22.315098 ] } },
{ "type": "Feature", "properties": { "Borehole_ID": "KUSMUNDA-BH-010", "Mine_ID": "M-KUSMUNDA", "Mine_Code": "KUSMUNDA", "Mine_Name": "Kusmunda OCP", "Interval_No": 1, "From_Depth_m": 0.0, "To_Depth_m": 17.57, "Thickness_m": 17.57, "Lithology": "Mudstone", "Stratigraphic_Unit": "Coal-bearing sequence", "Coal_Bearing": "NO", "Coal_Seam": "", "Weathering_Class": "Moderate", "Sample_ID": "KUSMUNDA-010-S01", "Data_Type": "SYNTHETIC_DEMO", "Source_Provenance": "Synthetic borehole interval generated to match GeoVault demonstration corpus" }, "geometry": { "type": "Point", "coordinates": [ 82.649655, 22.283079 ] } },
{ "type": "Feature", "properties": { "Borehole_ID": "KUSMUNDA-BH-010", "Mine_ID": "M-KUSMUNDA", "Mine_Code": "KUSMUNDA", "Mine_Name": "Kusmunda OCP", "Interval_No": 2, "From_Depth_m": 17.57, "To_Depth_m": 35.14, "Thickness_m": 17.57, "Lithology": "Mudstone", "Stratigraphic_Unit": "Overburden", "Coal_Bearing": "NO", "Coal_Seam": "", "Weathering_Class": "Slight", "Sample_ID": "KUSMUNDA-010-S02", "Data_Type": "SYNTHETIC_DEMO", "Source_Provenance": "Synthetic borehole interval generated to match GeoVault demonstration corpus" }, "geometry": { "type": "Point", "coordinates": [ 82.649655, 22.283079 ] } },
{ "type": "Feature", "properties": { "Borehole_ID": "KUSMUNDA-BH-010", "Mine_ID": "M-KUSMUNDA", "Mine_Code": "KUSMUNDA", "Mine_Name": "Kusmunda OCP", "Interval_No": 3, "From_Depth_m": 35.14, "To_Depth_m": 52.71, "Thickness_m": 17.57, "Lithology": "Carbonaceous Shale", "Stratigraphic_Unit": "Underlying sedimentary sequence", "Coal_Bearing": "NO", "Coal_Seam": "", "Weathering_Class": "Fresh", "Sample_ID": "KUSMUNDA-010-S03", "Data_Type": "SYNTHETIC_DEMO", "Source_Provenance": "Synthetic borehole interval generated to match GeoVault demonstration corpus" }, "geometry": { "type": "Point", "coordinates": [ 82.649655, 22.283079 ] } },
{ "type": "Feature", "properties": { "Borehole_ID": "KUSMUNDA-BH-010", "Mine_ID": "M-KUSMUNDA", "Mine_Code": "KUSMUNDA", "Mine_Name": "Kusmunda OCP", "Interval_No": 4, "From_Depth_m": 52.71, "To_Depth_m": 70.28, "Thickness_m": 17.57, "Lithology": "Coal", "Stratigraphic_Unit": "Underlying sedimentary sequence", "Coal_Bearing": "YES", "Coal_Seam": "GV-KUS-S3", "Weathering_Class": "Fresh", "Sample_ID": "KUSMUNDA-010-S04", "Data_Type": "SYNTHETIC_DEMO", "Source_Provenance": "Synthetic borehole interval generated to match GeoVault demonstration corpus" }, "geometry": { "type": "Point", "coordinates": [ 82.649655, 22.283079 ] } },
{ "type": "Feature", "properties": { "Borehole_ID": "KUSMUNDA-BH-010", "Mine_ID": "M-KUSMUNDA", "Mine_Code": "KUSMUNDA", "Mine_Name": "Kusmunda OCP", "Interval_No": 5, "From_Depth_m": 70.28, "To_Depth_m": 87.85, "Thickness_m": 17.57, "Lithology": "Interbedded Sandstone-Shale", "Stratigraphic_Unit": "Overburden", "Coal_Bearing": "NO", "Coal_Seam": "", "Weathering_Class": "Fresh", "Sample_ID": "KUSMUNDA-010-S05", "Data_Type": "SYNTHETIC_DEMO", "Source_Provenance": "Synthetic borehole interval generated to match GeoVault demonstration corpus" }, "geometry": { "type": "Point", "coordinates": [ 82.649655, 22.283079 ] } },
{ "type": "Feature", "properties": { "Borehole_ID": "KUSMUNDA-BH-010", "Mine_ID": "M-KUSMUNDA", "Mine_Code": "KUSMUNDA", "Mine_Name": "Kusmunda OCP", "Interval_No": 6, "From_Depth_m": 87.85, "To_Depth_m": 105.42, "Thickness_m": 17.57, "Lithology": "Interbedded Sandstone-Shale", "Stratigraphic_Unit": "Underlying sedimentary sequence", "Coal_Bearing": "NO", "Coal_Seam": "", "Weathering_Class": "Fresh", "Sample_ID": "KUSMUNDA-010-S06", "Data_Type": "SYNTHETIC_DEMO", "Source_Provenance": "Synthetic borehole interval generated to match GeoVault demonstration corpus" }, "geometry": { "type": "Point", "coordinates": [ 82.649655, 22.283079 ] } },
{ "type": "Feature", "properties": { "Borehole_ID": "KUSMUNDA-BH-010", "Mine_ID": "M-KUSMUNDA", "Mine_Code": "KUSMUNDA", "Mine_Name": "Kusmunda OCP", "Interval_No": 7, "From_Depth_m": 105.42, "To_Depth_m": 122.99, "Thickness_m": 17.57, "Lithology": "Mudstone", "Stratigraphic_Unit": "Overburden", "Coal_Bearing": "NO", "Coal_Seam": "", "Weathering_Class": "Fresh", "Sample_ID": "KUSMUNDA-010-S07", "Data_Type": "SYNTHETIC_DEMO", "Source_Provenance": "Synthetic borehole interval generated to match GeoVault demonstration corpus" }, "geometry": { "type": "Point", "coordinates": [ 82.649655, 22.283079 ] } },
{ "type": "Feature", "properties": { "Borehole_ID": "KUSMUNDA-BH-010", "Mine_ID": "M-KUSMUNDA", "Mine_Code": "KUSMUNDA", "Mine_Name": "Kusmunda OCP", "Interval_No": 8, "From_Depth_m": 122.99, "To_Depth_m": 140.56, "Thickness_m": 17.57, "Lithology": "Siltstone", "Stratigraphic_Unit": "Coal-bearing sequence", "Coal_Bearing": "NO", "Coal_Seam": "", "Weathering_Class": "Fresh", "Sample_ID": "KUSMUNDA-010-S08", "Data_Type": "SYNTHETIC_DEMO", "Source_Provenance": "Synthetic borehole interval generated to match GeoVault demonstration corpus" }, "geometry": { "type": "Point", "coordinates": [ 82.649655, 22.283079 ] } },
{ "type": "Feature", "properties": { "Borehole_ID": "KUSMUNDA-BH-010", "Mine_ID": "M-KUSMUNDA", "Mine_Code": "KUSMUNDA", "Mine_Name": "Kusmunda OCP", "Interval_No": 9, "From_Depth_m": 140.56, "To_Depth_m": 158.13, "Thickness_m": 17.57, "Lithology": "Mudstone", "Stratigraphic_Unit": "Underlying sedimentary sequence", "Coal_Bearing": "NO", "Coal_Seam": "", "Weathering_Class": "Fresh", "Sample_ID": "KUSMUNDA-010-S09", "Data_Type": "SYNTHETIC_DEMO", "Source_Provenance": "Synthetic borehole interval generated to match GeoVault demonstration corpus" }, "geometry": { "type": "Point", "coordinates": [ 82.649655, 22.283079 ] } },
{ "type": "Feature", "properties": { "Borehole_ID": "KUSMUNDA-BH-010", "Mine_ID": "M-KUSMUNDA", "Mine_Code": "KUSMUNDA", "Mine_Name": "Kusmunda OCP", "Interval_No": 10, "From_Depth_m": 158.13, "To_Depth_m": 175.7, "Thickness_m": 17.57, "Lithology": "Interbedded Sandstone-Shale", "Stratigraphic_Unit": "Barakar-equivalent demo unit", "Coal_Bearing": "NO", "Coal_Seam": "", "Weathering_Class": "Fresh", "Sample_ID": "KUSMUNDA-010-S10", "Data_Type": "SYNTHETIC_DEMO", "Source_Provenance": "Synthetic borehole interval generated to match GeoVault demonstration corpus" }, "geometry": { "type": "Point", "coordinates": [ 82.649655, 22.283079 ] } },
{ "type": "Feature", "properties": { "Borehole_ID": "KUSMUNDA-BH-011", "Mine_ID": "M-KUSMUNDA", "Mine_Code": "KUSMUNDA", "Mine_Name": "Kusmunda OCP", "Interval_No": 1, "From_Depth_m": 0.0, "To_Depth_m": 16.0, "Thickness_m": 16.0, "Lithology": "Mudstone", "Stratigraphic_Unit": "Barakar-equivalent demo unit", "Coal_Bearing": "NO", "Coal_Seam": "", "Weathering_Class": "Moderate", "Sample_ID": "KUSMUNDA-011-S01", "Data_Type": "SYNTHETIC_DEMO", "Source_Provenance": "Synthetic borehole interval generated to match GeoVault demonstration corpus" }, "geometry": { "type": "Point", "coordinates": [ 82.686485, 22.283073 ] } },
{ "type": "Feature", "properties": { "Borehole_ID": "KUSMUNDA-BH-011", "Mine_ID": "M-KUSMUNDA", "Mine_Code": "KUSMUNDA", "Mine_Name": "Kusmunda OCP", "Interval_No": 2, "From_Depth_m": 16.0, "To_Depth_m": 32.0, "Thickness_m": 16.0, "Lithology": "Mudstone", "Stratigraphic_Unit": "Underlying sedimentary sequence", "Coal_Bearing": "NO", "Coal_Seam": "", "Weathering_Class": "Slight", "Sample_ID": "KUSMUNDA-011-S02", "Data_Type": "SYNTHETIC_DEMO", "Source_Provenance": "Synthetic borehole interval generated to match GeoVault demonstration corpus" }, "geometry": { "type": "Point", "coordinates": [ 82.686485, 22.283073 ] } },
{ "type": "Feature", "properties": { "Borehole_ID": "KUSMUNDA-BH-011", "Mine_ID": "M-KUSMUNDA", "Mine_Code": "KUSMUNDA", "Mine_Name": "Kusmunda OCP", "Interval_No": 3, "From_Depth_m": 32.0, "To_Depth_m": 48.0, "Thickness_m": 16.0, "Lithology": "Mudstone", "Stratigraphic_Unit": "Coal-bearing sequence", "Coal_Bearing": "NO", "Coal_Seam": "", "Weathering_Class": "Fresh", "Sample_ID": "KUSMUNDA-011-S03", "Data_Type": "SYNTHETIC_DEMO", "Source_Provenance": "Synthetic borehole interval generated to match GeoVault demonstration corpus" }, "geometry": { "type": "Point", "coordinates": [ 82.686485, 22.283073 ] } },
{ "type": "Feature", "properties": { "Borehole_ID": "KUSMUNDA-BH-011", "Mine_ID": "M-KUSMUNDA", "Mine_Code": "KUSMUNDA", "Mine_Name": "Kusmunda OCP", "Interval_No": 4, "From_Depth_m": 48.0, "To_Depth_m": 64.0, "Thickness_m": 16.0, "Lithology": "Mudstone", "Stratigraphic_Unit": "Barakar-equivalent demo unit", "Coal_Bearing": "NO", "Coal_Seam": "", "Weathering_Class": "Fresh", "Sample_ID": "KUSMUNDA-011-S04", "Data_Type": "SYNTHETIC_DEMO", "Source_Provenance": "Synthetic borehole interval generated to match GeoVault demonstration corpus" }, "geometry": { "type": "Point", "coordinates": [ 82.686485, 22.283073 ] } },
{ "type": "Feature", "properties": { "Borehole_ID": "KUSMUNDA-BH-011", "Mine_ID": "M-KUSMUNDA", "Mine_Code": "KUSMUNDA", "Mine_Name": "Kusmunda OCP", "Interval_No": 5, "From_Depth_m": 64.0, "To_Depth_m": 80.0, "Thickness_m": 16.0, "Lithology": "Mudstone", "Stratigraphic_Unit": "Barakar-equivalent demo unit", "Coal_Bearing": "NO", "Coal_Seam": "", "Weathering_Class": "Fresh", "Sample_ID": "KUSMUNDA-011-S05", "Data_Type": "SYNTHETIC_DEMO", "Source_Provenance": "Synthetic borehole interval generated to match GeoVault demonstration corpus" }, "geometry": { "type": "Point", "coordinates": [ 82.686485, 22.283073 ] } },
{ "type": "Feature", "properties": { "Borehole_ID": "KUSMUNDA-BH-011", "Mine_ID": "M-KUSMUNDA", "Mine_Code": "KUSMUNDA", "Mine_Name": "Kusmunda OCP", "Interval_No": 6, "From_Depth_m": 80.0, "To_Depth_m": 96.0, "Thickness_m": 16.0, "Lithology": "Interbedded Sandstone-Shale", "Stratigraphic_Unit": "Overburden", "Coal_Bearing": "NO", "Coal_Seam": "", "Weathering_Class": "Fresh", "Sample_ID": "KUSMUNDA-011-S06", "Data_Type": "SYNTHETIC_DEMO", "Source_Provenance": "Synthetic borehole interval generated to match GeoVault demonstration corpus" }, "geometry": { "type": "Point", "coordinates": [ 82.686485, 22.283073 ] } },
{ "type": "Feature", "properties": { "Borehole_ID": "KUSMUNDA-BH-011", "Mine_ID": "M-KUSMUNDA", "Mine_Code": "KUSMUNDA", "Mine_Name": "Kusmunda OCP", "Interval_No": 7, "From_Depth_m": 96.0, "To_Depth_m": 112.0, "Thickness_m": 16.0, "Lithology": "Carbonaceous Shale", "Stratigraphic_Unit": "Underlying sedimentary sequence", "Coal_Bearing": "NO", "Coal_Seam": "", "Weathering_Class": "Fresh", "Sample_ID": "KUSMUNDA-011-S07", "Data_Type": "SYNTHETIC_DEMO", "Source_Provenance": "Synthetic borehole interval generated to match GeoVault demonstration corpus" }, "geometry": { "type": "Point", "coordinates": [ 82.686485, 22.283073 ] } },
{ "type": "Feature", "properties": { "Borehole_ID": "KUSMUNDA-BH-011", "Mine_ID": "M-KUSMUNDA", "Mine_Code": "KUSMUNDA", "Mine_Name": "Kusmunda OCP", "Interval_No": 8, "From_Depth_m": 112.0, "To_Depth_m": 128.0, "Thickness_m": 16.0, "Lithology": "Coal", "Stratigraphic_Unit": "Overburden", "Coal_Bearing": "YES", "Coal_Seam": "GV-KUS-S1", "Weathering_Class": "Fresh", "Sample_ID": "KUSMUNDA-011-S08", "Data_Type": "SYNTHETIC_DEMO", "Source_Provenance": "Synthetic borehole interval generated to match GeoVault demonstration corpus" }, "geometry": { "type": "Point", "coordinates": [ 82.686485, 22.283073 ] } },
{ "type": "Feature", "properties": { "Borehole_ID": "KUSMUNDA-BH-011", "Mine_ID": "M-KUSMUNDA", "Mine_Code": "KUSMUNDA", "Mine_Name": "Kusmunda OCP", "Interval_No": 9, "From_Depth_m": 128.0, "To_Depth_m": 144.0, "Thickness_m": 16.0, "Lithology": "Sandstone", "Stratigraphic_Unit": "Underlying sedimentary sequence", "Coal_Bearing": "NO", "Coal_Seam": "", "Weathering_Class": "Fresh", "Sample_ID": "KUSMUNDA-011-S09", "Data_Type": "SYNTHETIC_DEMO", "Source_Provenance": "Synthetic borehole interval generated to match GeoVault demonstration corpus" }, "geometry": { "type": "Point", "coordinates": [ 82.686485, 22.283073 ] } },
{ "type": "Feature", "properties": { "Borehole_ID": "KUSMUNDA-BH-011", "Mine_ID": "M-KUSMUNDA", "Mine_Code": "KUSMUNDA", "Mine_Name": "Kusmunda OCP", "Interval_No": 10, "From_Depth_m": 144.0, "To_Depth_m": 160.0, "Thickness_m": 16.0, "Lithology": "Shale", "Stratigraphic_Unit": "Underlying sedimentary sequence", "Coal_Bearing": "NO", "Coal_Seam": "", "Weathering_Class": "Fresh", "Sample_ID": "KUSMUNDA-011-S10", "Data_Type": "SYNTHETIC_DEMO", "Source_Provenance": "Synthetic borehole interval generated to match GeoVault demonstration corpus" }, "geometry": { "type": "Point", "coordinates": [ 82.686485, 22.283073 ] } },
{ "type": "Feature", "properties": { "Borehole_ID": "KUSMUNDA-BH-012", "Mine_ID": "M-KUSMUNDA", "Mine_Code": "KUSMUNDA", "Mine_Name": "Kusmunda OCP", "Interval_No": 1, "From_Depth_m": 0.0, "To_Depth_m": 19.41, "Thickness_m": 19.41, "Lithology": "Shale", "Stratigraphic_Unit": "Overburden", "Coal_Bearing": "NO", "Coal_Seam": "", "Weathering_Class": "Moderate", "Sample_ID": "KUSMUNDA-012-S01", "Data_Type": "SYNTHETIC_DEMO", "Source_Provenance": "Synthetic borehole interval generated to match GeoVault demonstration corpus" }, "geometry": { "type": "Point", "coordinates": [ 82.703551, 22.324271 ] } },
{ "type": "Feature", "properties": { "Borehole_ID": "KUSMUNDA-BH-012", "Mine_ID": "M-KUSMUNDA", "Mine_Code": "KUSMUNDA", "Mine_Name": "Kusmunda OCP", "Interval_No": 2, "From_Depth_m": 19.41, "To_Depth_m": 38.82, "Thickness_m": 19.41, "Lithology": "Mudstone", "Stratigraphic_Unit": "Coal-bearing sequence", "Coal_Bearing": "NO", "Coal_Seam": "", "Weathering_Class": "Slight", "Sample_ID": "KUSMUNDA-012-S02", "Data_Type": "SYNTHETIC_DEMO", "Source_Provenance": "Synthetic borehole interval generated to match GeoVault demonstration corpus" }, "geometry": { "type": "Point", "coordinates": [ 82.703551, 22.324271 ] } },
{ "type": "Feature", "properties": { "Borehole_ID": "KUSMUNDA-BH-012", "Mine_ID": "M-KUSMUNDA", "Mine_Code": "KUSMUNDA", "Mine_Name": "Kusmunda OCP", "Interval_No": 3, "From_Depth_m": 38.82, "To_Depth_m": 58.23, "Thickness_m": 19.41, "Lithology": "Carbonaceous Shale", "Stratigraphic_Unit": "Underlying sedimentary sequence", "Coal_Bearing": "NO", "Coal_Seam": "", "Weathering_Class": "Fresh", "Sample_ID": "KUSMUNDA-012-S03", "Data_Type": "SYNTHETIC_DEMO", "Source_Provenance": "Synthetic borehole interval generated to match GeoVault demonstration corpus" }, "geometry": { "type": "Point", "coordinates": [ 82.703551, 22.324271 ] } },
{ "type": "Feature", "properties": { "Borehole_ID": "KUSMUNDA-BH-012", "Mine_ID": "M-KUSMUNDA", "Mine_Code": "KUSMUNDA", "Mine_Name": "Kusmunda OCP", "Interval_No": 4, "From_Depth_m": 58.23, "To_Depth_m": 77.64, "Thickness_m": 19.41, "Lithology": "Coal", "Stratigraphic_Unit": "Coal-bearing sequence", "Coal_Bearing": "YES", "Coal_Seam": "GV-KUS-S3", "Weathering_Class": "Fresh", "Sample_ID": "KUSMUNDA-012-S04", "Data_Type": "SYNTHETIC_DEMO", "Source_Provenance": "Synthetic borehole interval generated to match GeoVault demonstration corpus" }, "geometry": { "type": "Point", "coordinates": [ 82.703551, 22.324271 ] } },
{ "type": "Feature", "properties": { "Borehole_ID": "KUSMUNDA-BH-012", "Mine_ID": "M-KUSMUNDA", "Mine_Code": "KUSMUNDA", "Mine_Name": "Kusmunda OCP", "Interval_No": 5, "From_Depth_m": 77.64, "To_Depth_m": 97.05, "Thickness_m": 19.41, "Lithology": "Siltstone", "Stratigraphic_Unit": "Underlying sedimentary sequence", "Coal_Bearing": "NO", "Coal_Seam": "", "Weathering_Class": "Fresh", "Sample_ID": "KUSMUNDA-012-S05", "Data_Type": "SYNTHETIC_DEMO", "Source_Provenance": "Synthetic borehole interval generated to match GeoVault demonstration corpus" }, "geometry": { "type": "Point", "coordinates": [ 82.703551, 22.324271 ] } },
{ "type": "Feature", "properties": { "Borehole_ID": "KUSMUNDA-BH-012", "Mine_ID": "M-KUSMUNDA", "Mine_Code": "KUSMUNDA", "Mine_Name": "Kusmunda OCP", "Interval_No": 6, "From_Depth_m": 97.05, "To_Depth_m": 116.46, "Thickness_m": 19.41, "Lithology": "Siltstone", "Stratigraphic_Unit": "Underlying sedimentary sequence", "Coal_Bearing": "NO", "Coal_Seam": "", "Weathering_Class": "Fresh", "Sample_ID": "KUSMUNDA-012-S06", "Data_Type": "SYNTHETIC_DEMO", "Source_Provenance": "Synthetic borehole interval generated to match GeoVault demonstration corpus" }, "geometry": { "type": "Point", "coordinates": [ 82.703551, 22.324271 ] } },
{ "type": "Feature", "properties": { "Borehole_ID": "KUSMUNDA-BH-012", "Mine_ID": "M-KUSMUNDA", "Mine_Code": "KUSMUNDA", "Mine_Name": "Kusmunda OCP", "Interval_No": 7, "From_Depth_m": 116.46, "To_Depth_m": 135.87, "Thickness_m": 19.41, "Lithology": "Siltstone", "Stratigraphic_Unit": "Overburden", "Coal_Bearing": "NO", "Coal_Seam": "", "Weathering_Class": "Fresh", "Sample_ID": "KUSMUNDA-012-S07", "Data_Type": "SYNTHETIC_DEMO", "Source_Provenance": "Synthetic borehole interval generated to match GeoVault demonstration corpus" }, "geometry": { "type": "Point", "coordinates": [ 82.703551, 22.324271 ] } },
{ "type": "Feature", "properties": { "Borehole_ID": "KUSMUNDA-BH-012", "Mine_ID": "M-KUSMUNDA", "Mine_Code": "KUSMUNDA", "Mine_Name": "Kusmunda OCP", "Interval_No": 8, "From_Depth_m": 135.87, "To_Depth_m": 155.28, "Thickness_m": 19.41, "Lithology": "Mudstone", "Stratigraphic_Unit": "Overburden", "Coal_Bearing": "NO", "Coal_Seam": "", "Weathering_Class": "Fresh", "Sample_ID": "KUSMUNDA-012-S08", "Data_Type": "SYNTHETIC_DEMO", "Source_Provenance": "Synthetic borehole interval generated to match GeoVault demonstration corpus" }, "geometry": { "type": "Point", "coordinates": [ 82.703551, 22.324271 ] } },
{ "type": "Feature", "properties": { "Borehole_ID": "KUSMUNDA-BH-012", "Mine_ID": "M-KUSMUNDA", "Mine_Code": "KUSMUNDA", "Mine_Name": "Kusmunda OCP", "Interval_No": 9, "From_Depth_m": 155.28, "To_Depth_m": 174.69, "Thickness_m": 19.41, "Lithology": "Interbedded Sandstone-Shale", "Stratigraphic_Unit": "Overburden", "Coal_Bearing": "NO", "Coal_Seam": "", "Weathering_Class": "Fresh", "Sample_ID": "KUSMUNDA-012-S09", "Data_Type": "SYNTHETIC_DEMO", "Source_Provenance": "Synthetic borehole interval generated to match GeoVault demonstration corpus" }, "geometry": { "type": "Point", "coordinates": [ 82.703551, 22.324271 ] } },
{ "type": "Feature", "properties": { "Borehole_ID": "KUSMUNDA-BH-012", "Mine_ID": "M-KUSMUNDA", "Mine_Code": "KUSMUNDA", "Mine_Name": "Kusmunda OCP", "Interval_No": 10, "From_Depth_m": 174.69, "To_Depth_m": 194.1, "Thickness_m": 19.41, "Lithology": "Siltstone", "Stratigraphic_Unit": "Barakar-equivalent demo unit", "Coal_Bearing": "NO", "Coal_Seam": "", "Weathering_Class": "Fresh", "Sample_ID": "KUSMUNDA-012-S10", "Data_Type": "SYNTHETIC_DEMO", "Source_Provenance": "Synthetic borehole interval generated to match GeoVault demonstration corpus" }, "geometry": { "type": "Point", "coordinates": [ 82.703551, 22.324271 ] } },
{ "type": "Feature", "properties": { "Borehole_ID": "DIPKA-BH-001", "Mine_ID": "M-DIPKA", "Mine_Code": "DIPKA", "Mine_Name": "Dipka OCP", "Interval_No": 1, "From_Depth_m": 0.0, "To_Depth_m": 14.99, "Thickness_m": 14.99, "Lithology": "Mudstone", "Stratigraphic_Unit": "Underlying sedimentary sequence", "Coal_Bearing": "NO", "Coal_Seam": "", "Weathering_Class": "Slight", "Sample_ID": "DIPKA-001-S01", "Data_Type": "SYNTHETIC_DEMO", "Source_Provenance": "Synthetic borehole interval generated to match GeoVault demonstration corpus" }, "geometry": { "type": "Point", "coordinates": [ 82.52091, 22.325916 ] } },
{ "type": "Feature", "properties": { "Borehole_ID": "DIPKA-BH-001", "Mine_ID": "M-DIPKA", "Mine_Code": "DIPKA", "Mine_Name": "Dipka OCP", "Interval_No": 2, "From_Depth_m": 14.99, "To_Depth_m": 29.98, "Thickness_m": 14.99, "Lithology": "Mudstone", "Stratigraphic_Unit": "Underlying sedimentary sequence", "Coal_Bearing": "NO", "Coal_Seam": "", "Weathering_Class": "Moderate", "Sample_ID": "DIPKA-001-S02", "Data_Type": "SYNTHETIC_DEMO", "Source_Provenance": "Synthetic borehole interval generated to match GeoVault demonstration corpus" }, "geometry": { "type": "Point", "coordinates": [ 82.52091, 22.325916 ] } },
{ "type": "Feature", "properties": { "Borehole_ID": "DIPKA-BH-001", "Mine_ID": "M-DIPKA", "Mine_Code": "DIPKA", "Mine_Name": "Dipka OCP", "Interval_No": 3, "From_Depth_m": 29.98, "To_Depth_m": 44.97, "Thickness_m": 14.99, "Lithology": "Sandstone", "Stratigraphic_Unit": "Overburden", "Coal_Bearing": "NO", "Coal_Seam": "", "Weathering_Class": "Fresh", "Sample_ID": "DIPKA-001-S03", "Data_Type": "SYNTHETIC_DEMO", "Source_Provenance": "Synthetic borehole interval generated to match GeoVault demonstration corpus" }, "geometry": { "type": "Point", "coordinates": [ 82.52091, 22.325916 ] } },
{ "type": "Feature", "properties": { "Borehole_ID": "DIPKA-BH-001", "Mine_ID": "M-DIPKA", "Mine_Code": "DIPKA", "Mine_Name": "Dipka OCP", "Interval_No": 4, "From_Depth_m": 44.97, "To_Depth_m": 59.96, "Thickness_m": 14.99, "Lithology": "Carbonaceous Shale", "Stratigraphic_Unit": "Coal-bearing sequence", "Coal_Bearing": "NO", "Coal_Seam": "", "Weathering_Class": "Fresh", "Sample_ID": "DIPKA-001-S04", "Data_Type": "SYNTHETIC_DEMO", "Source_Provenance": "Synthetic borehole interval generated to match GeoVault demonstration corpus" }, "geometry": { "type": "Point", "coordinates": [ 82.52091, 22.325916 ] } },
{ "type": "Feature", "properties": { "Borehole_ID": "DIPKA-BH-001", "Mine_ID": "M-DIPKA", "Mine_Code": "DIPKA", "Mine_Name": "Dipka OCP", "Interval_No": 5, "From_Depth_m": 59.96, "To_Depth_m": 74.95, "Thickness_m": 14.99, "Lithology": "Coal", "Stratigraphic_Unit": "Barakar-equivalent demo unit", "Coal_Bearing": "YES", "Coal_Seam": "GV-DIP-S2", "Weathering_Class": "Fresh", "Sample_ID": "DIPKA-001-S05", "Data_Type": "SYNTHETIC_DEMO", "Source_Provenance": "Synthetic borehole interval generated to match GeoVault demonstration corpus" }, "geometry": { "type": "Point", "coordinates": [ 82.52091, 22.325916 ] } },
{ "type": "Feature", "properties": { "Borehole_ID": "DIPKA-BH-001", "Mine_ID": "M-DIPKA", "Mine_Code": "DIPKA", "Mine_Name": "Dipka OCP", "Interval_No": 6, "From_Depth_m": 74.95, "To_Depth_m": 89.94, "Thickness_m": 14.99, "Lithology": "Mudstone", "Stratigraphic_Unit": "Barakar-equivalent demo unit", "Coal_Bearing": "NO", "Coal_Seam": "", "Weathering_Class": "Fresh", "Sample_ID": "DIPKA-001-S06", "Data_Type": "SYNTHETIC_DEMO", "Source_Provenance": "Synthetic borehole interval generated to match GeoVault demonstration corpus" }, "geometry": { "type": "Point", "coordinates": [ 82.52091, 22.325916 ] } },
{ "type": "Feature", "properties": { "Borehole_ID": "DIPKA-BH-001", "Mine_ID": "M-DIPKA", "Mine_Code": "DIPKA", "Mine_Name": "Dipka OCP", "Interval_No": 7, "From_Depth_m": 89.94, "To_Depth_m": 104.93, "Thickness_m": 14.99, "Lithology": "Siltstone", "Stratigraphic_Unit": "Coal-bearing sequence", "Coal_Bearing": "NO", "Coal_Seam": "", "Weathering_Class": "Fresh", "Sample_ID": "DIPKA-001-S07", "Data_Type": "SYNTHETIC_DEMO", "Source_Provenance": "Synthetic borehole interval generated to match GeoVault demonstration corpus" }, "geometry": { "type": "Point", "coordinates": [ 82.52091, 22.325916 ] } },
{ "type": "Feature", "properties": { "Borehole_ID": "DIPKA-BH-001", "Mine_ID": "M-DIPKA", "Mine_Code": "DIPKA", "Mine_Name": "Dipka OCP", "Interval_No": 8, "From_Depth_m": 104.93, "To_Depth_m": 119.92, "Thickness_m": 14.99, "Lithology": "Mudstone", "Stratigraphic_Unit": "Coal-bearing sequence", "Coal_Bearing": "NO", "Coal_Seam": "", "Weathering_Class": "Fresh", "Sample_ID": "DIPKA-001-S08", "Data_Type": "SYNTHETIC_DEMO", "Source_Provenance": "Synthetic borehole interval generated to match GeoVault demonstration corpus" }, "geometry": { "type": "Point", "coordinates": [ 82.52091, 22.325916 ] } },
{ "type": "Feature", "properties": { "Borehole_ID": "DIPKA-BH-001", "Mine_ID": "M-DIPKA", "Mine_Code": "DIPKA", "Mine_Name": "Dipka OCP", "Interval_No": 9, "From_Depth_m": 119.92, "To_Depth_m": 134.91, "Thickness_m": 14.99, "Lithology": "Mudstone", "Stratigraphic_Unit": "Coal-bearing sequence", "Coal_Bearing": "NO", "Coal_Seam": "", "Weathering_Class": "Fresh", "Sample_ID": "DIPKA-001-S09", "Data_Type": "SYNTHETIC_DEMO", "Source_Provenance": "Synthetic borehole interval generated to match GeoVault demonstration corpus" }, "geometry": { "type": "Point", "coordinates": [ 82.52091, 22.325916 ] } },
{ "type": "Feature", "properties": { "Borehole_ID": "DIPKA-BH-001", "Mine_ID": "M-DIPKA", "Mine_Code": "DIPKA", "Mine_Name": "Dipka OCP", "Interval_No": 10, "From_Depth_m": 134.91, "To_Depth_m": 149.9, "Thickness_m": 14.99, "Lithology": "Siltstone", "Stratigraphic_Unit": "Underlying sedimentary sequence", "Coal_Bearing": "NO", "Coal_Seam": "", "Weathering_Class": "Fresh", "Sample_ID": "DIPKA-001-S10", "Data_Type": "SYNTHETIC_DEMO", "Source_Provenance": "Synthetic borehole interval generated to match GeoVault demonstration corpus" }, "geometry": { "type": "Point", "coordinates": [ 82.52091, 22.325916 ] } },
{ "type": "Feature", "properties": { "Borehole_ID": "DIPKA-BH-002", "Mine_ID": "M-DIPKA", "Mine_Code": "DIPKA", "Mine_Name": "Dipka OCP", "Interval_No": 1, "From_Depth_m": 0.0, "To_Depth_m": 16.03, "Thickness_m": 16.03, "Lithology": "Siltstone", "Stratigraphic_Unit": "Coal-bearing sequence", "Coal_Bearing": "NO", "Coal_Seam": "", "Weathering_Class": "Moderate", "Sample_ID": "DIPKA-002-S01", "Data_Type": "SYNTHETIC_DEMO", "Source_Provenance": "Synthetic borehole interval generated to match GeoVault demonstration corpus" }, "geometry": { "type": "Point", "coordinates": [ 82.542167, 22.316656 ] } },
{ "type": "Feature", "properties": { "Borehole_ID": "DIPKA-BH-002", "Mine_ID": "M-DIPKA", "Mine_Code": "DIPKA", "Mine_Name": "Dipka OCP", "Interval_No": 2, "From_Depth_m": 16.03, "To_Depth_m": 32.06, "Thickness_m": 16.03, "Lithology": "Shale", "Stratigraphic_Unit": "Overburden", "Coal_Bearing": "NO", "Coal_Seam": "", "Weathering_Class": "Slight", "Sample_ID": "DIPKA-002-S02", "Data_Type": "SYNTHETIC_DEMO", "Source_Provenance": "Synthetic borehole interval generated to match GeoVault demonstration corpus" }, "geometry": { "type": "Point", "coordinates": [ 82.542167, 22.316656 ] } },
{ "type": "Feature", "properties": { "Borehole_ID": "DIPKA-BH-002", "Mine_ID": "M-DIPKA", "Mine_Code": "DIPKA", "Mine_Name": "Dipka OCP", "Interval_No": 3, "From_Depth_m": 32.06, "To_Depth_m": 48.09, "Thickness_m": 16.03, "Lithology": "Siltstone", "Stratigraphic_Unit": "Overburden", "Coal_Bearing": "NO", "Coal_Seam": "", "Weathering_Class": "Fresh", "Sample_ID": "DIPKA-002-S03", "Data_Type": "SYNTHETIC_DEMO", "Source_Provenance": "Synthetic borehole interval generated to match GeoVault demonstration corpus" }, "geometry": { "type": "Point", "coordinates": [ 82.542167, 22.316656 ] } },
{ "type": "Feature", "properties": { "Borehole_ID": "DIPKA-BH-002", "Mine_ID": "M-DIPKA", "Mine_Code": "DIPKA", "Mine_Name": "Dipka OCP", "Interval_No": 4, "From_Depth_m": 48.09, "To_Depth_m": 64.12, "Thickness_m": 16.03, "Lithology": "Carbonaceous Shale", "Stratigraphic_Unit": "Barakar-equivalent demo unit", "Coal_Bearing": "NO", "Coal_Seam": "", "Weathering_Class": "Fresh", "Sample_ID": "DIPKA-002-S04", "Data_Type": "SYNTHETIC_DEMO", "Source_Provenance": "Synthetic borehole interval generated to match GeoVault demonstration corpus" }, "geometry": { "type": "Point", "coordinates": [ 82.542167, 22.316656 ] } },
{ "type": "Feature", "properties": { "Borehole_ID": "DIPKA-BH-002", "Mine_ID": "M-DIPKA", "Mine_Code": "DIPKA", "Mine_Name": "Dipka OCP", "Interval_No": 5, "From_Depth_m": 64.12, "To_Depth_m": 80.15, "Thickness_m": 16.03, "Lithology": "Coal", "Stratigraphic_Unit": "Barakar-equivalent demo unit", "Coal_Bearing": "YES", "Coal_Seam": "GV-DIP-S3", "Weathering_Class": "Fresh", "Sample_ID": "DIPKA-002-S05", "Data_Type": "SYNTHETIC_DEMO", "Source_Provenance": "Synthetic borehole interval generated to match GeoVault demonstration corpus" }, "geometry": { "type": "Point", "coordinates": [ 82.542167, 22.316656 ] } },
{ "type": "Feature", "properties": { "Borehole_ID": "DIPKA-BH-002", "Mine_ID": "M-DIPKA", "Mine_Code": "DIPKA", "Mine_Name": "Dipka OCP", "Interval_No": 6, "From_Depth_m": 80.15, "To_Depth_m": 96.18, "Thickness_m": 16.03, "Lithology": "Shale", "Stratigraphic_Unit": "Underlying sedimentary sequence", "Coal_Bearing": "NO", "Coal_Seam": "", "Weathering_Class": "Fresh", "Sample_ID": "DIPKA-002-S06", "Data_Type": "SYNTHETIC_DEMO", "Source_Provenance": "Synthetic borehole interval generated to match GeoVault demonstration corpus" }, "geometry": { "type": "Point", "coordinates": [ 82.542167, 22.316656 ] } },
{ "type": "Feature", "properties": { "Borehole_ID": "DIPKA-BH-002", "Mine_ID": "M-DIPKA", "Mine_Code": "DIPKA", "Mine_Name": "Dipka OCP", "Interval_No": 7, "From_Depth_m": 96.18, "To_Depth_m": 112.21, "Thickness_m": 16.03, "Lithology": "Siltstone", "Stratigraphic_Unit": "Coal-bearing sequence", "Coal_Bearing": "NO", "Coal_Seam": "", "Weathering_Class": "Fresh", "Sample_ID": "DIPKA-002-S07", "Data_Type": "SYNTHETIC_DEMO", "Source_Provenance": "Synthetic borehole interval generated to match GeoVault demonstration corpus" }, "geometry": { "type": "Point", "coordinates": [ 82.542167, 22.316656 ] } },
{ "type": "Feature", "properties": { "Borehole_ID": "DIPKA-BH-002", "Mine_ID": "M-DIPKA", "Mine_Code": "DIPKA", "Mine_Name": "Dipka OCP", "Interval_No": 8, "From_Depth_m": 112.21, "To_Depth_m": 128.24, "Thickness_m": 16.03, "Lithology": "Sandstone", "Stratigraphic_Unit": "Barakar-equivalent demo unit", "Coal_Bearing": "NO", "Coal_Seam": "", "Weathering_Class": "Fresh", "Sample_ID": "DIPKA-002-S08", "Data_Type": "SYNTHETIC_DEMO", "Source_Provenance": "Synthetic borehole interval generated to match GeoVault demonstration corpus" }, "geometry": { "type": "Point", "coordinates": [ 82.542167, 22.316656 ] } },
{ "type": "Feature", "properties": { "Borehole_ID": "DIPKA-BH-002", "Mine_ID": "M-DIPKA", "Mine_Code": "DIPKA", "Mine_Name": "Dipka OCP", "Interval_No": 9, "From_Depth_m": 128.24, "To_Depth_m": 144.27, "Thickness_m": 16.03, "Lithology": "Siltstone", "Stratigraphic_Unit": "Barakar-equivalent demo unit", "Coal_Bearing": "NO", "Coal_Seam": "", "Weathering_Class": "Fresh", "Sample_ID": "DIPKA-002-S09", "Data_Type": "SYNTHETIC_DEMO", "Source_Provenance": "Synthetic borehole interval generated to match GeoVault demonstration corpus" }, "geometry": { "type": "Point", "coordinates": [ 82.542167, 22.316656 ] } },
{ "type": "Feature", "properties": { "Borehole_ID": "DIPKA-BH-002", "Mine_ID": "M-DIPKA", "Mine_Code": "DIPKA", "Mine_Name": "Dipka OCP", "Interval_No": 10, "From_Depth_m": 144.27, "To_Depth_m": 160.3, "Thickness_m": 16.03, "Lithology": "Siltstone", "Stratigraphic_Unit": "Barakar-equivalent demo unit", "Coal_Bearing": "NO", "Coal_Seam": "", "Weathering_Class": "Fresh", "Sample_ID": "DIPKA-002-S10", "Data_Type": "SYNTHETIC_DEMO", "Source_Provenance": "Synthetic borehole interval generated to match GeoVault demonstration corpus" }, "geometry": { "type": "Point", "coordinates": [ 82.542167, 22.316656 ] } },
{ "type": "Feature", "properties": { "Borehole_ID": "DIPKA-BH-003", "Mine_ID": "M-DIPKA", "Mine_Code": "DIPKA", "Mine_Name": "Dipka OCP", "Interval_No": 1, "From_Depth_m": 0.0, "To_Depth_m": 17.07, "Thickness_m": 17.07, "Lithology": "Siltstone", "Stratigraphic_Unit": "Overburden", "Coal_Bearing": "NO", "Coal_Seam": "", "Weathering_Class": "Slight", "Sample_ID": "DIPKA-003-S01", "Data_Type": "SYNTHETIC_DEMO", "Source_Provenance": "Synthetic borehole interval generated to match GeoVault demonstration corpus" }, "geometry": { "type": "Point", "coordinates": [ 82.565798, 22.32222 ] } },
{ "type": "Feature", "properties": { "Borehole_ID": "DIPKA-BH-003", "Mine_ID": "M-DIPKA", "Mine_Code": "DIPKA", "Mine_Name": "Dipka OCP", "Interval_No": 2, "From_Depth_m": 17.07, "To_Depth_m": 34.14, "Thickness_m": 17.07, "Lithology": "Siltstone", "Stratigraphic_Unit": "Overburden", "Coal_Bearing": "NO", "Coal_Seam": "", "Weathering_Class": "Slight", "Sample_ID": "DIPKA-003-S02", "Data_Type": "SYNTHETIC_DEMO", "Source_Provenance": "Synthetic borehole interval generated to match GeoVault demonstration corpus" }, "geometry": { "type": "Point", "coordinates": [ 82.565798, 22.32222 ] } },
{ "type": "Feature", "properties": { "Borehole_ID": "DIPKA-BH-003", "Mine_ID": "M-DIPKA", "Mine_Code": "DIPKA", "Mine_Name": "Dipka OCP", "Interval_No": 3, "From_Depth_m": 34.14, "To_Depth_m": 51.21, "Thickness_m": 17.07, "Lithology": "Interbedded Sandstone-Shale", "Stratigraphic_Unit": "Coal-bearing sequence", "Coal_Bearing": "NO", "Coal_Seam": "", "Weathering_Class": "Fresh", "Sample_ID": "DIPKA-003-S03", "Data_Type": "SYNTHETIC_DEMO", "Source_Provenance": "Synthetic borehole interval generated to match GeoVault demonstration corpus" }, "geometry": { "type": "Point", "coordinates": [ 82.565798, 22.32222 ] } },
{ "type": "Feature", "properties": { "Borehole_ID": "DIPKA-BH-003", "Mine_ID": "M-DIPKA", "Mine_Code": "DIPKA", "Mine_Name": "Dipka OCP", "Interval_No": 4, "From_Depth_m": 51.21, "To_Depth_m": 68.28, "Thickness_m": 17.07, "Lithology": "Shale", "Stratigraphic_Unit": "Underlying sedimentary sequence", "Coal_Bearing": "NO", "Coal_Seam": "", "Weathering_Class": "Fresh", "Sample_ID": "DIPKA-003-S04", "Data_Type": "SYNTHETIC_DEMO", "Source_Provenance": "Synthetic borehole interval generated to match GeoVault demonstration corpus" }, "geometry": { "type": "Point", "coordinates": [ 82.565798, 22.32222 ] } },
{ "type": "Feature", "properties": { "Borehole_ID": "DIPKA-BH-003", "Mine_ID": "M-DIPKA", "Mine_Code": "DIPKA", "Mine_Name": "Dipka OCP", "Interval_No": 5, "From_Depth_m": 68.28, "To_Depth_m": 85.35, "Thickness_m": 17.07, "Lithology": "Carbonaceous Shale", "Stratigraphic_Unit": "Overburden", "Coal_Bearing": "NO", "Coal_Seam": "", "Weathering_Class": "Fresh", "Sample_ID": "DIPKA-003-S05", "Data_Type": "SYNTHETIC_DEMO", "Source_Provenance": "Synthetic borehole interval generated to match GeoVault demonstration corpus" }, "geometry": { "type": "Point", "coordinates": [ 82.565798, 22.32222 ] } },
{ "type": "Feature", "properties": { "Borehole_ID": "DIPKA-BH-003", "Mine_ID": "M-DIPKA", "Mine_Code": "DIPKA", "Mine_Name": "Dipka OCP", "Interval_No": 6, "From_Depth_m": 85.35, "To_Depth_m": 102.42, "Thickness_m": 17.07, "Lithology": "Coal", "Stratigraphic_Unit": "Overburden", "Coal_Bearing": "YES", "Coal_Seam": "GV-DIP-S3", "Weathering_Class": "Fresh", "Sample_ID": "DIPKA-003-S06", "Data_Type": "SYNTHETIC_DEMO", "Source_Provenance": "Synthetic borehole interval generated to match GeoVault demonstration corpus" }, "geometry": { "type": "Point", "coordinates": [ 82.565798, 22.32222 ] } },
{ "type": "Feature", "properties": { "Borehole_ID": "DIPKA-BH-003", "Mine_ID": "M-DIPKA", "Mine_Code": "DIPKA", "Mine_Name": "Dipka OCP", "Interval_No": 7, "From_Depth_m": 102.42, "To_Depth_m": 119.49, "Thickness_m": 17.07, "Lithology": "Interbedded Sandstone-Shale", "Stratigraphic_Unit": "Coal-bearing sequence", "Coal_Bearing": "NO", "Coal_Seam": "", "Weathering_Class": "Fresh", "Sample_ID": "DIPKA-003-S07", "Data_Type": "SYNTHETIC_DEMO", "Source_Provenance": "Synthetic borehole interval generated to match GeoVault demonstration corpus" }, "geometry": { "type": "Point", "coordinates": [ 82.565798, 22.32222 ] } },
{ "type": "Feature", "properties": { "Borehole_ID": "DIPKA-BH-003", "Mine_ID": "M-DIPKA", "Mine_Code": "DIPKA", "Mine_Name": "Dipka OCP", "Interval_No": 8, "From_Depth_m": 119.49, "To_Depth_m": 136.56, "Thickness_m": 17.07, "Lithology": "Mudstone", "Stratigraphic_Unit": "Underlying sedimentary sequence", "Coal_Bearing": "NO", "Coal_Seam": "", "Weathering_Class": "Fresh", "Sample_ID": "DIPKA-003-S08", "Data_Type": "SYNTHETIC_DEMO", "Source_Provenance": "Synthetic borehole interval generated to match GeoVault demonstration corpus" }, "geometry": { "type": "Point", "coordinates": [ 82.565798, 22.32222 ] } },
{ "type": "Feature", "properties": { "Borehole_ID": "DIPKA-BH-003", "Mine_ID": "M-DIPKA", "Mine_Code": "DIPKA", "Mine_Name": "Dipka OCP", "Interval_No": 9, "From_Depth_m": 136.56, "To_Depth_m": 153.63, "Thickness_m": 17.07, "Lithology": "Mudstone", "Stratigraphic_Unit": "Coal-bearing sequence", "Coal_Bearing": "NO", "Coal_Seam": "", "Weathering_Class": "Fresh", "Sample_ID": "DIPKA-003-S09", "Data_Type": "SYNTHETIC_DEMO", "Source_Provenance": "Synthetic borehole interval generated to match GeoVault demonstration corpus" }, "geometry": { "type": "Point", "coordinates": [ 82.565798, 22.32222 ] } },
{ "type": "Feature", "properties": { "Borehole_ID": "DIPKA-BH-003", "Mine_ID": "M-DIPKA", "Mine_Code": "DIPKA", "Mine_Name": "Dipka OCP", "Interval_No": 10, "From_Depth_m": 153.63, "To_Depth_m": 170.7, "Thickness_m": 17.07, "Lithology": "Shale", "Stratigraphic_Unit": "Overburden", "Coal_Bearing": "NO", "Coal_Seam": "", "Weathering_Class": "Fresh", "Sample_ID": "DIPKA-003-S10", "Data_Type": "SYNTHETIC_DEMO", "Source_Provenance": "Synthetic borehole interval generated to match GeoVault demonstration corpus" }, "geometry": { "type": "Point", "coordinates": [ 82.565798, 22.32222 ] } },
{ "type": "Feature", "properties": { "Borehole_ID": "DIPKA-BH-004", "Mine_ID": "M-DIPKA", "Mine_Code": "DIPKA", "Mine_Name": "Dipka OCP", "Interval_No": 1, "From_Depth_m": 0.0, "To_Depth_m": 23.01, "Thickness_m": 23.01, "Lithology": "Siltstone", "Stratigraphic_Unit": "Underlying sedimentary sequence", "Coal_Bearing": "NO", "Coal_Seam": "", "Weathering_Class": "Slight", "Sample_ID": "DIPKA-004-S01", "Data_Type": "SYNTHETIC_DEMO", "Source_Provenance": "Synthetic borehole interval generated to match GeoVault demonstration corpus" }, "geometry": { "type": "Point", "coordinates": [ 82.562701, 22.325141 ] } },
{ "type": "Feature", "properties": { "Borehole_ID": "DIPKA-BH-004", "Mine_ID": "M-DIPKA", "Mine_Code": "DIPKA", "Mine_Name": "Dipka OCP", "Interval_No": 2, "From_Depth_m": 23.01, "To_Depth_m": 46.02, "Thickness_m": 23.01, "Lithology": "Sandstone", "Stratigraphic_Unit": "Underlying sedimentary sequence", "Coal_Bearing": "NO", "Coal_Seam": "", "Weathering_Class": "Moderate", "Sample_ID": "DIPKA-004-S02", "Data_Type": "SYNTHETIC_DEMO", "Source_Provenance": "Synthetic borehole interval generated to match GeoVault demonstration corpus" }, "geometry": { "type": "Point", "coordinates": [ 82.562701, 22.325141 ] } },
{ "type": "Feature", "properties": { "Borehole_ID": "DIPKA-BH-004", "Mine_ID": "M-DIPKA", "Mine_Code": "DIPKA", "Mine_Name": "Dipka OCP", "Interval_No": 3, "From_Depth_m": 46.02, "To_Depth_m": 69.03, "Thickness_m": 23.01, "Lithology": "Sandstone", "Stratigraphic_Unit": "Overburden", "Coal_Bearing": "NO", "Coal_Seam": "", "Weathering_Class": "Fresh", "Sample_ID": "DIPKA-004-S03", "Data_Type": "SYNTHETIC_DEMO", "Source_Provenance": "Synthetic borehole interval generated to match GeoVault demonstration corpus" }, "geometry": { "type": "Point", "coordinates": [ 82.562701, 22.325141 ] } },
{ "type": "Feature", "properties": { "Borehole_ID": "DIPKA-BH-004", "Mine_ID": "M-DIPKA", "Mine_Code": "DIPKA", "Mine_Name": "Dipka OCP", "Interval_No": 4, "From_Depth_m": 69.03, "To_Depth_m": 92.04, "Thickness_m": 23.01, "Lithology": "Carbonaceous Shale", "Stratigraphic_Unit": "Barakar-equivalent demo unit", "Coal_Bearing": "NO", "Coal_Seam": "", "Weathering_Class": "Fresh", "Sample_ID": "DIPKA-004-S04", "Data_Type": "SYNTHETIC_DEMO", "Source_Provenance": "Synthetic borehole interval generated to match GeoVault demonstration corpus" }, "geometry": { "type": "Point", "coordinates": [ 82.562701, 22.325141 ] } },
{ "type": "Feature", "properties": { "Borehole_ID": "DIPKA-BH-004", "Mine_ID": "M-DIPKA", "Mine_Code": "DIPKA", "Mine_Name": "Dipka OCP", "Interval_No": 5, "From_Depth_m": 92.04, "To_Depth_m": 115.05, "Thickness_m": 23.01, "Lithology": "Coal", "Stratigraphic_Unit": "Barakar-equivalent demo unit", "Coal_Bearing": "YES", "Coal_Seam": "GV-DIP-S4", "Weathering_Class": "Fresh", "Sample_ID": "DIPKA-004-S05", "Data_Type": "SYNTHETIC_DEMO", "Source_Provenance": "Synthetic borehole interval generated to match GeoVault demonstration corpus" }, "geometry": { "type": "Point", "coordinates": [ 82.562701, 22.325141 ] } },
{ "type": "Feature", "properties": { "Borehole_ID": "DIPKA-BH-004", "Mine_ID": "M-DIPKA", "Mine_Code": "DIPKA", "Mine_Name": "Dipka OCP", "Interval_No": 6, "From_Depth_m": 115.05, "To_Depth_m": 138.06, "Thickness_m": 23.01, "Lithology": "Interbedded Sandstone-Shale", "Stratigraphic_Unit": "Coal-bearing sequence", "Coal_Bearing": "NO", "Coal_Seam": "", "Weathering_Class": "Fresh", "Sample_ID": "DIPKA-004-S06", "Data_Type": "SYNTHETIC_DEMO", "Source_Provenance": "Synthetic borehole interval generated to match GeoVault demonstration corpus" }, "geometry": { "type": "Point", "coordinates": [ 82.562701, 22.325141 ] } },
{ "type": "Feature", "properties": { "Borehole_ID": "DIPKA-BH-004", "Mine_ID": "M-DIPKA", "Mine_Code": "DIPKA", "Mine_Name": "Dipka OCP", "Interval_No": 7, "From_Depth_m": 138.06, "To_Depth_m": 161.07, "Thickness_m": 23.01, "Lithology": "Sandstone", "Stratigraphic_Unit": "Barakar-equivalent demo unit", "Coal_Bearing": "NO", "Coal_Seam": "", "Weathering_Class": "Fresh", "Sample_ID": "DIPKA-004-S07", "Data_Type": "SYNTHETIC_DEMO", "Source_Provenance": "Synthetic borehole interval generated to match GeoVault demonstration corpus" }, "geometry": { "type": "Point", "coordinates": [ 82.562701, 22.325141 ] } },
{ "type": "Feature", "properties": { "Borehole_ID": "DIPKA-BH-004", "Mine_ID": "M-DIPKA", "Mine_Code": "DIPKA", "Mine_Name": "Dipka OCP", "Interval_No": 8, "From_Depth_m": 161.07, "To_Depth_m": 184.08, "Thickness_m": 23.01, "Lithology": "Sandstone", "Stratigraphic_Unit": "Underlying sedimentary sequence", "Coal_Bearing": "NO", "Coal_Seam": "", "Weathering_Class": "Fresh", "Sample_ID": "DIPKA-004-S08", "Data_Type": "SYNTHETIC_DEMO", "Source_Provenance": "Synthetic borehole interval generated to match GeoVault demonstration corpus" }, "geometry": { "type": "Point", "coordinates": [ 82.562701, 22.325141 ] } },
{ "type": "Feature", "properties": { "Borehole_ID": "DIPKA-BH-004", "Mine_ID": "M-DIPKA", "Mine_Code": "DIPKA", "Mine_Name": "Dipka OCP", "Interval_No": 9, "From_Depth_m": 184.08, "To_Depth_m": 207.09, "Thickness_m": 23.01, "Lithology": "Interbedded Sandstone-Shale", "Stratigraphic_Unit": "Barakar-equivalent demo unit", "Coal_Bearing": "NO", "Coal_Seam": "", "Weathering_Class": "Fresh", "Sample_ID": "DIPKA-004-S09", "Data_Type": "SYNTHETIC_DEMO", "Source_Provenance": "Synthetic borehole interval generated to match GeoVault demonstration corpus" }, "geometry": { "type": "Point", "coordinates": [ 82.562701, 22.325141 ] } },
{ "type": "Feature", "properties": { "Borehole_ID": "DIPKA-BH-004", "Mine_ID": "M-DIPKA", "Mine_Code": "DIPKA", "Mine_Name": "Dipka OCP", "Interval_No": 10, "From_Depth_m": 207.09, "To_Depth_m": 230.1, "Thickness_m": 23.01, "Lithology": "Interbedded Sandstone-Shale", "Stratigraphic_Unit": "Underlying sedimentary sequence", "Coal_Bearing": "NO", "Coal_Seam": "", "Weathering_Class": "Fresh", "Sample_ID": "DIPKA-004-S10", "Data_Type": "SYNTHETIC_DEMO", "Source_Provenance": "Synthetic borehole interval generated to match GeoVault demonstration corpus" }, "geometry": { "type": "Point", "coordinates": [ 82.562701, 22.325141 ] } },
{ "type": "Feature", "properties": { "Borehole_ID": "DIPKA-BH-005", "Mine_ID": "M-DIPKA", "Mine_Code": "DIPKA", "Mine_Name": "Dipka OCP", "Interval_No": 1, "From_Depth_m": 0.0, "To_Depth_m": 17.2, "Thickness_m": 17.2, "Lithology": "Mudstone", "Stratigraphic_Unit": "Underlying sedimentary sequence", "Coal_Bearing": "NO", "Coal_Seam": "", "Weathering_Class": "Moderate", "Sample_ID": "DIPKA-005-S01", "Data_Type": "SYNTHETIC_DEMO", "Source_Provenance": "Synthetic borehole interval generated to match GeoVault demonstration corpus" }, "geometry": { "type": "Point", "coordinates": [ 82.545298, 22.311344 ] } },
{ "type": "Feature", "properties": { "Borehole_ID": "DIPKA-BH-005", "Mine_ID": "M-DIPKA", "Mine_Code": "DIPKA", "Mine_Name": "Dipka OCP", "Interval_No": 2, "From_Depth_m": 17.2, "To_Depth_m": 34.4, "Thickness_m": 17.2, "Lithology": "Interbedded Sandstone-Shale", "Stratigraphic_Unit": "Underlying sedimentary sequence", "Coal_Bearing": "NO", "Coal_Seam": "", "Weathering_Class": "Moderate", "Sample_ID": "DIPKA-005-S02", "Data_Type": "SYNTHETIC_DEMO", "Source_Provenance": "Synthetic borehole interval generated to match GeoVault demonstration corpus" }, "geometry": { "type": "Point", "coordinates": [ 82.545298, 22.311344 ] } },
{ "type": "Feature", "properties": { "Borehole_ID": "DIPKA-BH-005", "Mine_ID": "M-DIPKA", "Mine_Code": "DIPKA", "Mine_Name": "Dipka OCP", "Interval_No": 3, "From_Depth_m": 34.4, "To_Depth_m": 51.6, "Thickness_m": 17.2, "Lithology": "Carbonaceous Shale", "Stratigraphic_Unit": "Overburden", "Coal_Bearing": "NO", "Coal_Seam": "", "Weathering_Class": "Fresh", "Sample_ID": "DIPKA-005-S03", "Data_Type": "SYNTHETIC_DEMO", "Source_Provenance": "Synthetic borehole interval generated to match GeoVault demonstration corpus" }, "geometry": { "type": "Point", "coordinates": [ 82.545298, 22.311344 ] } },
{ "type": "Feature", "properties": { "Borehole_ID": "DIPKA-BH-005", "Mine_ID": "M-DIPKA", "Mine_Code": "DIPKA", "Mine_Name": "Dipka OCP", "Interval_No": 4, "From_Depth_m": 51.6, "To_Depth_m": 68.8, "Thickness_m": 17.2, "Lithology": "Coal", "Stratigraphic_Unit": "Overburden", "Coal_Bearing": "YES", "Coal_Seam": "GV-DIP-S1", "Weathering_Class": "Fresh", "Sample_ID": "DIPKA-005-S04", "Data_Type": "SYNTHETIC_DEMO", "Source_Provenance": "Synthetic borehole interval generated to match GeoVault demonstration corpus" }, "geometry": { "type": "Point", "coordinates": [ 82.545298, 22.311344 ] } },
{ "type": "Feature", "properties": { "Borehole_ID": "DIPKA-BH-005", "Mine_ID": "M-DIPKA", "Mine_Code": "DIPKA", "Mine_Name": "Dipka OCP", "Interval_No": 5, "From_Depth_m": 68.8, "To_Depth_m": 86.0, "Thickness_m": 17.2, "Lithology": "Shale", "Stratigraphic_Unit": "Barakar-equivalent demo unit", "Coal_Bearing": "NO", "Coal_Seam": "", "Weathering_Class": "Fresh", "Sample_ID": "DIPKA-005-S05", "Data_Type": "SYNTHETIC_DEMO", "Source_Provenance": "Synthetic borehole interval generated to match GeoVault demonstration corpus" }, "geometry": { "type": "Point", "coordinates": [ 82.545298, 22.311344 ] } },
{ "type": "Feature", "properties": { "Borehole_ID": "DIPKA-BH-005", "Mine_ID": "M-DIPKA", "Mine_Code": "DIPKA", "Mine_Name": "Dipka OCP", "Interval_No": 6, "From_Depth_m": 86.0, "To_Depth_m": 103.2, "Thickness_m": 17.2, "Lithology": "Siltstone", "Stratigraphic_Unit": "Overburden", "Coal_Bearing": "NO", "Coal_Seam": "", "Weathering_Class": "Fresh", "Sample_ID": "DIPKA-005-S06", "Data_Type": "SYNTHETIC_DEMO", "Source_Provenance": "Synthetic borehole interval generated to match GeoVault demonstration corpus" }, "geometry": { "type": "Point", "coordinates": [ 82.545298, 22.311344 ] } },
{ "type": "Feature", "properties": { "Borehole_ID": "DIPKA-BH-005", "Mine_ID": "M-DIPKA", "Mine_Code": "DIPKA", "Mine_Name": "Dipka OCP", "Interval_No": 7, "From_Depth_m": 103.2, "To_Depth_m": 120.4, "Thickness_m": 17.2, "Lithology": "Shale", "Stratigraphic_Unit": "Barakar-equivalent demo unit", "Coal_Bearing": "NO", "Coal_Seam": "", "Weathering_Class": "Fresh", "Sample_ID": "DIPKA-005-S07", "Data_Type": "SYNTHETIC_DEMO", "Source_Provenance": "Synthetic borehole interval generated to match GeoVault demonstration corpus" }, "geometry": { "type": "Point", "coordinates": [ 82.545298, 22.311344 ] } },
{ "type": "Feature", "properties": { "Borehole_ID": "DIPKA-BH-005", "Mine_ID": "M-DIPKA", "Mine_Code": "DIPKA", "Mine_Name": "Dipka OCP", "Interval_No": 8, "From_Depth_m": 120.4, "To_Depth_m": 137.6, "Thickness_m": 17.2, "Lithology": "Shale", "Stratigraphic_Unit": "Overburden", "Coal_Bearing": "NO", "Coal_Seam": "", "Weathering_Class": "Fresh", "Sample_ID": "DIPKA-005-S08", "Data_Type": "SYNTHETIC_DEMO", "Source_Provenance": "Synthetic borehole interval generated to match GeoVault demonstration corpus" }, "geometry": { "type": "Point", "coordinates": [ 82.545298, 22.311344 ] } },
{ "type": "Feature", "properties": { "Borehole_ID": "DIPKA-BH-005", "Mine_ID": "M-DIPKA", "Mine_Code": "DIPKA", "Mine_Name": "Dipka OCP", "Interval_No": 9, "From_Depth_m": 137.6, "To_Depth_m": 154.8, "Thickness_m": 17.2, "Lithology": "Shale", "Stratigraphic_Unit": "Overburden", "Coal_Bearing": "NO", "Coal_Seam": "", "Weathering_Class": "Fresh", "Sample_ID": "DIPKA-005-S09", "Data_Type": "SYNTHETIC_DEMO", "Source_Provenance": "Synthetic borehole interval generated to match GeoVault demonstration corpus" }, "geometry": { "type": "Point", "coordinates": [ 82.545298, 22.311344 ] } },
{ "type": "Feature", "properties": { "Borehole_ID": "DIPKA-BH-005", "Mine_ID": "M-DIPKA", "Mine_Code": "DIPKA", "Mine_Name": "Dipka OCP", "Interval_No": 10, "From_Depth_m": 154.8, "To_Depth_m": 172.0, "Thickness_m": 17.2, "Lithology": "Mudstone", "Stratigraphic_Unit": "Underlying sedimentary sequence", "Coal_Bearing": "NO", "Coal_Seam": "", "Weathering_Class": "Fresh", "Sample_ID": "DIPKA-005-S10", "Data_Type": "SYNTHETIC_DEMO", "Source_Provenance": "Synthetic borehole interval generated to match GeoVault demonstration corpus" }, "geometry": { "type": "Point", "coordinates": [ 82.545298, 22.311344 ] } },
{ "type": "Feature", "properties": { "Borehole_ID": "DIPKA-BH-006", "Mine_ID": "M-DIPKA", "Mine_Code": "DIPKA", "Mine_Name": "Dipka OCP", "Interval_No": 1, "From_Depth_m": 0.0, "To_Depth_m": 9.36, "Thickness_m": 9.36, "Lithology": "Interbedded Sandstone-Shale", "Stratigraphic_Unit": "Underlying sedimentary sequence", "Coal_Bearing": "NO", "Coal_Seam": "", "Weathering_Class": "Moderate", "Sample_ID": "DIPKA-006-S01", "Data_Type": "SYNTHETIC_DEMO", "Source_Provenance": "Synthetic borehole interval generated to match GeoVault demonstration corpus" }, "geometry": { "type": "Point", "coordinates": [ 82.549806, 22.326272 ] } },
{ "type": "Feature", "properties": { "Borehole_ID": "DIPKA-BH-006", "Mine_ID": "M-DIPKA", "Mine_Code": "DIPKA", "Mine_Name": "Dipka OCP", "Interval_No": 2, "From_Depth_m": 9.36, "To_Depth_m": 18.72, "Thickness_m": 9.36, "Lithology": "Sandstone", "Stratigraphic_Unit": "Barakar-equivalent demo unit", "Coal_Bearing": "NO", "Coal_Seam": "", "Weathering_Class": "Moderate", "Sample_ID": "DIPKA-006-S02", "Data_Type": "SYNTHETIC_DEMO", "Source_Provenance": "Synthetic borehole interval generated to match GeoVault demonstration corpus" }, "geometry": { "type": "Point", "coordinates": [ 82.549806, 22.326272 ] } },
{ "type": "Feature", "properties": { "Borehole_ID": "DIPKA-BH-006", "Mine_ID": "M-DIPKA", "Mine_Code": "DIPKA", "Mine_Name": "Dipka OCP", "Interval_No": 3, "From_Depth_m": 18.72, "To_Depth_m": 28.08, "Thickness_m": 9.36, "Lithology": "Siltstone", "Stratigraphic_Unit": "Underlying sedimentary sequence", "Coal_Bearing": "NO", "Coal_Seam": "", "Weathering_Class": "Slight", "Sample_ID": "DIPKA-006-S03", "Data_Type": "SYNTHETIC_DEMO", "Source_Provenance": "Synthetic borehole interval generated to match GeoVault demonstration corpus" }, "geometry": { "type": "Point", "coordinates": [ 82.549806, 22.326272 ] } },
{ "type": "Feature", "properties": { "Borehole_ID": "DIPKA-BH-006", "Mine_ID": "M-DIPKA", "Mine_Code": "DIPKA", "Mine_Name": "Dipka OCP", "Interval_No": 4, "From_Depth_m": 28.08, "To_Depth_m": 37.44, "Thickness_m": 9.36, "Lithology": "Shale", "Stratigraphic_Unit": "Coal-bearing sequence", "Coal_Bearing": "NO", "Coal_Seam": "", "Weathering_Class": "Fresh", "Sample_ID": "DIPKA-006-S04", "Data_Type": "SYNTHETIC_DEMO", "Source_Provenance": "Synthetic borehole interval generated to match GeoVault demonstration corpus" }, "geometry": { "type": "Point", "coordinates": [ 82.549806, 22.326272 ] } },
{ "type": "Feature", "properties": { "Borehole_ID": "DIPKA-BH-006", "Mine_ID": "M-DIPKA", "Mine_Code": "DIPKA", "Mine_Name": "Dipka OCP", "Interval_No": 5, "From_Depth_m": 37.44, "To_Depth_m": 46.8, "Thickness_m": 9.36, "Lithology": "Interbedded Sandstone-Shale", "Stratigraphic_Unit": "Barakar-equivalent demo unit", "Coal_Bearing": "NO", "Coal_Seam": "", "Weathering_Class": "Fresh", "Sample_ID": "DIPKA-006-S05", "Data_Type": "SYNTHETIC_DEMO", "Source_Provenance": "Synthetic borehole interval generated to match GeoVault demonstration corpus" }, "geometry": { "type": "Point", "coordinates": [ 82.549806, 22.326272 ] } },
{ "type": "Feature", "properties": { "Borehole_ID": "DIPKA-BH-006", "Mine_ID": "M-DIPKA", "Mine_Code": "DIPKA", "Mine_Name": "Dipka OCP", "Interval_No": 6, "From_Depth_m": 46.8, "To_Depth_m": 56.16, "Thickness_m": 9.36, "Lithology": "Mudstone", "Stratigraphic_Unit": "Overburden", "Coal_Bearing": "NO", "Coal_Seam": "", "Weathering_Class": "Fresh", "Sample_ID": "DIPKA-006-S06", "Data_Type": "SYNTHETIC_DEMO", "Source_Provenance": "Synthetic borehole interval generated to match GeoVault demonstration corpus" }, "geometry": { "type": "Point", "coordinates": [ 82.549806, 22.326272 ] } },
{ "type": "Feature", "properties": { "Borehole_ID": "DIPKA-BH-006", "Mine_ID": "M-DIPKA", "Mine_Code": "DIPKA", "Mine_Name": "Dipka OCP", "Interval_No": 7, "From_Depth_m": 56.16, "To_Depth_m": 65.52, "Thickness_m": 9.36, "Lithology": "Carbonaceous Shale", "Stratigraphic_Unit": "Barakar-equivalent demo unit", "Coal_Bearing": "NO", "Coal_Seam": "", "Weathering_Class": "Fresh", "Sample_ID": "DIPKA-006-S07", "Data_Type": "SYNTHETIC_DEMO", "Source_Provenance": "Synthetic borehole interval generated to match GeoVault demonstration corpus" }, "geometry": { "type": "Point", "coordinates": [ 82.549806, 22.326272 ] } },
{ "type": "Feature", "properties": { "Borehole_ID": "DIPKA-BH-006", "Mine_ID": "M-DIPKA", "Mine_Code": "DIPKA", "Mine_Name": "Dipka OCP", "Interval_No": 8, "From_Depth_m": 65.52, "To_Depth_m": 74.88, "Thickness_m": 9.36, "Lithology": "Coal", "Stratigraphic_Unit": "Barakar-equivalent demo unit", "Coal_Bearing": "YES", "Coal_Seam": "GV-DIP-S3", "Weathering_Class": "Fresh", "Sample_ID": "DIPKA-006-S08", "Data_Type": "SYNTHETIC_DEMO", "Source_Provenance": "Synthetic borehole interval generated to match GeoVault demonstration corpus" }, "geometry": { "type": "Point", "coordinates": [ 82.549806, 22.326272 ] } },
{ "type": "Feature", "properties": { "Borehole_ID": "DIPKA-BH-006", "Mine_ID": "M-DIPKA", "Mine_Code": "DIPKA", "Mine_Name": "Dipka OCP", "Interval_No": 9, "From_Depth_m": 74.88, "To_Depth_m": 84.24, "Thickness_m": 9.36, "Lithology": "Siltstone", "Stratigraphic_Unit": "Barakar-equivalent demo unit", "Coal_Bearing": "NO", "Coal_Seam": "", "Weathering_Class": "Fresh", "Sample_ID": "DIPKA-006-S09", "Data_Type": "SYNTHETIC_DEMO", "Source_Provenance": "Synthetic borehole interval generated to match GeoVault demonstration corpus" }, "geometry": { "type": "Point", "coordinates": [ 82.549806, 22.326272 ] } },
{ "type": "Feature", "properties": { "Borehole_ID": "DIPKA-BH-006", "Mine_ID": "M-DIPKA", "Mine_Code": "DIPKA", "Mine_Name": "Dipka OCP", "Interval_No": 10, "From_Depth_m": 84.24, "To_Depth_m": 93.6, "Thickness_m": 9.36, "Lithology": "Sandstone", "Stratigraphic_Unit": "Overburden", "Coal_Bearing": "NO", "Coal_Seam": "", "Weathering_Class": "Fresh", "Sample_ID": "DIPKA-006-S10", "Data_Type": "SYNTHETIC_DEMO", "Source_Provenance": "Synthetic borehole interval generated to match GeoVault demonstration corpus" }, "geometry": { "type": "Point", "coordinates": [ 82.549806, 22.326272 ] } },
{ "type": "Feature", "properties": { "Borehole_ID": "DIPKA-BH-007", "Mine_ID": "M-DIPKA", "Mine_Code": "DIPKA", "Mine_Name": "Dipka OCP", "Interval_No": 1, "From_Depth_m": 0.0, "To_Depth_m": 20.53, "Thickness_m": 20.53, "Lithology": "Shale", "Stratigraphic_Unit": "Coal-bearing sequence", "Coal_Bearing": "NO", "Coal_Seam": "", "Weathering_Class": "Moderate", "Sample_ID": "DIPKA-007-S01", "Data_Type": "SYNTHETIC_DEMO", "Source_Provenance": "Synthetic borehole interval generated to match GeoVault demonstration corpus" }, "geometry": { "type": "Point", "coordinates": [ 82.547744, 22.297021 ] } },
{ "type": "Feature", "properties": { "Borehole_ID": "DIPKA-BH-007", "Mine_ID": "M-DIPKA", "Mine_Code": "DIPKA", "Mine_Name": "Dipka OCP", "Interval_No": 2, "From_Depth_m": 20.53, "To_Depth_m": 41.06, "Thickness_m": 20.53, "Lithology": "Mudstone", "Stratigraphic_Unit": "Overburden", "Coal_Bearing": "NO", "Coal_Seam": "", "Weathering_Class": "Moderate", "Sample_ID": "DIPKA-007-S02", "Data_Type": "SYNTHETIC_DEMO", "Source_Provenance": "Synthetic borehole interval generated to match GeoVault demonstration corpus" }, "geometry": { "type": "Point", "coordinates": [ 82.547744, 22.297021 ] } },
{ "type": "Feature", "properties": { "Borehole_ID": "DIPKA-BH-007", "Mine_ID": "M-DIPKA", "Mine_Code": "DIPKA", "Mine_Name": "Dipka OCP", "Interval_No": 3, "From_Depth_m": 41.06, "To_Depth_m": 61.59, "Thickness_m": 20.53, "Lithology": "Siltstone", "Stratigraphic_Unit": "Underlying sedimentary sequence", "Coal_Bearing": "NO", "Coal_Seam": "", "Weathering_Class": "Fresh", "Sample_ID": "DIPKA-007-S03", "Data_Type": "SYNTHETIC_DEMO", "Source_Provenance": "Synthetic borehole interval generated to match GeoVault demonstration corpus" }, "geometry": { "type": "Point", "coordinates": [ 82.547744, 22.297021 ] } },
{ "type": "Feature", "properties": { "Borehole_ID": "DIPKA-BH-007", "Mine_ID": "M-DIPKA", "Mine_Code": "DIPKA", "Mine_Name": "Dipka OCP", "Interval_No": 4, "From_Depth_m": 61.59, "To_Depth_m": 82.12, "Thickness_m": 20.53, "Lithology": "Siltstone", "Stratigraphic_Unit": "Underlying sedimentary sequence", "Coal_Bearing": "NO", "Coal_Seam": "", "Weathering_Class": "Fresh", "Sample_ID": "DIPKA-007-S04", "Data_Type": "SYNTHETIC_DEMO", "Source_Provenance": "Synthetic borehole interval generated to match GeoVault demonstration corpus" }, "geometry": { "type": "Point", "coordinates": [ 82.547744, 22.297021 ] } },
{ "type": "Feature", "properties": { "Borehole_ID": "DIPKA-BH-007", "Mine_ID": "M-DIPKA", "Mine_Code": "DIPKA", "Mine_Name": "Dipka OCP", "Interval_No": 5, "From_Depth_m": 82.12, "To_Depth_m": 102.65, "Thickness_m": 20.53, "Lithology": "Mudstone", "Stratigraphic_Unit": "Overburden", "Coal_Bearing": "NO", "Coal_Seam": "", "Weathering_Class": "Fresh", "Sample_ID": "DIPKA-007-S05", "Data_Type": "SYNTHETIC_DEMO", "Source_Provenance": "Synthetic borehole interval generated to match GeoVault demonstration corpus" }, "geometry": { "type": "Point", "coordinates": [ 82.547744, 22.297021 ] } },
{ "type": "Feature", "properties": { "Borehole_ID": "DIPKA-BH-007", "Mine_ID": "M-DIPKA", "Mine_Code": "DIPKA", "Mine_Name": "Dipka OCP", "Interval_No": 6, "From_Depth_m": 102.65, "To_Depth_m": 123.18, "Thickness_m": 20.53, "Lithology": "Carbonaceous Shale", "Stratigraphic_Unit": "Overburden", "Coal_Bearing": "NO", "Coal_Seam": "", "Weathering_Class": "Fresh", "Sample_ID": "DIPKA-007-S06", "Data_Type": "SYNTHETIC_DEMO", "Source_Provenance": "Synthetic borehole interval generated to match GeoVault demonstration corpus" }, "geometry": { "type": "Point", "coordinates": [ 82.547744, 22.297021 ] } },
{ "type": "Feature", "properties": { "Borehole_ID": "DIPKA-BH-007", "Mine_ID": "M-DIPKA", "Mine_Code": "DIPKA", "Mine_Name": "Dipka OCP", "Interval_No": 7, "From_Depth_m": 123.18, "To_Depth_m": 143.71, "Thickness_m": 20.53, "Lithology": "Coal", "Stratigraphic_Unit": "Underlying sedimentary sequence", "Coal_Bearing": "YES", "Coal_Seam": "GV-DIP-S4", "Weathering_Class": "Fresh", "Sample_ID": "DIPKA-007-S07", "Data_Type": "SYNTHETIC_DEMO", "Source_Provenance": "Synthetic borehole interval generated to match GeoVault demonstration corpus" }, "geometry": { "type": "Point", "coordinates": [ 82.547744, 22.297021 ] } },
{ "type": "Feature", "properties": { "Borehole_ID": "DIPKA-BH-007", "Mine_ID": "M-DIPKA", "Mine_Code": "DIPKA", "Mine_Name": "Dipka OCP", "Interval_No": 8, "From_Depth_m": 143.71, "To_Depth_m": 164.24, "Thickness_m": 20.53, "Lithology": "Siltstone", "Stratigraphic_Unit": "Coal-bearing sequence", "Coal_Bearing": "NO", "Coal_Seam": "", "Weathering_Class": "Fresh", "Sample_ID": "DIPKA-007-S08", "Data_Type": "SYNTHETIC_DEMO", "Source_Provenance": "Synthetic borehole interval generated to match GeoVault demonstration corpus" }, "geometry": { "type": "Point", "coordinates": [ 82.547744, 22.297021 ] } },
{ "type": "Feature", "properties": { "Borehole_ID": "DIPKA-BH-007", "Mine_ID": "M-DIPKA", "Mine_Code": "DIPKA", "Mine_Name": "Dipka OCP", "Interval_No": 9, "From_Depth_m": 164.24, "To_Depth_m": 184.77, "Thickness_m": 20.53, "Lithology": "Sandstone", "Stratigraphic_Unit": "Overburden", "Coal_Bearing": "NO", "Coal_Seam": "", "Weathering_Class": "Fresh", "Sample_ID": "DIPKA-007-S09", "Data_Type": "SYNTHETIC_DEMO", "Source_Provenance": "Synthetic borehole interval generated to match GeoVault demonstration corpus" }, "geometry": { "type": "Point", "coordinates": [ 82.547744, 22.297021 ] } },
{ "type": "Feature", "properties": { "Borehole_ID": "DIPKA-BH-007", "Mine_ID": "M-DIPKA", "Mine_Code": "DIPKA", "Mine_Name": "Dipka OCP", "Interval_No": 10, "From_Depth_m": 184.77, "To_Depth_m": 205.3, "Thickness_m": 20.53, "Lithology": "Shale", "Stratigraphic_Unit": "Overburden", "Coal_Bearing": "NO", "Coal_Seam": "", "Weathering_Class": "Fresh", "Sample_ID": "DIPKA-007-S10", "Data_Type": "SYNTHETIC_DEMO", "Source_Provenance": "Synthetic borehole interval generated to match GeoVault demonstration corpus" }, "geometry": { "type": "Point", "coordinates": [ 82.547744, 22.297021 ] } },
{ "type": "Feature", "properties": { "Borehole_ID": "DIPKA-BH-008", "Mine_ID": "M-DIPKA", "Mine_Code": "DIPKA", "Mine_Name": "Dipka OCP", "Interval_No": 1, "From_Depth_m": 0.0, "To_Depth_m": 15.01, "Thickness_m": 15.01, "Lithology": "Siltstone", "Stratigraphic_Unit": "Overburden", "Coal_Bearing": "NO", "Coal_Seam": "", "Weathering_Class": "Slight", "Sample_ID": "DIPKA-008-S01", "Data_Type": "SYNTHETIC_DEMO", "Source_Provenance": "Synthetic borehole interval generated to match GeoVault demonstration corpus" }, "geometry": { "type": "Point", "coordinates": [ 82.51136, 22.330242 ] } },
{ "type": "Feature", "properties": { "Borehole_ID": "DIPKA-BH-008", "Mine_ID": "M-DIPKA", "Mine_Code": "DIPKA", "Mine_Name": "Dipka OCP", "Interval_No": 2, "From_Depth_m": 15.01, "To_Depth_m": 30.02, "Thickness_m": 15.01, "Lithology": "Mudstone", "Stratigraphic_Unit": "Underlying sedimentary sequence", "Coal_Bearing": "NO", "Coal_Seam": "", "Weathering_Class": "Moderate", "Sample_ID": "DIPKA-008-S02", "Data_Type": "SYNTHETIC_DEMO", "Source_Provenance": "Synthetic borehole interval generated to match GeoVault demonstration corpus" }, "geometry": { "type": "Point", "coordinates": [ 82.51136, 22.330242 ] } },
{ "type": "Feature", "properties": { "Borehole_ID": "DIPKA-BH-008", "Mine_ID": "M-DIPKA", "Mine_Code": "DIPKA", "Mine_Name": "Dipka OCP", "Interval_No": 3, "From_Depth_m": 30.02, "To_Depth_m": 45.03, "Thickness_m": 15.01, "Lithology": "Shale", "Stratigraphic_Unit": "Underlying sedimentary sequence", "Coal_Bearing": "NO", "Coal_Seam": "", "Weathering_Class": "Fresh", "Sample_ID": "DIPKA-008-S03", "Data_Type": "SYNTHETIC_DEMO", "Source_Provenance": "Synthetic borehole interval generated to match GeoVault demonstration corpus" }, "geometry": { "type": "Point", "coordinates": [ 82.51136, 22.330242 ] } },
{ "type": "Feature", "properties": { "Borehole_ID": "DIPKA-BH-008", "Mine_ID": "M-DIPKA", "Mine_Code": "DIPKA", "Mine_Name": "Dipka OCP", "Interval_No": 4, "From_Depth_m": 45.03, "To_Depth_m": 60.04, "Thickness_m": 15.01, "Lithology": "Carbonaceous Shale", "Stratigraphic_Unit": "Underlying sedimentary sequence", "Coal_Bearing": "NO", "Coal_Seam": "", "Weathering_Class": "Fresh", "Sample_ID": "DIPKA-008-S04", "Data_Type": "SYNTHETIC_DEMO", "Source_Provenance": "Synthetic borehole interval generated to match GeoVault demonstration corpus" }, "geometry": { "type": "Point", "coordinates": [ 82.51136, 22.330242 ] } },
{ "type": "Feature", "properties": { "Borehole_ID": "DIPKA-BH-008", "Mine_ID": "M-DIPKA", "Mine_Code": "DIPKA", "Mine_Name": "Dipka OCP", "Interval_No": 5, "From_Depth_m": 60.04, "To_Depth_m": 75.05, "Thickness_m": 15.01, "Lithology": "Coal", "Stratigraphic_Unit": "Overburden", "Coal_Bearing": "YES", "Coal_Seam": "GV-DIP-S2", "Weathering_Class": "Fresh", "Sample_ID": "DIPKA-008-S05", "Data_Type": "SYNTHETIC_DEMO", "Source_Provenance": "Synthetic borehole interval generated to match GeoVault demonstration corpus" }, "geometry": { "type": "Point", "coordinates": [ 82.51136, 22.330242 ] } },
{ "type": "Feature", "properties": { "Borehole_ID": "DIPKA-BH-008", "Mine_ID": "M-DIPKA", "Mine_Code": "DIPKA", "Mine_Name": "Dipka OCP", "Interval_No": 6, "From_Depth_m": 75.05, "To_Depth_m": 90.06, "Thickness_m": 15.01, "Lithology": "Mudstone", "Stratigraphic_Unit": "Coal-bearing sequence", "Coal_Bearing": "NO", "Coal_Seam": "", "Weathering_Class": "Fresh", "Sample_ID": "DIPKA-008-S06", "Data_Type": "SYNTHETIC_DEMO", "Source_Provenance": "Synthetic borehole interval generated to match GeoVault demonstration corpus" }, "geometry": { "type": "Point", "coordinates": [ 82.51136, 22.330242 ] } },
{ "type": "Feature", "properties": { "Borehole_ID": "DIPKA-BH-008", "Mine_ID": "M-DIPKA", "Mine_Code": "DIPKA", "Mine_Name": "Dipka OCP", "Interval_No": 7, "From_Depth_m": 90.06, "To_Depth_m": 105.07, "Thickness_m": 15.01, "Lithology": "Mudstone", "Stratigraphic_Unit": "Coal-bearing sequence", "Coal_Bearing": "NO", "Coal_Seam": "", "Weathering_Class": "Fresh", "Sample_ID": "DIPKA-008-S07", "Data_Type": "SYNTHETIC_DEMO", "Source_Provenance": "Synthetic borehole interval generated to match GeoVault demonstration corpus" }, "geometry": { "type": "Point", "coordinates": [ 82.51136, 22.330242 ] } },
{ "type": "Feature", "properties": { "Borehole_ID": "DIPKA-BH-008", "Mine_ID": "M-DIPKA", "Mine_Code": "DIPKA", "Mine_Name": "Dipka OCP", "Interval_No": 8, "From_Depth_m": 105.07, "To_Depth_m": 120.08, "Thickness_m": 15.01, "Lithology": "Siltstone", "Stratigraphic_Unit": "Overburden", "Coal_Bearing": "NO", "Coal_Seam": "", "Weathering_Class": "Fresh", "Sample_ID": "DIPKA-008-S08", "Data_Type": "SYNTHETIC_DEMO", "Source_Provenance": "Synthetic borehole interval generated to match GeoVault demonstration corpus" }, "geometry": { "type": "Point", "coordinates": [ 82.51136, 22.330242 ] } },
{ "type": "Feature", "properties": { "Borehole_ID": "DIPKA-BH-008", "Mine_ID": "M-DIPKA", "Mine_Code": "DIPKA", "Mine_Name": "Dipka OCP", "Interval_No": 9, "From_Depth_m": 120.08, "To_Depth_m": 135.09, "Thickness_m": 15.01, "Lithology": "Shale", "Stratigraphic_Unit": "Coal-bearing sequence", "Coal_Bearing": "NO", "Coal_Seam": "", "Weathering_Class": "Fresh", "Sample_ID": "DIPKA-008-S09", "Data_Type": "SYNTHETIC_DEMO", "Source_Provenance": "Synthetic borehole interval generated to match GeoVault demonstration corpus" }, "geometry": { "type": "Point", "coordinates": [ 82.51136, 22.330242 ] } },
{ "type": "Feature", "properties": { "Borehole_ID": "DIPKA-BH-008", "Mine_ID": "M-DIPKA", "Mine_Code": "DIPKA", "Mine_Name": "Dipka OCP", "Interval_No": 10, "From_Depth_m": 135.09, "To_Depth_m": 150.1, "Thickness_m": 15.01, "Lithology": "Mudstone", "Stratigraphic_Unit": "Underlying sedimentary sequence", "Coal_Bearing": "NO", "Coal_Seam": "", "Weathering_Class": "Fresh", "Sample_ID": "DIPKA-008-S10", "Data_Type": "SYNTHETIC_DEMO", "Source_Provenance": "Synthetic borehole interval generated to match GeoVault demonstration corpus" }, "geometry": { "type": "Point", "coordinates": [ 82.51136, 22.330242 ] } },
{ "type": "Feature", "properties": { "Borehole_ID": "DIPKA-BH-009", "Mine_ID": "M-DIPKA", "Mine_Code": "DIPKA", "Mine_Name": "Dipka OCP", "Interval_No": 1, "From_Depth_m": 0.0, "To_Depth_m": 17.3, "Thickness_m": 17.3, "Lithology": "Siltstone", "Stratigraphic_Unit": "Underlying sedimentary sequence", "Coal_Bearing": "NO", "Coal_Seam": "", "Weathering_Class": "Slight", "Sample_ID": "DIPKA-009-S01", "Data_Type": "SYNTHETIC_DEMO", "Source_Provenance": "Synthetic borehole interval generated to match GeoVault demonstration corpus" }, "geometry": { "type": "Point", "coordinates": [ 82.560431, 22.321697 ] } },
{ "type": "Feature", "properties": { "Borehole_ID": "DIPKA-BH-009", "Mine_ID": "M-DIPKA", "Mine_Code": "DIPKA", "Mine_Name": "Dipka OCP", "Interval_No": 2, "From_Depth_m": 17.3, "To_Depth_m": 34.6, "Thickness_m": 17.3, "Lithology": "Mudstone", "Stratigraphic_Unit": "Overburden", "Coal_Bearing": "NO", "Coal_Seam": "", "Weathering_Class": "Moderate", "Sample_ID": "DIPKA-009-S02", "Data_Type": "SYNTHETIC_DEMO", "Source_Provenance": "Synthetic borehole interval generated to match GeoVault demonstration corpus" }, "geometry": { "type": "Point", "coordinates": [ 82.560431, 22.321697 ] } },
{ "type": "Feature", "properties": { "Borehole_ID": "DIPKA-BH-009", "Mine_ID": "M-DIPKA", "Mine_Code": "DIPKA", "Mine_Name": "Dipka OCP", "Interval_No": 3, "From_Depth_m": 34.6, "To_Depth_m": 51.9, "Thickness_m": 17.3, "Lithology": "Carbonaceous Shale", "Stratigraphic_Unit": "Coal-bearing sequence", "Coal_Bearing": "NO", "Coal_Seam": "", "Weathering_Class": "Fresh", "Sample_ID": "DIPKA-009-S03", "Data_Type": "SYNTHETIC_DEMO", "Source_Provenance": "Synthetic borehole interval generated to match GeoVault demonstration corpus" }, "geometry": { "type": "Point", "coordinates": [ 82.560431, 22.321697 ] } },
{ "type": "Feature", "properties": { "Borehole_ID": "DIPKA-BH-009", "Mine_ID": "M-DIPKA", "Mine_Code": "DIPKA", "Mine_Name": "Dipka OCP", "Interval_No": 4, "From_Depth_m": 51.9, "To_Depth_m": 69.2, "Thickness_m": 17.3, "Lithology": "Coal", "Stratigraphic_Unit": "Coal-bearing sequence", "Coal_Bearing": "YES", "Coal_Seam": "GV-DIP-S4", "Weathering_Class": "Fresh", "Sample_ID": "DIPKA-009-S04", "Data_Type": "SYNTHETIC_DEMO", "Source_Provenance": "Synthetic borehole interval generated to match GeoVault demonstration corpus" }, "geometry": { "type": "Point", "coordinates": [ 82.560431, 22.321697 ] } },
{ "type": "Feature", "properties": { "Borehole_ID": "DIPKA-BH-009", "Mine_ID": "M-DIPKA", "Mine_Code": "DIPKA", "Mine_Name": "Dipka OCP", "Interval_No": 5, "From_Depth_m": 69.2, "To_Depth_m": 86.5, "Thickness_m": 17.3, "Lithology": "Sandstone", "Stratigraphic_Unit": "Underlying sedimentary sequence", "Coal_Bearing": "NO", "Coal_Seam": "", "Weathering_Class": "Fresh", "Sample_ID": "DIPKA-009-S05", "Data_Type": "SYNTHETIC_DEMO", "Source_Provenance": "Synthetic borehole interval generated to match GeoVault demonstration corpus" }, "geometry": { "type": "Point", "coordinates": [ 82.560431, 22.321697 ] } },
{ "type": "Feature", "properties": { "Borehole_ID": "DIPKA-BH-009", "Mine_ID": "M-DIPKA", "Mine_Code": "DIPKA", "Mine_Name": "Dipka OCP", "Interval_No": 6, "From_Depth_m": 86.5, "To_Depth_m": 103.8, "Thickness_m": 17.3, "Lithology": "Interbedded Sandstone-Shale", "Stratigraphic_Unit": "Overburden", "Coal_Bearing": "NO", "Coal_Seam": "", "Weathering_Class": "Fresh", "Sample_ID": "DIPKA-009-S06", "Data_Type": "SYNTHETIC_DEMO", "Source_Provenance": "Synthetic borehole interval generated to match GeoVault demonstration corpus" }, "geometry": { "type": "Point", "coordinates": [ 82.560431, 22.321697 ] } },
{ "type": "Feature", "properties": { "Borehole_ID": "DIPKA-BH-009", "Mine_ID": "M-DIPKA", "Mine_Code": "DIPKA", "Mine_Name": "Dipka OCP", "Interval_No": 7, "From_Depth_m": 103.8, "To_Depth_m": 121.1, "Thickness_m": 17.3, "Lithology": "Interbedded Sandstone-Shale", "Stratigraphic_Unit": "Underlying sedimentary sequence", "Coal_Bearing": "NO", "Coal_Seam": "", "Weathering_Class": "Fresh", "Sample_ID": "DIPKA-009-S07", "Data_Type": "SYNTHETIC_DEMO", "Source_Provenance": "Synthetic borehole interval generated to match GeoVault demonstration corpus" }, "geometry": { "type": "Point", "coordinates": [ 82.560431, 22.321697 ] } },
{ "type": "Feature", "properties": { "Borehole_ID": "DIPKA-BH-009", "Mine_ID": "M-DIPKA", "Mine_Code": "DIPKA", "Mine_Name": "Dipka OCP", "Interval_No": 8, "From_Depth_m": 121.1, "To_Depth_m": 138.4, "Thickness_m": 17.3, "Lithology": "Mudstone", "Stratigraphic_Unit": "Overburden", "Coal_Bearing": "NO", "Coal_Seam": "", "Weathering_Class": "Fresh", "Sample_ID": "DIPKA-009-S08", "Data_Type": "SYNTHETIC_DEMO", "Source_Provenance": "Synthetic borehole interval generated to match GeoVault demonstration corpus" }, "geometry": { "type": "Point", "coordinates": [ 82.560431, 22.321697 ] } },
{ "type": "Feature", "properties": { "Borehole_ID": "DIPKA-BH-009", "Mine_ID": "M-DIPKA", "Mine_Code": "DIPKA", "Mine_Name": "Dipka OCP", "Interval_No": 9, "From_Depth_m": 138.4, "To_Depth_m": 155.7, "Thickness_m": 17.3, "Lithology": "Shale", "Stratigraphic_Unit": "Coal-bearing sequence", "Coal_Bearing": "NO", "Coal_Seam": "", "Weathering_Class": "Fresh", "Sample_ID": "DIPKA-009-S09", "Data_Type": "SYNTHETIC_DEMO", "Source_Provenance": "Synthetic borehole interval generated to match GeoVault demonstration corpus" }, "geometry": { "type": "Point", "coordinates": [ 82.560431, 22.321697 ] } },
{ "type": "Feature", "properties": { "Borehole_ID": "DIPKA-BH-009", "Mine_ID": "M-DIPKA", "Mine_Code": "DIPKA", "Mine_Name": "Dipka OCP", "Interval_No": 10, "From_Depth_m": 155.7, "To_Depth_m": 173.0, "Thickness_m": 17.3, "Lithology": "Interbedded Sandstone-Shale", "Stratigraphic_Unit": "Underlying sedimentary sequence", "Coal_Bearing": "NO", "Coal_Seam": "", "Weathering_Class": "Fresh", "Sample_ID": "DIPKA-009-S10", "Data_Type": "SYNTHETIC_DEMO", "Source_Provenance": "Synthetic borehole interval generated to match GeoVault demonstration corpus" }, "geometry": { "type": "Point", "coordinates": [ 82.560431, 22.321697 ] } },
{ "type": "Feature", "properties": { "Borehole_ID": "DIPKA-BH-010", "Mine_ID": "M-DIPKA", "Mine_Code": "DIPKA", "Mine_Name": "Dipka OCP", "Interval_No": 1, "From_Depth_m": 0.0, "To_Depth_m": 14.01, "Thickness_m": 14.01, "Lithology": "Mudstone", "Stratigraphic_Unit": "Overburden", "Coal_Bearing": "NO", "Coal_Seam": "", "Weathering_Class": "Slight", "Sample_ID": "DIPKA-010-S01", "Data_Type": "SYNTHETIC_DEMO", "Source_Provenance": "Synthetic borehole interval generated to match GeoVault demonstration corpus" }, "geometry": { "type": "Point", "coordinates": [ 82.554109, 22.314936 ] } },
{ "type": "Feature", "properties": { "Borehole_ID": "DIPKA-BH-010", "Mine_ID": "M-DIPKA", "Mine_Code": "DIPKA", "Mine_Name": "Dipka OCP", "Interval_No": 2, "From_Depth_m": 14.01, "To_Depth_m": 28.02, "Thickness_m": 14.01, "Lithology": "Siltstone", "Stratigraphic_Unit": "Barakar-equivalent demo unit", "Coal_Bearing": "NO", "Coal_Seam": "", "Weathering_Class": "Moderate", "Sample_ID": "DIPKA-010-S02", "Data_Type": "SYNTHETIC_DEMO", "Source_Provenance": "Synthetic borehole interval generated to match GeoVault demonstration corpus" }, "geometry": { "type": "Point", "coordinates": [ 82.554109, 22.314936 ] } },
{ "type": "Feature", "properties": { "Borehole_ID": "DIPKA-BH-010", "Mine_ID": "M-DIPKA", "Mine_Code": "DIPKA", "Mine_Name": "Dipka OCP", "Interval_No": 3, "From_Depth_m": 28.02, "To_Depth_m": 42.03, "Thickness_m": 14.01, "Lithology": "Mudstone", "Stratigraphic_Unit": "Underlying sedimentary sequence", "Coal_Bearing": "NO", "Coal_Seam": "", "Weathering_Class": "Fresh", "Sample_ID": "DIPKA-010-S03", "Data_Type": "SYNTHETIC_DEMO", "Source_Provenance": "Synthetic borehole interval generated to match GeoVault demonstration corpus" }, "geometry": { "type": "Point", "coordinates": [ 82.554109, 22.314936 ] } },
{ "type": "Feature", "properties": { "Borehole_ID": "DIPKA-BH-010", "Mine_ID": "M-DIPKA", "Mine_Code": "DIPKA", "Mine_Name": "Dipka OCP", "Interval_No": 4, "From_Depth_m": 42.03, "To_Depth_m": 56.04, "Thickness_m": 14.01, "Lithology": "Sandstone", "Stratigraphic_Unit": "Overburden", "Coal_Bearing": "NO", "Coal_Seam": "", "Weathering_Class": "Fresh", "Sample_ID": "DIPKA-010-S04", "Data_Type": "SYNTHETIC_DEMO", "Source_Provenance": "Synthetic borehole interval generated to match GeoVault demonstration corpus" }, "geometry": { "type": "Point", "coordinates": [ 82.554109, 22.314936 ] } },
{ "type": "Feature", "properties": { "Borehole_ID": "DIPKA-BH-010", "Mine_ID": "M-DIPKA", "Mine_Code": "DIPKA", "Mine_Name": "Dipka OCP", "Interval_No": 5, "From_Depth_m": 56.04, "To_Depth_m": 70.05, "Thickness_m": 14.01, "Lithology": "Interbedded Sandstone-Shale", "Stratigraphic_Unit": "Barakar-equivalent demo unit", "Coal_Bearing": "NO", "Coal_Seam": "", "Weathering_Class": "Fresh", "Sample_ID": "DIPKA-010-S05", "Data_Type": "SYNTHETIC_DEMO", "Source_Provenance": "Synthetic borehole interval generated to match GeoVault demonstration corpus" }, "geometry": { "type": "Point", "coordinates": [ 82.554109, 22.314936 ] } },
{ "type": "Feature", "properties": { "Borehole_ID": "DIPKA-BH-010", "Mine_ID": "M-DIPKA", "Mine_Code": "DIPKA", "Mine_Name": "Dipka OCP", "Interval_No": 6, "From_Depth_m": 70.05, "To_Depth_m": 84.06, "Thickness_m": 14.01, "Lithology": "Carbonaceous Shale", "Stratigraphic_Unit": "Barakar-equivalent demo unit", "Coal_Bearing": "NO", "Coal_Seam": "", "Weathering_Class": "Fresh", "Sample_ID": "DIPKA-010-S06", "Data_Type": "SYNTHETIC_DEMO", "Source_Provenance": "Synthetic borehole interval generated to match GeoVault demonstration corpus" }, "geometry": { "type": "Point", "coordinates": [ 82.554109, 22.314936 ] } },
{ "type": "Feature", "properties": { "Borehole_ID": "DIPKA-BH-010", "Mine_ID": "M-DIPKA", "Mine_Code": "DIPKA", "Mine_Name": "Dipka OCP", "Interval_No": 7, "From_Depth_m": 84.06, "To_Depth_m": 98.07, "Thickness_m": 14.01, "Lithology": "Coal", "Stratigraphic_Unit": "Coal-bearing sequence", "Coal_Bearing": "YES", "Coal_Seam": "GV-DIP-S4", "Weathering_Class": "Fresh", "Sample_ID": "DIPKA-010-S07", "Data_Type": "SYNTHETIC_DEMO", "Source_Provenance": "Synthetic borehole interval generated to match GeoVault demonstration corpus" }, "geometry": { "type": "Point", "coordinates": [ 82.554109, 22.314936 ] } },
{ "type": "Feature", "properties": { "Borehole_ID": "DIPKA-BH-010", "Mine_ID": "M-DIPKA", "Mine_Code": "DIPKA", "Mine_Name": "Dipka OCP", "Interval_No": 8, "From_Depth_m": 98.07, "To_Depth_m": 112.08, "Thickness_m": 14.01, "Lithology": "Interbedded Sandstone-Shale", "Stratigraphic_Unit": "Overburden", "Coal_Bearing": "NO", "Coal_Seam": "", "Weathering_Class": "Fresh", "Sample_ID": "DIPKA-010-S08", "Data_Type": "SYNTHETIC_DEMO", "Source_Provenance": "Synthetic borehole interval generated to match GeoVault demonstration corpus" }, "geometry": { "type": "Point", "coordinates": [ 82.554109, 22.314936 ] } },
{ "type": "Feature", "properties": { "Borehole_ID": "DIPKA-BH-010", "Mine_ID": "M-DIPKA", "Mine_Code": "DIPKA", "Mine_Name": "Dipka OCP", "Interval_No": 9, "From_Depth_m": 112.08, "To_Depth_m": 126.09, "Thickness_m": 14.01, "Lithology": "Interbedded Sandstone-Shale", "Stratigraphic_Unit": "Underlying sedimentary sequence", "Coal_Bearing": "NO", "Coal_Seam": "", "Weathering_Class": "Fresh", "Sample_ID": "DIPKA-010-S09", "Data_Type": "SYNTHETIC_DEMO", "Source_Provenance": "Synthetic borehole interval generated to match GeoVault demonstration corpus" }, "geometry": { "type": "Point", "coordinates": [ 82.554109, 22.314936 ] } },
{ "type": "Feature", "properties": { "Borehole_ID": "DIPKA-BH-010", "Mine_ID": "M-DIPKA", "Mine_Code": "DIPKA", "Mine_Name": "Dipka OCP", "Interval_No": 10, "From_Depth_m": 126.09, "To_Depth_m": 140.1, "Thickness_m": 14.01, "Lithology": "Sandstone", "Stratigraphic_Unit": "Barakar-equivalent demo unit", "Coal_Bearing": "NO", "Coal_Seam": "", "Weathering_Class": "Fresh", "Sample_ID": "DIPKA-010-S10", "Data_Type": "SYNTHETIC_DEMO", "Source_Provenance": "Synthetic borehole interval generated to match GeoVault demonstration corpus" }, "geometry": { "type": "Point", "coordinates": [ 82.554109, 22.314936 ] } },
{ "type": "Feature", "properties": { "Borehole_ID": "DIPKA-BH-011", "Mine_ID": "M-DIPKA", "Mine_Code": "DIPKA", "Mine_Name": "Dipka OCP", "Interval_No": 1, "From_Depth_m": 0.0, "To_Depth_m": 9.82, "Thickness_m": 9.82, "Lithology": "Sandstone", "Stratigraphic_Unit": "Underlying sedimentary sequence", "Coal_Bearing": "NO", "Coal_Seam": "", "Weathering_Class": "Slight", "Sample_ID": "DIPKA-011-S01", "Data_Type": "SYNTHETIC_DEMO", "Source_Provenance": "Synthetic borehole interval generated to match GeoVault demonstration corpus" }, "geometry": { "type": "Point", "coordinates": [ 82.537869, 22.330122 ] } },
{ "type": "Feature", "properties": { "Borehole_ID": "DIPKA-BH-011", "Mine_ID": "M-DIPKA", "Mine_Code": "DIPKA", "Mine_Name": "Dipka OCP", "Interval_No": 2, "From_Depth_m": 9.82, "To_Depth_m": 19.64, "Thickness_m": 9.82, "Lithology": "Shale", "Stratigraphic_Unit": "Underlying sedimentary sequence", "Coal_Bearing": "NO", "Coal_Seam": "", "Weathering_Class": "Moderate", "Sample_ID": "DIPKA-011-S02", "Data_Type": "SYNTHETIC_DEMO", "Source_Provenance": "Synthetic borehole interval generated to match GeoVault demonstration corpus" }, "geometry": { "type": "Point", "coordinates": [ 82.537869, 22.330122 ] } },
{ "type": "Feature", "properties": { "Borehole_ID": "DIPKA-BH-011", "Mine_ID": "M-DIPKA", "Mine_Code": "DIPKA", "Mine_Name": "Dipka OCP", "Interval_No": 3, "From_Depth_m": 19.64, "To_Depth_m": 29.46, "Thickness_m": 9.82, "Lithology": "Interbedded Sandstone-Shale", "Stratigraphic_Unit": "Coal-bearing sequence", "Coal_Bearing": "NO", "Coal_Seam": "", "Weathering_Class": "Moderate", "Sample_ID": "DIPKA-011-S03", "Data_Type": "SYNTHETIC_DEMO", "Source_Provenance": "Synthetic borehole interval generated to match GeoVault demonstration corpus" }, "geometry": { "type": "Point", "coordinates": [ 82.537869, 22.330122 ] } },
{ "type": "Feature", "properties": { "Borehole_ID": "DIPKA-BH-011", "Mine_ID": "M-DIPKA", "Mine_Code": "DIPKA", "Mine_Name": "Dipka OCP", "Interval_No": 4, "From_Depth_m": 29.46, "To_Depth_m": 39.28, "Thickness_m": 9.82, "Lithology": "Mudstone", "Stratigraphic_Unit": "Underlying sedimentary sequence", "Coal_Bearing": "NO", "Coal_Seam": "", "Weathering_Class": "Fresh", "Sample_ID": "DIPKA-011-S04", "Data_Type": "SYNTHETIC_DEMO", "Source_Provenance": "Synthetic borehole interval generated to match GeoVault demonstration corpus" }, "geometry": { "type": "Point", "coordinates": [ 82.537869, 22.330122 ] } },
{ "type": "Feature", "properties": { "Borehole_ID": "DIPKA-BH-011", "Mine_ID": "M-DIPKA", "Mine_Code": "DIPKA", "Mine_Name": "Dipka OCP", "Interval_No": 5, "From_Depth_m": 39.28, "To_Depth_m": 49.1, "Thickness_m": 9.82, "Lithology": "Shale", "Stratigraphic_Unit": "Underlying sedimentary sequence", "Coal_Bearing": "NO", "Coal_Seam": "", "Weathering_Class": "Fresh", "Sample_ID": "DIPKA-011-S05", "Data_Type": "SYNTHETIC_DEMO", "Source_Provenance": "Synthetic borehole interval generated to match GeoVault demonstration corpus" }, "geometry": { "type": "Point", "coordinates": [ 82.537869, 22.330122 ] } },
{ "type": "Feature", "properties": { "Borehole_ID": "DIPKA-BH-011", "Mine_ID": "M-DIPKA", "Mine_Code": "DIPKA", "Mine_Name": "Dipka OCP", "Interval_No": 6, "From_Depth_m": 49.1, "To_Depth_m": 58.92, "Thickness_m": 9.82, "Lithology": "Interbedded Sandstone-Shale", "Stratigraphic_Unit": "Barakar-equivalent demo unit", "Coal_Bearing": "NO", "Coal_Seam": "", "Weathering_Class": "Fresh", "Sample_ID": "DIPKA-011-S06", "Data_Type": "SYNTHETIC_DEMO", "Source_Provenance": "Synthetic borehole interval generated to match GeoVault demonstration corpus" }, "geometry": { "type": "Point", "coordinates": [ 82.537869, 22.330122 ] } },
{ "type": "Feature", "properties": { "Borehole_ID": "DIPKA-BH-011", "Mine_ID": "M-DIPKA", "Mine_Code": "DIPKA", "Mine_Name": "Dipka OCP", "Interval_No": 7, "From_Depth_m": 58.92, "To_Depth_m": 68.74, "Thickness_m": 9.82, "Lithology": "Carbonaceous Shale", "Stratigraphic_Unit": "Underlying sedimentary sequence", "Coal_Bearing": "NO", "Coal_Seam": "", "Weathering_Class": "Fresh", "Sample_ID": "DIPKA-011-S07", "Data_Type": "SYNTHETIC_DEMO", "Source_Provenance": "Synthetic borehole interval generated to match GeoVault demonstration corpus" }, "geometry": { "type": "Point", "coordinates": [ 82.537869, 22.330122 ] } },
{ "type": "Feature", "properties": { "Borehole_ID": "DIPKA-BH-011", "Mine_ID": "M-DIPKA", "Mine_Code": "DIPKA", "Mine_Name": "Dipka OCP", "Interval_No": 8, "From_Depth_m": 68.74, "To_Depth_m": 78.56, "Thickness_m": 9.82, "Lithology": "Coal", "Stratigraphic_Unit": "Barakar-equivalent demo unit", "Coal_Bearing": "YES", "Coal_Seam": "GV-DIP-S3", "Weathering_Class": "Fresh", "Sample_ID": "DIPKA-011-S08", "Data_Type": "SYNTHETIC_DEMO", "Source_Provenance": "Synthetic borehole interval generated to match GeoVault demonstration corpus" }, "geometry": { "type": "Point", "coordinates": [ 82.537869, 22.330122 ] } },
{ "type": "Feature", "properties": { "Borehole_ID": "DIPKA-BH-011", "Mine_ID": "M-DIPKA", "Mine_Code": "DIPKA", "Mine_Name": "Dipka OCP", "Interval_No": 9, "From_Depth_m": 78.56, "To_Depth_m": 88.38, "Thickness_m": 9.82, "Lithology": "Interbedded Sandstone-Shale", "Stratigraphic_Unit": "Barakar-equivalent demo unit", "Coal_Bearing": "NO", "Coal_Seam": "", "Weathering_Class": "Fresh", "Sample_ID": "DIPKA-011-S09", "Data_Type": "SYNTHETIC_DEMO", "Source_Provenance": "Synthetic borehole interval generated to match GeoVault demonstration corpus" }, "geometry": { "type": "Point", "coordinates": [ 82.537869, 22.330122 ] } },
{ "type": "Feature", "properties": { "Borehole_ID": "DIPKA-BH-011", "Mine_ID": "M-DIPKA", "Mine_Code": "DIPKA", "Mine_Name": "Dipka OCP", "Interval_No": 10, "From_Depth_m": 88.38, "To_Depth_m": 98.2, "Thickness_m": 9.82, "Lithology": "Sandstone", "Stratigraphic_Unit": "Coal-bearing sequence", "Coal_Bearing": "NO", "Coal_Seam": "", "Weathering_Class": "Fresh", "Sample_ID": "DIPKA-011-S10", "Data_Type": "SYNTHETIC_DEMO", "Source_Provenance": "Synthetic borehole interval generated to match GeoVault demonstration corpus" }, "geometry": { "type": "Point", "coordinates": [ 82.537869, 22.330122 ] } },
{ "type": "Feature", "properties": { "Borehole_ID": "DIPKA-BH-012", "Mine_ID": "M-DIPKA", "Mine_Code": "DIPKA", "Mine_Name": "Dipka OCP", "Interval_No": 1, "From_Depth_m": 0.0, "To_Depth_m": 21.48, "Thickness_m": 21.48, "Lithology": "Mudstone", "Stratigraphic_Unit": "Coal-bearing sequence", "Coal_Bearing": "NO", "Coal_Seam": "", "Weathering_Class": "Moderate", "Sample_ID": "DIPKA-012-S01", "Data_Type": "SYNTHETIC_DEMO", "Source_Provenance": "Synthetic borehole interval generated to match GeoVault demonstration corpus" }, "geometry": { "type": "Point", "coordinates": [ 82.554206, 22.29852 ] } },
{ "type": "Feature", "properties": { "Borehole_ID": "DIPKA-BH-012", "Mine_ID": "M-DIPKA", "Mine_Code": "DIPKA", "Mine_Name": "Dipka OCP", "Interval_No": 2, "From_Depth_m": 21.48, "To_Depth_m": 42.96, "Thickness_m": 21.48, "Lithology": "Sandstone", "Stratigraphic_Unit": "Coal-bearing sequence", "Coal_Bearing": "NO", "Coal_Seam": "", "Weathering_Class": "Moderate", "Sample_ID": "DIPKA-012-S02", "Data_Type": "SYNTHETIC_DEMO", "Source_Provenance": "Synthetic borehole interval generated to match GeoVault demonstration corpus" }, "geometry": { "type": "Point", "coordinates": [ 82.554206, 22.29852 ] } },
{ "type": "Feature", "properties": { "Borehole_ID": "DIPKA-BH-012", "Mine_ID": "M-DIPKA", "Mine_Code": "DIPKA", "Mine_Name": "Dipka OCP", "Interval_No": 3, "From_Depth_m": 42.96, "To_Depth_m": 64.44, "Thickness_m": 21.48, "Lithology": "Interbedded Sandstone-Shale", "Stratigraphic_Unit": "Underlying sedimentary sequence", "Coal_Bearing": "NO", "Coal_Seam": "", "Weathering_Class": "Fresh", "Sample_ID": "DIPKA-012-S03", "Data_Type": "SYNTHETIC_DEMO", "Source_Provenance": "Synthetic borehole interval generated to match GeoVault demonstration corpus" }, "geometry": { "type": "Point", "coordinates": [ 82.554206, 22.29852 ] } },
{ "type": "Feature", "properties": { "Borehole_ID": "DIPKA-BH-012", "Mine_ID": "M-DIPKA", "Mine_Code": "DIPKA", "Mine_Name": "Dipka OCP", "Interval_No": 4, "From_Depth_m": 64.44, "To_Depth_m": 85.92, "Thickness_m": 21.48, "Lithology": "Shale", "Stratigraphic_Unit": "Underlying sedimentary sequence", "Coal_Bearing": "NO", "Coal_Seam": "", "Weathering_Class": "Fresh", "Sample_ID": "DIPKA-012-S04", "Data_Type": "SYNTHETIC_DEMO", "Source_Provenance": "Synthetic borehole interval generated to match GeoVault demonstration corpus" }, "geometry": { "type": "Point", "coordinates": [ 82.554206, 22.29852 ] } },
{ "type": "Feature", "properties": { "Borehole_ID": "DIPKA-BH-012", "Mine_ID": "M-DIPKA", "Mine_Code": "DIPKA", "Mine_Name": "Dipka OCP", "Interval_No": 5, "From_Depth_m": 85.92, "To_Depth_m": 107.4, "Thickness_m": 21.48, "Lithology": "Interbedded Sandstone-Shale", "Stratigraphic_Unit": "Underlying sedimentary sequence", "Coal_Bearing": "NO", "Coal_Seam": "", "Weathering_Class": "Fresh", "Sample_ID": "DIPKA-012-S05", "Data_Type": "SYNTHETIC_DEMO", "Source_Provenance": "Synthetic borehole interval generated to match GeoVault demonstration corpus" }, "geometry": { "type": "Point", "coordinates": [ 82.554206, 22.29852 ] } },
{ "type": "Feature", "properties": { "Borehole_ID": "DIPKA-BH-012", "Mine_ID": "M-DIPKA", "Mine_Code": "DIPKA", "Mine_Name": "Dipka OCP", "Interval_No": 6, "From_Depth_m": 107.4, "To_Depth_m": 128.88, "Thickness_m": 21.48, "Lithology": "Carbonaceous Shale", "Stratigraphic_Unit": "Coal-bearing sequence", "Coal_Bearing": "NO", "Coal_Seam": "", "Weathering_Class": "Fresh", "Sample_ID": "DIPKA-012-S06", "Data_Type": "SYNTHETIC_DEMO", "Source_Provenance": "Synthetic borehole interval generated to match GeoVault demonstration corpus" }, "geometry": { "type": "Point", "coordinates": [ 82.554206, 22.29852 ] } },
{ "type": "Feature", "properties": { "Borehole_ID": "DIPKA-BH-012", "Mine_ID": "M-DIPKA", "Mine_Code": "DIPKA", "Mine_Name": "Dipka OCP", "Interval_No": 7, "From_Depth_m": 128.88, "To_Depth_m": 150.36, "Thickness_m": 21.48, "Lithology": "Coal", "Stratigraphic_Unit": "Coal-bearing sequence", "Coal_Bearing": "YES", "Coal_Seam": "GV-DIP-S2", "Weathering_Class": "Fresh", "Sample_ID": "DIPKA-012-S07", "Data_Type": "SYNTHETIC_DEMO", "Source_Provenance": "Synthetic borehole interval generated to match GeoVault demonstration corpus" }, "geometry": { "type": "Point", "coordinates": [ 82.554206, 22.29852 ] } },
{ "type": "Feature", "properties": { "Borehole_ID": "DIPKA-BH-012", "Mine_ID": "M-DIPKA", "Mine_Code": "DIPKA", "Mine_Name": "Dipka OCP", "Interval_No": 8, "From_Depth_m": 150.36, "To_Depth_m": 171.84, "Thickness_m": 21.48, "Lithology": "Interbedded Sandstone-Shale", "Stratigraphic_Unit": "Underlying sedimentary sequence", "Coal_Bearing": "NO", "Coal_Seam": "", "Weathering_Class": "Fresh", "Sample_ID": "DIPKA-012-S08", "Data_Type": "SYNTHETIC_DEMO", "Source_Provenance": "Synthetic borehole interval generated to match GeoVault demonstration corpus" }, "geometry": { "type": "Point", "coordinates": [ 82.554206, 22.29852 ] } },
{ "type": "Feature", "properties": { "Borehole_ID": "DIPKA-BH-012", "Mine_ID": "M-DIPKA", "Mine_Code": "DIPKA", "Mine_Name": "Dipka OCP", "Interval_No": 9, "From_Depth_m": 171.84, "To_Depth_m": 193.32, "Thickness_m": 21.48, "Lithology": "Mudstone", "Stratigraphic_Unit": "Coal-bearing sequence", "Coal_Bearing": "NO", "Coal_Seam": "", "Weathering_Class": "Fresh", "Sample_ID": "DIPKA-012-S09", "Data_Type": "SYNTHETIC_DEMO", "Source_Provenance": "Synthetic borehole interval generated to match GeoVault demonstration corpus" }, "geometry": { "type": "Point", "coordinates": [ 82.554206, 22.29852 ] } },
{ "type": "Feature", "properties": { "Borehole_ID": "DIPKA-BH-012", "Mine_ID": "M-DIPKA", "Mine_Code": "DIPKA", "Mine_Name": "Dipka OCP", "Interval_No": 10, "From_Depth_m": 193.32, "To_Depth_m": 214.8, "Thickness_m": 21.48, "Lithology": "Shale", "Stratigraphic_Unit": "Barakar-equivalent demo unit", "Coal_Bearing": "NO", "Coal_Seam": "", "Weathering_Class": "Fresh", "Sample_ID": "DIPKA-012-S10", "Data_Type": "SYNTHETIC_DEMO", "Source_Provenance": "Synthetic borehole interval generated to match GeoVault demonstration corpus" }, "geometry": { "type": "Point", "coordinates": [ 82.554206, 22.29852 ] } },
{ "type": "Feature", "properties": { "Borehole_ID": "NIGAHI-BH-001", "Mine_ID": "M-NIGAHI", "Mine_Code": "NIGAHI", "Mine_Name": "Nigahi OCP", "Interval_No": 1, "From_Depth_m": 0.0, "To_Depth_m": 22.89, "Thickness_m": 22.89, "Lithology": "Shale", "Stratigraphic_Unit": "Underlying sedimentary sequence", "Coal_Bearing": "NO", "Coal_Seam": "", "Weathering_Class": "Moderate", "Sample_ID": "NIGAHI-001-S01", "Data_Type": "SYNTHETIC_DEMO", "Source_Provenance": "Synthetic borehole interval generated to match GeoVault demonstration corpus" }, "geometry": { "type": "Point", "coordinates": [ 82.644026, 24.151783 ] } },
{ "type": "Feature", "properties": { "Borehole_ID": "NIGAHI-BH-001", "Mine_ID": "M-NIGAHI", "Mine_Code": "NIGAHI", "Mine_Name": "Nigahi OCP", "Interval_No": 2, "From_Depth_m": 22.89, "To_Depth_m": 45.78, "Thickness_m": 22.89, "Lithology": "Interbedded Sandstone-Shale", "Stratigraphic_Unit": "Coal-bearing sequence", "Coal_Bearing": "NO", "Coal_Seam": "", "Weathering_Class": "Moderate", "Sample_ID": "NIGAHI-001-S02", "Data_Type": "SYNTHETIC_DEMO", "Source_Provenance": "Synthetic borehole interval generated to match GeoVault demonstration corpus" }, "geometry": { "type": "Point", "coordinates": [ 82.644026, 24.151783 ] } },
{ "type": "Feature", "properties": { "Borehole_ID": "NIGAHI-BH-001", "Mine_ID": "M-NIGAHI", "Mine_Code": "NIGAHI", "Mine_Name": "Nigahi OCP", "Interval_No": 3, "From_Depth_m": 45.78, "To_Depth_m": 68.67, "Thickness_m": 22.89, "Lithology": "Sandstone", "Stratigraphic_Unit": "Underlying sedimentary sequence", "Coal_Bearing": "NO", "Coal_Seam": "", "Weathering_Class": "Fresh", "Sample_ID": "NIGAHI-001-S03", "Data_Type": "SYNTHETIC_DEMO", "Source_Provenance": "Synthetic borehole interval generated to match GeoVault demonstration corpus" }, "geometry": { "type": "Point", "coordinates": [ 82.644026, 24.151783 ] } },
{ "type": "Feature", "properties": { "Borehole_ID": "NIGAHI-BH-001", "Mine_ID": "M-NIGAHI", "Mine_Code": "NIGAHI", "Mine_Name": "Nigahi OCP", "Interval_No": 4, "From_Depth_m": 68.67, "To_Depth_m": 91.56, "Thickness_m": 22.89, "Lithology": "Siltstone", "Stratigraphic_Unit": "Overburden", "Coal_Bearing": "NO", "Coal_Seam": "", "Weathering_Class": "Fresh", "Sample_ID": "NIGAHI-001-S04", "Data_Type": "SYNTHETIC_DEMO", "Source_Provenance": "Synthetic borehole interval generated to match GeoVault demonstration corpus" }, "geometry": { "type": "Point", "coordinates": [ 82.644026, 24.151783 ] } },
{ "type": "Feature", "properties": { "Borehole_ID": "NIGAHI-BH-001", "Mine_ID": "M-NIGAHI", "Mine_Code": "NIGAHI", "Mine_Name": "Nigahi OCP", "Interval_No": 5, "From_Depth_m": 91.56, "To_Depth_m": 114.45, "Thickness_m": 22.89, "Lithology": "Interbedded Sandstone-Shale", "Stratigraphic_Unit": "Overburden", "Coal_Bearing": "NO", "Coal_Seam": "", "Weathering_Class": "Fresh", "Sample_ID": "NIGAHI-001-S05", "Data_Type": "SYNTHETIC_DEMO", "Source_Provenance": "Synthetic borehole interval generated to match GeoVault demonstration corpus" }, "geometry": { "type": "Point", "coordinates": [ 82.644026, 24.151783 ] } },
{ "type": "Feature", "properties": { "Borehole_ID": "NIGAHI-BH-001", "Mine_ID": "M-NIGAHI", "Mine_Code": "NIGAHI", "Mine_Name": "Nigahi OCP", "Interval_No": 6, "From_Depth_m": 114.45, "To_Depth_m": 137.34, "Thickness_m": 22.89, "Lithology": "Carbonaceous Shale", "Stratigraphic_Unit": "Underlying sedimentary sequence", "Coal_Bearing": "NO", "Coal_Seam": "", "Weathering_Class": "Fresh", "Sample_ID": "NIGAHI-001-S06", "Data_Type": "SYNTHETIC_DEMO", "Source_Provenance": "Synthetic borehole interval generated to match GeoVault demonstration corpus" }, "geometry": { "type": "Point", "coordinates": [ 82.644026, 24.151783 ] } },
{ "type": "Feature", "properties": { "Borehole_ID": "NIGAHI-BH-001", "Mine_ID": "M-NIGAHI", "Mine_Code": "NIGAHI", "Mine_Name": "Nigahi OCP", "Interval_No": 7, "From_Depth_m": 137.34, "To_Depth_m": 160.23, "Thickness_m": 22.89, "Lithology": "Coal", "Stratigraphic_Unit": "Coal-bearing sequence", "Coal_Bearing": "YES", "Coal_Seam": "Purewa Merged", "Weathering_Class": "Fresh", "Sample_ID": "NIGAHI-001-S07", "Data_Type": "SYNTHETIC_DEMO", "Source_Provenance": "Synthetic borehole interval generated to match GeoVault demonstration corpus" }, "geometry": { "type": "Point", "coordinates": [ 82.644026, 24.151783 ] } },
{ "type": "Feature", "properties": { "Borehole_ID": "NIGAHI-BH-001", "Mine_ID": "M-NIGAHI", "Mine_Code": "NIGAHI", "Mine_Name": "Nigahi OCP", "Interval_No": 8, "From_Depth_m": 160.23, "To_Depth_m": 183.12, "Thickness_m": 22.89, "Lithology": "Shale", "Stratigraphic_Unit": "Coal-bearing sequence", "Coal_Bearing": "NO", "Coal_Seam": "", "Weathering_Class": "Fresh", "Sample_ID": "NIGAHI-001-S08", "Data_Type": "SYNTHETIC_DEMO", "Source_Provenance": "Synthetic borehole interval generated to match GeoVault demonstration corpus" }, "geometry": { "type": "Point", "coordinates": [ 82.644026, 24.151783 ] } },
{ "type": "Feature", "properties": { "Borehole_ID": "NIGAHI-BH-001", "Mine_ID": "M-NIGAHI", "Mine_Code": "NIGAHI", "Mine_Name": "Nigahi OCP", "Interval_No": 9, "From_Depth_m": 183.12, "To_Depth_m": 206.01, "Thickness_m": 22.89, "Lithology": "Shale", "Stratigraphic_Unit": "Barakar-equivalent demo unit", "Coal_Bearing": "NO", "Coal_Seam": "", "Weathering_Class": "Fresh", "Sample_ID": "NIGAHI-001-S09", "Data_Type": "SYNTHETIC_DEMO", "Source_Provenance": "Synthetic borehole interval generated to match GeoVault demonstration corpus" }, "geometry": { "type": "Point", "coordinates": [ 82.644026, 24.151783 ] } },
{ "type": "Feature", "properties": { "Borehole_ID": "NIGAHI-BH-001", "Mine_ID": "M-NIGAHI", "Mine_Code": "NIGAHI", "Mine_Name": "Nigahi OCP", "Interval_No": 10, "From_Depth_m": 206.01, "To_Depth_m": 228.9, "Thickness_m": 22.89, "Lithology": "Interbedded Sandstone-Shale", "Stratigraphic_Unit": "Coal-bearing sequence", "Coal_Bearing": "NO", "Coal_Seam": "", "Weathering_Class": "Fresh", "Sample_ID": "NIGAHI-001-S10", "Data_Type": "SYNTHETIC_DEMO", "Source_Provenance": "Synthetic borehole interval generated to match GeoVault demonstration corpus" }, "geometry": { "type": "Point", "coordinates": [ 82.644026, 24.151783 ] } },
{ "type": "Feature", "properties": { "Borehole_ID": "NIGAHI-BH-002", "Mine_ID": "M-NIGAHI", "Mine_Code": "NIGAHI", "Mine_Name": "Nigahi OCP", "Interval_No": 1, "From_Depth_m": 0.0, "To_Depth_m": 20.72, "Thickness_m": 20.72, "Lithology": "Shale", "Stratigraphic_Unit": "Overburden", "Coal_Bearing": "NO", "Coal_Seam": "", "Weathering_Class": "Slight", "Sample_ID": "NIGAHI-002-S01", "Data_Type": "SYNTHETIC_DEMO", "Source_Provenance": "Synthetic borehole interval generated to match GeoVault demonstration corpus" }, "geometry": { "type": "Point", "coordinates": [ 82.655279, 24.132613 ] } },
{ "type": "Feature", "properties": { "Borehole_ID": "NIGAHI-BH-002", "Mine_ID": "M-NIGAHI", "Mine_Code": "NIGAHI", "Mine_Name": "Nigahi OCP", "Interval_No": 2, "From_Depth_m": 20.72, "To_Depth_m": 41.44, "Thickness_m": 20.72, "Lithology": "Siltstone", "Stratigraphic_Unit": "Underlying sedimentary sequence", "Coal_Bearing": "NO", "Coal_Seam": "", "Weathering_Class": "Slight", "Sample_ID": "NIGAHI-002-S02", "Data_Type": "SYNTHETIC_DEMO", "Source_Provenance": "Synthetic borehole interval generated to match GeoVault demonstration corpus" }, "geometry": { "type": "Point", "coordinates": [ 82.655279, 24.132613 ] } },
{ "type": "Feature", "properties": { "Borehole_ID": "NIGAHI-BH-002", "Mine_ID": "M-NIGAHI", "Mine_Code": "NIGAHI", "Mine_Name": "Nigahi OCP", "Interval_No": 3, "From_Depth_m": 41.44, "To_Depth_m": 62.16, "Thickness_m": 20.72, "Lithology": "Carbonaceous Shale", "Stratigraphic_Unit": "Coal-bearing sequence", "Coal_Bearing": "NO", "Coal_Seam": "", "Weathering_Class": "Fresh", "Sample_ID": "NIGAHI-002-S03", "Data_Type": "SYNTHETIC_DEMO", "Source_Provenance": "Synthetic borehole interval generated to match GeoVault demonstration corpus" }, "geometry": { "type": "Point", "coordinates": [ 82.655279, 24.132613 ] } },
{ "type": "Feature", "properties": { "Borehole_ID": "NIGAHI-BH-002", "Mine_ID": "M-NIGAHI", "Mine_Code": "NIGAHI", "Mine_Name": "Nigahi OCP", "Interval_No": 4, "From_Depth_m": 62.16, "To_Depth_m": 82.88, "Thickness_m": 20.72, "Lithology": "Coal", "Stratigraphic_Unit": "Barakar-equivalent demo unit", "Coal_Bearing": "YES", "Coal_Seam": "Purewa Merged", "Weathering_Class": "Fresh", "Sample_ID": "NIGAHI-002-S04", "Data_Type": "SYNTHETIC_DEMO", "Source_Provenance": "Synthetic borehole interval generated to match GeoVault demonstration corpus" }, "geometry": { "type": "Point", "coordinates": [ 82.655279, 24.132613 ] } },
{ "type": "Feature", "properties": { "Borehole_ID": "NIGAHI-BH-002", "Mine_ID": "M-NIGAHI", "Mine_Code": "NIGAHI", "Mine_Name": "Nigahi OCP", "Interval_No": 5, "From_Depth_m": 82.88, "To_Depth_m": 103.6, "Thickness_m": 20.72, "Lithology": "Sandstone", "Stratigraphic_Unit": "Coal-bearing sequence", "Coal_Bearing": "NO", "Coal_Seam": "", "Weathering_Class": "Fresh", "Sample_ID": "NIGAHI-002-S05", "Data_Type": "SYNTHETIC_DEMO", "Source_Provenance": "Synthetic borehole interval generated to match GeoVault demonstration corpus" }, "geometry": { "type": "Point", "coordinates": [ 82.655279, 24.132613 ] } },
{ "type": "Feature", "properties": { "Borehole_ID": "NIGAHI-BH-002", "Mine_ID": "M-NIGAHI", "Mine_Code": "NIGAHI", "Mine_Name": "Nigahi OCP", "Interval_No": 6, "From_Depth_m": 103.6, "To_Depth_m": 124.32, "Thickness_m": 20.72, "Lithology": "Siltstone", "Stratigraphic_Unit": "Underlying sedimentary sequence", "Coal_Bearing": "NO", "Coal_Seam": "", "Weathering_Class": "Fresh", "Sample_ID": "NIGAHI-002-S06", "Data_Type": "SYNTHETIC_DEMO", "Source_Provenance": "Synthetic borehole interval generated to match GeoVault demonstration corpus" }, "geometry": { "type": "Point", "coordinates": [ 82.655279, 24.132613 ] } },
{ "type": "Feature", "properties": { "Borehole_ID": "NIGAHI-BH-002", "Mine_ID": "M-NIGAHI", "Mine_Code": "NIGAHI", "Mine_Name": "Nigahi OCP", "Interval_No": 7, "From_Depth_m": 124.32, "To_Depth_m": 145.04, "Thickness_m": 20.72, "Lithology": "Shale", "Stratigraphic_Unit": "Barakar-equivalent demo unit", "Coal_Bearing": "NO", "Coal_Seam": "", "Weathering_Class": "Fresh", "Sample_ID": "NIGAHI-002-S07", "Data_Type": "SYNTHETIC_DEMO", "Source_Provenance": "Synthetic borehole interval generated to match GeoVault demonstration corpus" }, "geometry": { "type": "Point", "coordinates": [ 82.655279, 24.132613 ] } },
{ "type": "Feature", "properties": { "Borehole_ID": "NIGAHI-BH-002", "Mine_ID": "M-NIGAHI", "Mine_Code": "NIGAHI", "Mine_Name": "Nigahi OCP", "Interval_No": 8, "From_Depth_m": 145.04, "To_Depth_m": 165.76, "Thickness_m": 20.72, "Lithology": "Shale", "Stratigraphic_Unit": "Coal-bearing sequence", "Coal_Bearing": "NO", "Coal_Seam": "", "Weathering_Class": "Fresh", "Sample_ID": "NIGAHI-002-S08", "Data_Type": "SYNTHETIC_DEMO", "Source_Provenance": "Synthetic borehole interval generated to match GeoVault demonstration corpus" }, "geometry": { "type": "Point", "coordinates": [ 82.655279, 24.132613 ] } },
{ "type": "Feature", "properties": { "Borehole_ID": "NIGAHI-BH-002", "Mine_ID": "M-NIGAHI", "Mine_Code": "NIGAHI", "Mine_Name": "Nigahi OCP", "Interval_No": 9, "From_Depth_m": 165.76, "To_Depth_m": 186.48, "Thickness_m": 20.72, "Lithology": "Interbedded Sandstone-Shale", "Stratigraphic_Unit": "Coal-bearing sequence", "Coal_Bearing": "NO", "Coal_Seam": "", "Weathering_Class": "Fresh", "Sample_ID": "NIGAHI-002-S09", "Data_Type": "SYNTHETIC_DEMO", "Source_Provenance": "Synthetic borehole interval generated to match GeoVault demonstration corpus" }, "geometry": { "type": "Point", "coordinates": [ 82.655279, 24.132613 ] } },
{ "type": "Feature", "properties": { "Borehole_ID": "NIGAHI-BH-002", "Mine_ID": "M-NIGAHI", "Mine_Code": "NIGAHI", "Mine_Name": "Nigahi OCP", "Interval_No": 10, "From_Depth_m": 186.48, "To_Depth_m": 207.2, "Thickness_m": 20.72, "Lithology": "Shale", "Stratigraphic_Unit": "Coal-bearing sequence", "Coal_Bearing": "NO", "Coal_Seam": "", "Weathering_Class": "Fresh", "Sample_ID": "NIGAHI-002-S10", "Data_Type": "SYNTHETIC_DEMO", "Source_Provenance": "Synthetic borehole interval generated to match GeoVault demonstration corpus" }, "geometry": { "type": "Point", "coordinates": [ 82.655279, 24.132613 ] } },
{ "type": "Feature", "properties": { "Borehole_ID": "NIGAHI-BH-003", "Mine_ID": "M-NIGAHI", "Mine_Code": "NIGAHI", "Mine_Name": "Nigahi OCP", "Interval_No": 1, "From_Depth_m": 0.0, "To_Depth_m": 22.4, "Thickness_m": 22.4, "Lithology": "Mudstone", "Stratigraphic_Unit": "Coal-bearing sequence", "Coal_Bearing": "NO", "Coal_Seam": "", "Weathering_Class": "Moderate", "Sample_ID": "NIGAHI-003-S01", "Data_Type": "SYNTHETIC_DEMO", "Source_Provenance": "Synthetic borehole interval generated to match GeoVault demonstration corpus" }, "geometry": { "type": "Point", "coordinates": [ 82.598516, 24.159717 ] } },
{ "type": "Feature", "properties": { "Borehole_ID": "NIGAHI-BH-003", "Mine_ID": "M-NIGAHI", "Mine_Code": "NIGAHI", "Mine_Name": "Nigahi OCP", "Interval_No": 2, "From_Depth_m": 22.4, "To_Depth_m": 44.8, "Thickness_m": 22.4, "Lithology": "Sandstone", "Stratigraphic_Unit": "Underlying sedimentary sequence", "Coal_Bearing": "NO", "Coal_Seam": "", "Weathering_Class": "Slight", "Sample_ID": "NIGAHI-003-S02", "Data_Type": "SYNTHETIC_DEMO", "Source_Provenance": "Synthetic borehole interval generated to match GeoVault demonstration corpus" }, "geometry": { "type": "Point", "coordinates": [ 82.598516, 24.159717 ] } },
{ "type": "Feature", "properties": { "Borehole_ID": "NIGAHI-BH-003", "Mine_ID": "M-NIGAHI", "Mine_Code": "NIGAHI", "Mine_Name": "Nigahi OCP", "Interval_No": 3, "From_Depth_m": 44.8, "To_Depth_m": 67.2, "Thickness_m": 22.4, "Lithology": "Shale", "Stratigraphic_Unit": "Barakar-equivalent demo unit", "Coal_Bearing": "NO", "Coal_Seam": "", "Weathering_Class": "Fresh", "Sample_ID": "NIGAHI-003-S03", "Data_Type": "SYNTHETIC_DEMO", "Source_Provenance": "Synthetic borehole interval generated to match GeoVault demonstration corpus" }, "geometry": { "type": "Point", "coordinates": [ 82.598516, 24.159717 ] } },
{ "type": "Feature", "properties": { "Borehole_ID": "NIGAHI-BH-003", "Mine_ID": "M-NIGAHI", "Mine_Code": "NIGAHI", "Mine_Name": "Nigahi OCP", "Interval_No": 4, "From_Depth_m": 67.2, "To_Depth_m": 89.6, "Thickness_m": 22.4, "Lithology": "Mudstone", "Stratigraphic_Unit": "Coal-bearing sequence", "Coal_Bearing": "NO", "Coal_Seam": "", "Weathering_Class": "Fresh", "Sample_ID": "NIGAHI-003-S04", "Data_Type": "SYNTHETIC_DEMO", "Source_Provenance": "Synthetic borehole interval generated to match GeoVault demonstration corpus" }, "geometry": { "type": "Point", "coordinates": [ 82.598516, 24.159717 ] } },
{ "type": "Feature", "properties": { "Borehole_ID": "NIGAHI-BH-003", "Mine_ID": "M-NIGAHI", "Mine_Code": "NIGAHI", "Mine_Name": "Nigahi OCP", "Interval_No": 5, "From_Depth_m": 89.6, "To_Depth_m": 112.0, "Thickness_m": 22.4, "Lithology": "Sandstone", "Stratigraphic_Unit": "Underlying sedimentary sequence", "Coal_Bearing": "NO", "Coal_Seam": "", "Weathering_Class": "Fresh", "Sample_ID": "NIGAHI-003-S05", "Data_Type": "SYNTHETIC_DEMO", "Source_Provenance": "Synthetic borehole interval generated to match GeoVault demonstration corpus" }, "geometry": { "type": "Point", "coordinates": [ 82.598516, 24.159717 ] } },
{ "type": "Feature", "properties": { "Borehole_ID": "NIGAHI-BH-003", "Mine_ID": "M-NIGAHI", "Mine_Code": "NIGAHI", "Mine_Name": "Nigahi OCP", "Interval_No": 6, "From_Depth_m": 112.0, "To_Depth_m": 134.4, "Thickness_m": 22.4, "Lithology": "Sandstone", "Stratigraphic_Unit": "Coal-bearing sequence", "Coal_Bearing": "NO", "Coal_Seam": "", "Weathering_Class": "Fresh", "Sample_ID": "NIGAHI-003-S06", "Data_Type": "SYNTHETIC_DEMO", "Source_Provenance": "Synthetic borehole interval generated to match GeoVault demonstration corpus" }, "geometry": { "type": "Point", "coordinates": [ 82.598516, 24.159717 ] } },
{ "type": "Feature", "properties": { "Borehole_ID": "NIGAHI-BH-003", "Mine_ID": "M-NIGAHI", "Mine_Code": "NIGAHI", "Mine_Name": "Nigahi OCP", "Interval_No": 7, "From_Depth_m": 134.4, "To_Depth_m": 156.8, "Thickness_m": 22.4, "Lithology": "Carbonaceous Shale", "Stratigraphic_Unit": "Overburden", "Coal_Bearing": "NO", "Coal_Seam": "", "Weathering_Class": "Fresh", "Sample_ID": "NIGAHI-003-S07", "Data_Type": "SYNTHETIC_DEMO", "Source_Provenance": "Synthetic borehole interval generated to match GeoVault demonstration corpus" }, "geometry": { "type": "Point", "coordinates": [ 82.598516, 24.159717 ] } },
{ "type": "Feature", "properties": { "Borehole_ID": "NIGAHI-BH-003", "Mine_ID": "M-NIGAHI", "Mine_Code": "NIGAHI", "Mine_Name": "Nigahi OCP", "Interval_No": 8, "From_Depth_m": 156.8, "To_Depth_m": 179.2, "Thickness_m": 22.4, "Lithology": "Coal", "Stratigraphic_Unit": "Underlying sedimentary sequence", "Coal_Bearing": "YES", "Coal_Seam": "Purewa Merged", "Weathering_Class": "Fresh", "Sample_ID": "NIGAHI-003-S08", "Data_Type": "SYNTHETIC_DEMO", "Source_Provenance": "Synthetic borehole interval generated to match GeoVault demonstration corpus" }, "geometry": { "type": "Point", "coordinates": [ 82.598516, 24.159717 ] } },
{ "type": "Feature", "properties": { "Borehole_ID": "NIGAHI-BH-003", "Mine_ID": "M-NIGAHI", "Mine_Code": "NIGAHI", "Mine_Name": "Nigahi OCP", "Interval_No": 9, "From_Depth_m": 179.2, "To_Depth_m": 201.6, "Thickness_m": 22.4, "Lithology": "Siltstone", "Stratigraphic_Unit": "Coal-bearing sequence", "Coal_Bearing": "NO", "Coal_Seam": "", "Weathering_Class": "Fresh", "Sample_ID": "NIGAHI-003-S09", "Data_Type": "SYNTHETIC_DEMO", "Source_Provenance": "Synthetic borehole interval generated to match GeoVault demonstration corpus" }, "geometry": { "type": "Point", "coordinates": [ 82.598516, 24.159717 ] } },
{ "type": "Feature", "properties": { "Borehole_ID": "NIGAHI-BH-003", "Mine_ID": "M-NIGAHI", "Mine_Code": "NIGAHI", "Mine_Name": "Nigahi OCP", "Interval_No": 10, "From_Depth_m": 201.6, "To_Depth_m": 224.0, "Thickness_m": 22.4, "Lithology": "Interbedded Sandstone-Shale", "Stratigraphic_Unit": "Underlying sedimentary sequence", "Coal_Bearing": "NO", "Coal_Seam": "", "Weathering_Class": "Fresh", "Sample_ID": "NIGAHI-003-S10", "Data_Type": "SYNTHETIC_DEMO", "Source_Provenance": "Synthetic borehole interval generated to match GeoVault demonstration corpus" }, "geometry": { "type": "Point", "coordinates": [ 82.598516, 24.159717 ] } },
{ "type": "Feature", "properties": { "Borehole_ID": "NIGAHI-BH-004", "Mine_ID": "M-NIGAHI", "Mine_Code": "NIGAHI", "Mine_Name": "Nigahi OCP", "Interval_No": 1, "From_Depth_m": 0.0, "To_Depth_m": 11.79, "Thickness_m": 11.79, "Lithology": "Siltstone", "Stratigraphic_Unit": "Overburden", "Coal_Bearing": "NO", "Coal_Seam": "", "Weathering_Class": "Slight", "Sample_ID": "NIGAHI-004-S01", "Data_Type": "SYNTHETIC_DEMO", "Source_Provenance": "Synthetic borehole interval generated to match GeoVault demonstration corpus" }, "geometry": { "type": "Point", "coordinates": [ 82.620686, 24.167088 ] } },
{ "type": "Feature", "properties": { "Borehole_ID": "NIGAHI-BH-004", "Mine_ID": "M-NIGAHI", "Mine_Code": "NIGAHI", "Mine_Name": "Nigahi OCP", "Interval_No": 2, "From_Depth_m": 11.79, "To_Depth_m": 23.58, "Thickness_m": 11.79, "Lithology": "Mudstone", "Stratigraphic_Unit": "Overburden", "Coal_Bearing": "NO", "Coal_Seam": "", "Weathering_Class": "Moderate", "Sample_ID": "NIGAHI-004-S02", "Data_Type": "SYNTHETIC_DEMO", "Source_Provenance": "Synthetic borehole interval generated to match GeoVault demonstration corpus" }, "geometry": { "type": "Point", "coordinates": [ 82.620686, 24.167088 ] } },
{ "type": "Feature", "properties": { "Borehole_ID": "NIGAHI-BH-004", "Mine_ID": "M-NIGAHI", "Mine_Code": "NIGAHI", "Mine_Name": "Nigahi OCP", "Interval_No": 3, "From_Depth_m": 23.58, "To_Depth_m": 35.37, "Thickness_m": 11.79, "Lithology": "Interbedded Sandstone-Shale", "Stratigraphic_Unit": "Barakar-equivalent demo unit", "Coal_Bearing": "NO", "Coal_Seam": "", "Weathering_Class": "Slight", "Sample_ID": "NIGAHI-004-S03", "Data_Type": "SYNTHETIC_DEMO", "Source_Provenance": "Synthetic borehole interval generated to match GeoVault demonstration corpus" }, "geometry": { "type": "Point", "coordinates": [ 82.620686, 24.167088 ] } },
{ "type": "Feature", "properties": { "Borehole_ID": "NIGAHI-BH-004", "Mine_ID": "M-NIGAHI", "Mine_Code": "NIGAHI", "Mine_Name": "Nigahi OCP", "Interval_No": 4, "From_Depth_m": 35.37, "To_Depth_m": 47.16, "Thickness_m": 11.79, "Lithology": "Mudstone", "Stratigraphic_Unit": "Coal-bearing sequence", "Coal_Bearing": "NO", "Coal_Seam": "", "Weathering_Class": "Fresh", "Sample_ID": "NIGAHI-004-S04", "Data_Type": "SYNTHETIC_DEMO", "Source_Provenance": "Synthetic borehole interval generated to match GeoVault demonstration corpus" }, "geometry": { "type": "Point", "coordinates": [ 82.620686, 24.167088 ] } },
{ "type": "Feature", "properties": { "Borehole_ID": "NIGAHI-BH-004", "Mine_ID": "M-NIGAHI", "Mine_Code": "NIGAHI", "Mine_Name": "Nigahi OCP", "Interval_No": 5, "From_Depth_m": 47.16, "To_Depth_m": 58.95, "Thickness_m": 11.79, "Lithology": "Carbonaceous Shale", "Stratigraphic_Unit": "Underlying sedimentary sequence", "Coal_Bearing": "NO", "Coal_Seam": "", "Weathering_Class": "Fresh", "Sample_ID": "NIGAHI-004-S05", "Data_Type": "SYNTHETIC_DEMO", "Source_Provenance": "Synthetic borehole interval generated to match GeoVault demonstration corpus" }, "geometry": { "type": "Point", "coordinates": [ 82.620686, 24.167088 ] } },
{ "type": "Feature", "properties": { "Borehole_ID": "NIGAHI-BH-004", "Mine_ID": "M-NIGAHI", "Mine_Code": "NIGAHI", "Mine_Name": "Nigahi OCP", "Interval_No": 6, "From_Depth_m": 58.95, "To_Depth_m": 70.74, "Thickness_m": 11.79, "Lithology": "Coal", "Stratigraphic_Unit": "Overburden", "Coal_Bearing": "YES", "Coal_Seam": "Turra", "Weathering_Class": "Fresh", "Sample_ID": "NIGAHI-004-S06", "Data_Type": "SYNTHETIC_DEMO", "Source_Provenance": "Synthetic borehole interval generated to match GeoVault demonstration corpus" }, "geometry": { "type": "Point", "coordinates": [ 82.620686, 24.167088 ] } },
{ "type": "Feature", "properties": { "Borehole_ID": "NIGAHI-BH-004", "Mine_ID": "M-NIGAHI", "Mine_Code": "NIGAHI", "Mine_Name": "Nigahi OCP", "Interval_No": 7, "From_Depth_m": 70.74, "To_Depth_m": 82.53, "Thickness_m": 11.79, "Lithology": "Shale", "Stratigraphic_Unit": "Overburden", "Coal_Bearing": "NO", "Coal_Seam": "", "Weathering_Class": "Fresh", "Sample_ID": "NIGAHI-004-S07", "Data_Type": "SYNTHETIC_DEMO", "Source_Provenance": "Synthetic borehole interval generated to match GeoVault demonstration corpus" }, "geometry": { "type": "Point", "coordinates": [ 82.620686, 24.167088 ] } },
{ "type": "Feature", "properties": { "Borehole_ID": "NIGAHI-BH-004", "Mine_ID": "M-NIGAHI", "Mine_Code": "NIGAHI", "Mine_Name": "Nigahi OCP", "Interval_No": 8, "From_Depth_m": 82.53, "To_Depth_m": 94.32, "Thickness_m": 11.79, "Lithology": "Sandstone", "Stratigraphic_Unit": "Coal-bearing sequence", "Coal_Bearing": "NO", "Coal_Seam": "", "Weathering_Class": "Fresh", "Sample_ID": "NIGAHI-004-S08", "Data_Type": "SYNTHETIC_DEMO", "Source_Provenance": "Synthetic borehole interval generated to match GeoVault demonstration corpus" }, "geometry": { "type": "Point", "coordinates": [ 82.620686, 24.167088 ] } },
{ "type": "Feature", "properties": { "Borehole_ID": "NIGAHI-BH-004", "Mine_ID": "M-NIGAHI", "Mine_Code": "NIGAHI", "Mine_Name": "Nigahi OCP", "Interval_No": 9, "From_Depth_m": 94.32, "To_Depth_m": 106.11, "Thickness_m": 11.79, "Lithology": "Mudstone", "Stratigraphic_Unit": "Overburden", "Coal_Bearing": "NO", "Coal_Seam": "", "Weathering_Class": "Fresh", "Sample_ID": "NIGAHI-004-S09", "Data_Type": "SYNTHETIC_DEMO", "Source_Provenance": "Synthetic borehole interval generated to match GeoVault demonstration corpus" }, "geometry": { "type": "Point", "coordinates": [ 82.620686, 24.167088 ] } },
{ "type": "Feature", "properties": { "Borehole_ID": "NIGAHI-BH-004", "Mine_ID": "M-NIGAHI", "Mine_Code": "NIGAHI", "Mine_Name": "Nigahi OCP", "Interval_No": 10, "From_Depth_m": 106.11, "To_Depth_m": 117.9, "Thickness_m": 11.79, "Lithology": "Sandstone", "Stratigraphic_Unit": "Barakar-equivalent demo unit", "Coal_Bearing": "NO", "Coal_Seam": "", "Weathering_Class": "Fresh", "Sample_ID": "NIGAHI-004-S10", "Data_Type": "SYNTHETIC_DEMO", "Source_Provenance": "Synthetic borehole interval generated to match GeoVault demonstration corpus" }, "geometry": { "type": "Point", "coordinates": [ 82.620686, 24.167088 ] } },
{ "type": "Feature", "properties": { "Borehole_ID": "NIGAHI-BH-005", "Mine_ID": "M-NIGAHI", "Mine_Code": "NIGAHI", "Mine_Name": "Nigahi OCP", "Interval_No": 1, "From_Depth_m": 0.0, "To_Depth_m": 23.91, "Thickness_m": 23.91, "Lithology": "Interbedded Sandstone-Shale", "Stratigraphic_Unit": "Barakar-equivalent demo unit", "Coal_Bearing": "NO", "Coal_Seam": "", "Weathering_Class": "Moderate", "Sample_ID": "NIGAHI-005-S01", "Data_Type": "SYNTHETIC_DEMO", "Source_Provenance": "Synthetic borehole interval generated to match GeoVault demonstration corpus" }, "geometry": { "type": "Point", "coordinates": [ 82.65233, 24.161193 ] } },
{ "type": "Feature", "properties": { "Borehole_ID": "NIGAHI-BH-005", "Mine_ID": "M-NIGAHI", "Mine_Code": "NIGAHI", "Mine_Name": "Nigahi OCP", "Interval_No": 2, "From_Depth_m": 23.91, "To_Depth_m": 47.82, "Thickness_m": 23.91, "Lithology": "Mudstone", "Stratigraphic_Unit": "Coal-bearing sequence", "Coal_Bearing": "NO", "Coal_Seam": "", "Weathering_Class": "Moderate", "Sample_ID": "NIGAHI-005-S02", "Data_Type": "SYNTHETIC_DEMO", "Source_Provenance": "Synthetic borehole interval generated to match GeoVault demonstration corpus" }, "geometry": { "type": "Point", "coordinates": [ 82.65233, 24.161193 ] } },
{ "type": "Feature", "properties": { "Borehole_ID": "NIGAHI-BH-005", "Mine_ID": "M-NIGAHI", "Mine_Code": "NIGAHI", "Mine_Name": "Nigahi OCP", "Interval_No": 3, "From_Depth_m": 47.82, "To_Depth_m": 71.73, "Thickness_m": 23.91, "Lithology": "Interbedded Sandstone-Shale", "Stratigraphic_Unit": "Barakar-equivalent demo unit", "Coal_Bearing": "NO", "Coal_Seam": "", "Weathering_Class": "Fresh", "Sample_ID": "NIGAHI-005-S03", "Data_Type": "SYNTHETIC_DEMO", "Source_Provenance": "Synthetic borehole interval generated to match GeoVault demonstration corpus" }, "geometry": { "type": "Point", "coordinates": [ 82.65233, 24.161193 ] } },
{ "type": "Feature", "properties": { "Borehole_ID": "NIGAHI-BH-005", "Mine_ID": "M-NIGAHI", "Mine_Code": "NIGAHI", "Mine_Name": "Nigahi OCP", "Interval_No": 4, "From_Depth_m": 71.73, "To_Depth_m": 95.64, "Thickness_m": 23.91, "Lithology": "Mudstone", "Stratigraphic_Unit": "Overburden", "Coal_Bearing": "NO", "Coal_Seam": "", "Weathering_Class": "Fresh", "Sample_ID": "NIGAHI-005-S04", "Data_Type": "SYNTHETIC_DEMO", "Source_Provenance": "Synthetic borehole interval generated to match GeoVault demonstration corpus" }, "geometry": { "type": "Point", "coordinates": [ 82.65233, 24.161193 ] } },
{ "type": "Feature", "properties": { "Borehole_ID": "NIGAHI-BH-005", "Mine_ID": "M-NIGAHI", "Mine_Code": "NIGAHI", "Mine_Name": "Nigahi OCP", "Interval_No": 5, "From_Depth_m": 95.64, "To_Depth_m": 119.55, "Thickness_m": 23.91, "Lithology": "Carbonaceous Shale", "Stratigraphic_Unit": "Underlying sedimentary sequence", "Coal_Bearing": "NO", "Coal_Seam": "", "Weathering_Class": "Fresh", "Sample_ID": "NIGAHI-005-S05", "Data_Type": "SYNTHETIC_DEMO", "Source_Provenance": "Synthetic borehole interval generated to match GeoVault demonstration corpus" }, "geometry": { "type": "Point", "coordinates": [ 82.65233, 24.161193 ] } },
{ "type": "Feature", "properties": { "Borehole_ID": "NIGAHI-BH-005", "Mine_ID": "M-NIGAHI", "Mine_Code": "NIGAHI", "Mine_Name": "Nigahi OCP", "Interval_No": 6, "From_Depth_m": 119.55, "To_Depth_m": 143.46, "Thickness_m": 23.91, "Lithology": "Coal", "Stratigraphic_Unit": "Underlying sedimentary sequence", "Coal_Bearing": "YES", "Coal_Seam": "Purewa Merged", "Weathering_Class": "Fresh", "Sample_ID": "NIGAHI-005-S06", "Data_Type": "SYNTHETIC_DEMO", "Source_Provenance": "Synthetic borehole interval generated to match GeoVault demonstration corpus" }, "geometry": { "type": "Point", "coordinates": [ 82.65233, 24.161193 ] } },
{ "type": "Feature", "properties": { "Borehole_ID": "NIGAHI-BH-005", "Mine_ID": "M-NIGAHI", "Mine_Code": "NIGAHI", "Mine_Name": "Nigahi OCP", "Interval_No": 7, "From_Depth_m": 143.46, "To_Depth_m": 167.37, "Thickness_m": 23.91, "Lithology": "Siltstone", "Stratigraphic_Unit": "Overburden", "Coal_Bearing": "NO", "Coal_Seam": "", "Weathering_Class": "Fresh", "Sample_ID": "NIGAHI-005-S07", "Data_Type": "SYNTHETIC_DEMO", "Source_Provenance": "Synthetic borehole interval generated to match GeoVault demonstration corpus" }, "geometry": { "type": "Point", "coordinates": [ 82.65233, 24.161193 ] } },
{ "type": "Feature", "properties": { "Borehole_ID": "NIGAHI-BH-005", "Mine_ID": "M-NIGAHI", "Mine_Code": "NIGAHI", "Mine_Name": "Nigahi OCP", "Interval_No": 8, "From_Depth_m": 167.37, "To_Depth_m": 191.28, "Thickness_m": 23.91, "Lithology": "Siltstone", "Stratigraphic_Unit": "Barakar-equivalent demo unit", "Coal_Bearing": "NO", "Coal_Seam": "", "Weathering_Class": "Fresh", "Sample_ID": "NIGAHI-005-S08", "Data_Type": "SYNTHETIC_DEMO", "Source_Provenance": "Synthetic borehole interval generated to match GeoVault demonstration corpus" }, "geometry": { "type": "Point", "coordinates": [ 82.65233, 24.161193 ] } },
{ "type": "Feature", "properties": { "Borehole_ID": "NIGAHI-BH-005", "Mine_ID": "M-NIGAHI", "Mine_Code": "NIGAHI", "Mine_Name": "Nigahi OCP", "Interval_No": 9, "From_Depth_m": 191.28, "To_Depth_m": 215.19, "Thickness_m": 23.91, "Lithology": "Mudstone", "Stratigraphic_Unit": "Underlying sedimentary sequence", "Coal_Bearing": "NO", "Coal_Seam": "", "Weathering_Class": "Fresh", "Sample_ID": "NIGAHI-005-S09", "Data_Type": "SYNTHETIC_DEMO", "Source_Provenance": "Synthetic borehole interval generated to match GeoVault demonstration corpus" }, "geometry": { "type": "Point", "coordinates": [ 82.65233, 24.161193 ] } },
{ "type": "Feature", "properties": { "Borehole_ID": "NIGAHI-BH-005", "Mine_ID": "M-NIGAHI", "Mine_Code": "NIGAHI", "Mine_Name": "Nigahi OCP", "Interval_No": 10, "From_Depth_m": 215.19, "To_Depth_m": 239.1, "Thickness_m": 23.91, "Lithology": "Shale", "Stratigraphic_Unit": "Coal-bearing sequence", "Coal_Bearing": "NO", "Coal_Seam": "", "Weathering_Class": "Fresh", "Sample_ID": "NIGAHI-005-S10", "Data_Type": "SYNTHETIC_DEMO", "Source_Provenance": "Synthetic borehole interval generated to match GeoVault demonstration corpus" }, "geometry": { "type": "Point", "coordinates": [ 82.65233, 24.161193 ] } },
{ "type": "Feature", "properties": { "Borehole_ID": "NIGAHI-BH-006", "Mine_ID": "M-NIGAHI", "Mine_Code": "NIGAHI", "Mine_Name": "Nigahi OCP", "Interval_No": 1, "From_Depth_m": 0.0, "To_Depth_m": 9.34, "Thickness_m": 9.34, "Lithology": "Sandstone", "Stratigraphic_Unit": "Coal-bearing sequence", "Coal_Bearing": "NO", "Coal_Seam": "", "Weathering_Class": "Moderate", "Sample_ID": "NIGAHI-006-S01", "Data_Type": "SYNTHETIC_DEMO", "Source_Provenance": "Synthetic borehole interval generated to match GeoVault demonstration corpus" }, "geometry": { "type": "Point", "coordinates": [ 82.643613, 24.149618 ] } },
{ "type": "Feature", "properties": { "Borehole_ID": "NIGAHI-BH-006", "Mine_ID": "M-NIGAHI", "Mine_Code": "NIGAHI", "Mine_Name": "Nigahi OCP", "Interval_No": 2, "From_Depth_m": 9.34, "To_Depth_m": 18.68, "Thickness_m": 9.34, "Lithology": "Sandstone", "Stratigraphic_Unit": "Underlying sedimentary sequence", "Coal_Bearing": "NO", "Coal_Seam": "", "Weathering_Class": "Moderate", "Sample_ID": "NIGAHI-006-S02", "Data_Type": "SYNTHETIC_DEMO", "Source_Provenance": "Synthetic borehole interval generated to match GeoVault demonstration corpus" }, "geometry": { "type": "Point", "coordinates": [ 82.643613, 24.149618 ] } },
{ "type": "Feature", "properties": { "Borehole_ID": "NIGAHI-BH-006", "Mine_ID": "M-NIGAHI", "Mine_Code": "NIGAHI", "Mine_Name": "Nigahi OCP", "Interval_No": 3, "From_Depth_m": 18.68, "To_Depth_m": 28.02, "Thickness_m": 9.34, "Lithology": "Carbonaceous Shale", "Stratigraphic_Unit": "Barakar-equivalent demo unit", "Coal_Bearing": "NO", "Coal_Seam": "", "Weathering_Class": "Slight", "Sample_ID": "NIGAHI-006-S03", "Data_Type": "SYNTHETIC_DEMO", "Source_Provenance": "Synthetic borehole interval generated to match GeoVault demonstration corpus" }, "geometry": { "type": "Point", "coordinates": [ 82.643613, 24.149618 ] } },
{ "type": "Feature", "properties": { "Borehole_ID": "NIGAHI-BH-006", "Mine_ID": "M-NIGAHI", "Mine_Code": "NIGAHI", "Mine_Name": "Nigahi OCP", "Interval_No": 4, "From_Depth_m": 28.02, "To_Depth_m": 37.36, "Thickness_m": 9.34, "Lithology": "Coal", "Stratigraphic_Unit": "Underlying sedimentary sequence", "Coal_Bearing": "YES", "Coal_Seam": "Purewa Bottom", "Weathering_Class": "Fresh", "Sample_ID": "NIGAHI-006-S04", "Data_Type": "SYNTHETIC_DEMO", "Source_Provenance": "Synthetic borehole interval generated to match GeoVault demonstration corpus" }, "geometry": { "type": "Point", "coordinates": [ 82.643613, 24.149618 ] } },
{ "type": "Feature", "properties": { "Borehole_ID": "NIGAHI-BH-006", "Mine_ID": "M-NIGAHI", "Mine_Code": "NIGAHI", "Mine_Name": "Nigahi OCP", "Interval_No": 5, "From_Depth_m": 37.36, "To_Depth_m": 46.7, "Thickness_m": 9.34, "Lithology": "Sandstone", "Stratigraphic_Unit": "Barakar-equivalent demo unit", "Coal_Bearing": "NO", "Coal_Seam": "", "Weathering_Class": "Fresh", "Sample_ID": "NIGAHI-006-S05", "Data_Type": "SYNTHETIC_DEMO", "Source_Provenance": "Synthetic borehole interval generated to match GeoVault demonstration corpus" }, "geometry": { "type": "Point", "coordinates": [ 82.643613, 24.149618 ] } },
{ "type": "Feature", "properties": { "Borehole_ID": "NIGAHI-BH-006", "Mine_ID": "M-NIGAHI", "Mine_Code": "NIGAHI", "Mine_Name": "Nigahi OCP", "Interval_No": 6, "From_Depth_m": 46.7, "To_Depth_m": 56.04, "Thickness_m": 9.34, "Lithology": "Interbedded Sandstone-Shale", "Stratigraphic_Unit": "Overburden", "Coal_Bearing": "NO", "Coal_Seam": "", "Weathering_Class": "Fresh", "Sample_ID": "NIGAHI-006-S06", "Data_Type": "SYNTHETIC_DEMO", "Source_Provenance": "Synthetic borehole interval generated to match GeoVault demonstration corpus" }, "geometry": { "type": "Point", "coordinates": [ 82.643613, 24.149618 ] } },
{ "type": "Feature", "properties": { "Borehole_ID": "NIGAHI-BH-006", "Mine_ID": "M-NIGAHI", "Mine_Code": "NIGAHI", "Mine_Name": "Nigahi OCP", "Interval_No": 7, "From_Depth_m": 56.04, "To_Depth_m": 65.38, "Thickness_m": 9.34, "Lithology": "Sandstone", "Stratigraphic_Unit": "Coal-bearing sequence", "Coal_Bearing": "NO", "Coal_Seam": "", "Weathering_Class": "Fresh", "Sample_ID": "NIGAHI-006-S07", "Data_Type": "SYNTHETIC_DEMO", "Source_Provenance": "Synthetic borehole interval generated to match GeoVault demonstration corpus" }, "geometry": { "type": "Point", "coordinates": [ 82.643613, 24.149618 ] } },
{ "type": "Feature", "properties": { "Borehole_ID": "NIGAHI-BH-006", "Mine_ID": "M-NIGAHI", "Mine_Code": "NIGAHI", "Mine_Name": "Nigahi OCP", "Interval_No": 8, "From_Depth_m": 65.38, "To_Depth_m": 74.72, "Thickness_m": 9.34, "Lithology": "Shale", "Stratigraphic_Unit": "Barakar-equivalent demo unit", "Coal_Bearing": "NO", "Coal_Seam": "", "Weathering_Class": "Fresh", "Sample_ID": "NIGAHI-006-S08", "Data_Type": "SYNTHETIC_DEMO", "Source_Provenance": "Synthetic borehole interval generated to match GeoVault demonstration corpus" }, "geometry": { "type": "Point", "coordinates": [ 82.643613, 24.149618 ] } },
{ "type": "Feature", "properties": { "Borehole_ID": "NIGAHI-BH-006", "Mine_ID": "M-NIGAHI", "Mine_Code": "NIGAHI", "Mine_Name": "Nigahi OCP", "Interval_No": 9, "From_Depth_m": 74.72, "To_Depth_m": 84.06, "Thickness_m": 9.34, "Lithology": "Interbedded Sandstone-Shale", "Stratigraphic_Unit": "Barakar-equivalent demo unit", "Coal_Bearing": "NO", "Coal_Seam": "", "Weathering_Class": "Fresh", "Sample_ID": "NIGAHI-006-S09", "Data_Type": "SYNTHETIC_DEMO", "Source_Provenance": "Synthetic borehole interval generated to match GeoVault demonstration corpus" }, "geometry": { "type": "Point", "coordinates": [ 82.643613, 24.149618 ] } },
{ "type": "Feature", "properties": { "Borehole_ID": "NIGAHI-BH-006", "Mine_ID": "M-NIGAHI", "Mine_Code": "NIGAHI", "Mine_Name": "Nigahi OCP", "Interval_No": 10, "From_Depth_m": 84.06, "To_Depth_m": 93.4, "Thickness_m": 9.34, "Lithology": "Sandstone", "Stratigraphic_Unit": "Barakar-equivalent demo unit", "Coal_Bearing": "NO", "Coal_Seam": "", "Weathering_Class": "Fresh", "Sample_ID": "NIGAHI-006-S10", "Data_Type": "SYNTHETIC_DEMO", "Source_Provenance": "Synthetic borehole interval generated to match GeoVault demonstration corpus" }, "geometry": { "type": "Point", "coordinates": [ 82.643613, 24.149618 ] } },
{ "type": "Feature", "properties": { "Borehole_ID": "NIGAHI-BH-007", "Mine_ID": "M-NIGAHI", "Mine_Code": "NIGAHI", "Mine_Name": "Nigahi OCP", "Interval_No": 1, "From_Depth_m": 0.0, "To_Depth_m": 10.43, "Thickness_m": 10.43, "Lithology": "Interbedded Sandstone-Shale", "Stratigraphic_Unit": "Barakar-equivalent demo unit", "Coal_Bearing": "NO", "Coal_Seam": "", "Weathering_Class": "Slight", "Sample_ID": "NIGAHI-007-S01", "Data_Type": "SYNTHETIC_DEMO", "Source_Provenance": "Synthetic borehole interval generated to match GeoVault demonstration corpus" }, "geometry": { "type": "Point", "coordinates": [ 82.640863, 24.16252 ] } },
{ "type": "Feature", "properties": { "Borehole_ID": "NIGAHI-BH-007", "Mine_ID": "M-NIGAHI", "Mine_Code": "NIGAHI", "Mine_Name": "Nigahi OCP", "Interval_No": 2, "From_Depth_m": 10.43, "To_Depth_m": 20.86, "Thickness_m": 10.43, "Lithology": "Siltstone", "Stratigraphic_Unit": "Barakar-equivalent demo unit", "Coal_Bearing": "NO", "Coal_Seam": "", "Weathering_Class": "Slight", "Sample_ID": "NIGAHI-007-S02", "Data_Type": "SYNTHETIC_DEMO", "Source_Provenance": "Synthetic borehole interval generated to match GeoVault demonstration corpus" }, "geometry": { "type": "Point", "coordinates": [ 82.640863, 24.16252 ] } },
{ "type": "Feature", "properties": { "Borehole_ID": "NIGAHI-BH-007", "Mine_ID": "M-NIGAHI", "Mine_Code": "NIGAHI", "Mine_Name": "Nigahi OCP", "Interval_No": 3, "From_Depth_m": 20.86, "To_Depth_m": 31.29, "Thickness_m": 10.43, "Lithology": "Siltstone", "Stratigraphic_Unit": "Barakar-equivalent demo unit", "Coal_Bearing": "NO", "Coal_Seam": "", "Weathering_Class": "Slight", "Sample_ID": "NIGAHI-007-S03", "Data_Type": "SYNTHETIC_DEMO", "Source_Provenance": "Synthetic borehole interval generated to match GeoVault demonstration corpus" }, "geometry": { "type": "Point", "coordinates": [ 82.640863, 24.16252 ] } },
{ "type": "Feature", "properties": { "Borehole_ID": "NIGAHI-BH-007", "Mine_ID": "M-NIGAHI", "Mine_Code": "NIGAHI", "Mine_Name": "Nigahi OCP", "Interval_No": 4, "From_Depth_m": 31.29, "To_Depth_m": 41.72, "Thickness_m": 10.43, "Lithology": "Interbedded Sandstone-Shale", "Stratigraphic_Unit": "Coal-bearing sequence", "Coal_Bearing": "NO", "Coal_Seam": "", "Weathering_Class": "Fresh", "Sample_ID": "NIGAHI-007-S04", "Data_Type": "SYNTHETIC_DEMO", "Source_Provenance": "Synthetic borehole interval generated to match GeoVault demonstration corpus" }, "geometry": { "type": "Point", "coordinates": [ 82.640863, 24.16252 ] } },
{ "type": "Feature", "properties": { "Borehole_ID": "NIGAHI-BH-007", "Mine_ID": "M-NIGAHI", "Mine_Code": "NIGAHI", "Mine_Name": "Nigahi OCP", "Interval_No": 5, "From_Depth_m": 41.72, "To_Depth_m": 52.15, "Thickness_m": 10.43, "Lithology": "Shale", "Stratigraphic_Unit": "Overburden", "Coal_Bearing": "NO", "Coal_Seam": "", "Weathering_Class": "Fresh", "Sample_ID": "NIGAHI-007-S05", "Data_Type": "SYNTHETIC_DEMO", "Source_Provenance": "Synthetic borehole interval generated to match GeoVault demonstration corpus" }, "geometry": { "type": "Point", "coordinates": [ 82.640863, 24.16252 ] } },
{ "type": "Feature", "properties": { "Borehole_ID": "NIGAHI-BH-007", "Mine_ID": "M-NIGAHI", "Mine_Code": "NIGAHI", "Mine_Name": "Nigahi OCP", "Interval_No": 6, "From_Depth_m": 52.15, "To_Depth_m": 62.58, "Thickness_m": 10.43, "Lithology": "Carbonaceous Shale", "Stratigraphic_Unit": "Overburden", "Coal_Bearing": "NO", "Coal_Seam": "", "Weathering_Class": "Fresh", "Sample_ID": "NIGAHI-007-S06", "Data_Type": "SYNTHETIC_DEMO", "Source_Provenance": "Synthetic borehole interval generated to match GeoVault demonstration corpus" }, "geometry": { "type": "Point", "coordinates": [ 82.640863, 24.16252 ] } },
{ "type": "Feature", "properties": { "Borehole_ID": "NIGAHI-BH-007", "Mine_ID": "M-NIGAHI", "Mine_Code": "NIGAHI", "Mine_Name": "Nigahi OCP", "Interval_No": 7, "From_Depth_m": 62.58, "To_Depth_m": 73.01, "Thickness_m": 10.43, "Lithology": "Coal", "Stratigraphic_Unit": "Barakar-equivalent demo unit", "Coal_Bearing": "YES", "Coal_Seam": "Turra", "Weathering_Class": "Fresh", "Sample_ID": "NIGAHI-007-S07", "Data_Type": "SYNTHETIC_DEMO", "Source_Provenance": "Synthetic borehole interval generated to match GeoVault demonstration corpus" }, "geometry": { "type": "Point", "coordinates": [ 82.640863, 24.16252 ] } },
{ "type": "Feature", "properties": { "Borehole_ID": "NIGAHI-BH-007", "Mine_ID": "M-NIGAHI", "Mine_Code": "NIGAHI", "Mine_Name": "Nigahi OCP", "Interval_No": 8, "From_Depth_m": 73.01, "To_Depth_m": 83.44, "Thickness_m": 10.43, "Lithology": "Sandstone", "Stratigraphic_Unit": "Coal-bearing sequence", "Coal_Bearing": "NO", "Coal_Seam": "", "Weathering_Class": "Fresh", "Sample_ID": "NIGAHI-007-S08", "Data_Type": "SYNTHETIC_DEMO", "Source_Provenance": "Synthetic borehole interval generated to match GeoVault demonstration corpus" }, "geometry": { "type": "Point", "coordinates": [ 82.640863, 24.16252 ] } },
{ "type": "Feature", "properties": { "Borehole_ID": "NIGAHI-BH-007", "Mine_ID": "M-NIGAHI", "Mine_Code": "NIGAHI", "Mine_Name": "Nigahi OCP", "Interval_No": 9, "From_Depth_m": 83.44, "To_Depth_m": 93.87, "Thickness_m": 10.43, "Lithology": "Shale", "Stratigraphic_Unit": "Coal-bearing sequence", "Coal_Bearing": "NO", "Coal_Seam": "", "Weathering_Class": "Fresh", "Sample_ID": "NIGAHI-007-S09", "Data_Type": "SYNTHETIC_DEMO", "Source_Provenance": "Synthetic borehole interval generated to match GeoVault demonstration corpus" }, "geometry": { "type": "Point", "coordinates": [ 82.640863, 24.16252 ] } },
{ "type": "Feature", "properties": { "Borehole_ID": "NIGAHI-BH-007", "Mine_ID": "M-NIGAHI", "Mine_Code": "NIGAHI", "Mine_Name": "Nigahi OCP", "Interval_No": 10, "From_Depth_m": 93.87, "To_Depth_m": 104.3, "Thickness_m": 10.43, "Lithology": "Sandstone", "Stratigraphic_Unit": "Barakar-equivalent demo unit", "Coal_Bearing": "NO", "Coal_Seam": "", "Weathering_Class": "Fresh", "Sample_ID": "NIGAHI-007-S10", "Data_Type": "SYNTHETIC_DEMO", "Source_Provenance": "Synthetic borehole interval generated to match GeoVault demonstration corpus" }, "geometry": { "type": "Point", "coordinates": [ 82.640863, 24.16252 ] } },
{ "type": "Feature", "properties": { "Borehole_ID": "NIGAHI-BH-008", "Mine_ID": "M-NIGAHI", "Mine_Code": "NIGAHI", "Mine_Name": "Nigahi OCP", "Interval_No": 1, "From_Depth_m": 0.0, "To_Depth_m": 11.34, "Thickness_m": 11.34, "Lithology": "Siltstone", "Stratigraphic_Unit": "Overburden", "Coal_Bearing": "NO", "Coal_Seam": "", "Weathering_Class": "Slight", "Sample_ID": "NIGAHI-008-S01", "Data_Type": "SYNTHETIC_DEMO", "Source_Provenance": "Synthetic borehole interval generated to match GeoVault demonstration corpus" }, "geometry": { "type": "Point", "coordinates": [ 82.61388, 24.147241 ] } },
{ "type": "Feature", "properties": { "Borehole_ID": "NIGAHI-BH-008", "Mine_ID": "M-NIGAHI", "Mine_Code": "NIGAHI", "Mine_Name": "Nigahi OCP", "Interval_No": 2, "From_Depth_m": 11.34, "To_Depth_m": 22.68, "Thickness_m": 11.34, "Lithology": "Mudstone", "Stratigraphic_Unit": "Overburden", "Coal_Bearing": "NO", "Coal_Seam": "", "Weathering_Class": "Slight", "Sample_ID": "NIGAHI-008-S02", "Data_Type": "SYNTHETIC_DEMO", "Source_Provenance": "Synthetic borehole interval generated to match GeoVault demonstration corpus" }, "geometry": { "type": "Point", "coordinates": [ 82.61388, 24.147241 ] } },
{ "type": "Feature", "properties": { "Borehole_ID": "NIGAHI-BH-008", "Mine_ID": "M-NIGAHI", "Mine_Code": "NIGAHI", "Mine_Name": "Nigahi OCP", "Interval_No": 3, "From_Depth_m": 22.68, "To_Depth_m": 34.02, "Thickness_m": 11.34, "Lithology": "Mudstone", "Stratigraphic_Unit": "Underlying sedimentary sequence", "Coal_Bearing": "NO", "Coal_Seam": "", "Weathering_Class": "Moderate", "Sample_ID": "NIGAHI-008-S03", "Data_Type": "SYNTHETIC_DEMO", "Source_Provenance": "Synthetic borehole interval generated to match GeoVault demonstration corpus" }, "geometry": { "type": "Point", "coordinates": [ 82.61388, 24.147241 ] } },
{ "type": "Feature", "properties": { "Borehole_ID": "NIGAHI-BH-008", "Mine_ID": "M-NIGAHI", "Mine_Code": "NIGAHI", "Mine_Name": "Nigahi OCP", "Interval_No": 4, "From_Depth_m": 34.02, "To_Depth_m": 45.36, "Thickness_m": 11.34, "Lithology": "Interbedded Sandstone-Shale", "Stratigraphic_Unit": "Overburden", "Coal_Bearing": "NO", "Coal_Seam": "", "Weathering_Class": "Fresh", "Sample_ID": "NIGAHI-008-S04", "Data_Type": "SYNTHETIC_DEMO", "Source_Provenance": "Synthetic borehole interval generated to match GeoVault demonstration corpus" }, "geometry": { "type": "Point", "coordinates": [ 82.61388, 24.147241 ] } },
{ "type": "Feature", "properties": { "Borehole_ID": "NIGAHI-BH-008", "Mine_ID": "M-NIGAHI", "Mine_Code": "NIGAHI", "Mine_Name": "Nigahi OCP", "Interval_No": 5, "From_Depth_m": 45.36, "To_Depth_m": 56.7, "Thickness_m": 11.34, "Lithology": "Mudstone", "Stratigraphic_Unit": "Barakar-equivalent demo unit", "Coal_Bearing": "NO", "Coal_Seam": "", "Weathering_Class": "Fresh", "Sample_ID": "NIGAHI-008-S05", "Data_Type": "SYNTHETIC_DEMO", "Source_Provenance": "Synthetic borehole interval generated to match GeoVault demonstration corpus" }, "geometry": { "type": "Point", "coordinates": [ 82.61388, 24.147241 ] } },
{ "type": "Feature", "properties": { "Borehole_ID": "NIGAHI-BH-008", "Mine_ID": "M-NIGAHI", "Mine_Code": "NIGAHI", "Mine_Name": "Nigahi OCP", "Interval_No": 6, "From_Depth_m": 56.7, "To_Depth_m": 68.04, "Thickness_m": 11.34, "Lithology": "Carbonaceous Shale", "Stratigraphic_Unit": "Overburden", "Coal_Bearing": "NO", "Coal_Seam": "", "Weathering_Class": "Fresh", "Sample_ID": "NIGAHI-008-S06", "Data_Type": "SYNTHETIC_DEMO", "Source_Provenance": "Synthetic borehole interval generated to match GeoVault demonstration corpus" }, "geometry": { "type": "Point", "coordinates": [ 82.61388, 24.147241 ] } },
{ "type": "Feature", "properties": { "Borehole_ID": "NIGAHI-BH-008", "Mine_ID": "M-NIGAHI", "Mine_Code": "NIGAHI", "Mine_Name": "Nigahi OCP", "Interval_No": 7, "From_Depth_m": 68.04, "To_Depth_m": 79.38, "Thickness_m": 11.34, "Lithology": "Coal", "Stratigraphic_Unit": "Coal-bearing sequence", "Coal_Bearing": "YES", "Coal_Seam": "Turra", "Weathering_Class": "Fresh", "Sample_ID": "NIGAHI-008-S07", "Data_Type": "SYNTHETIC_DEMO", "Source_Provenance": "Synthetic borehole interval generated to match GeoVault demonstration corpus" }, "geometry": { "type": "Point", "coordinates": [ 82.61388, 24.147241 ] } },
{ "type": "Feature", "properties": { "Borehole_ID": "NIGAHI-BH-008", "Mine_ID": "M-NIGAHI", "Mine_Code": "NIGAHI", "Mine_Name": "Nigahi OCP", "Interval_No": 8, "From_Depth_m": 79.38, "To_Depth_m": 90.72, "Thickness_m": 11.34, "Lithology": "Mudstone", "Stratigraphic_Unit": "Overburden", "Coal_Bearing": "NO", "Coal_Seam": "", "Weathering_Class": "Fresh", "Sample_ID": "NIGAHI-008-S08", "Data_Type": "SYNTHETIC_DEMO", "Source_Provenance": "Synthetic borehole interval generated to match GeoVault demonstration corpus" }, "geometry": { "type": "Point", "coordinates": [ 82.61388, 24.147241 ] } },
{ "type": "Feature", "properties": { "Borehole_ID": "NIGAHI-BH-008", "Mine_ID": "M-NIGAHI", "Mine_Code": "NIGAHI", "Mine_Name": "Nigahi OCP", "Interval_No": 9, "From_Depth_m": 90.72, "To_Depth_m": 102.06, "Thickness_m": 11.34, "Lithology": "Sandstone", "Stratigraphic_Unit": "Underlying sedimentary sequence", "Coal_Bearing": "NO", "Coal_Seam": "", "Weathering_Class": "Fresh", "Sample_ID": "NIGAHI-008-S09", "Data_Type": "SYNTHETIC_DEMO", "Source_Provenance": "Synthetic borehole interval generated to match GeoVault demonstration corpus" }, "geometry": { "type": "Point", "coordinates": [ 82.61388, 24.147241 ] } },
{ "type": "Feature", "properties": { "Borehole_ID": "NIGAHI-BH-008", "Mine_ID": "M-NIGAHI", "Mine_Code": "NIGAHI", "Mine_Name": "Nigahi OCP", "Interval_No": 10, "From_Depth_m": 102.06, "To_Depth_m": 113.4, "Thickness_m": 11.34, "Lithology": "Mudstone", "Stratigraphic_Unit": "Underlying sedimentary sequence", "Coal_Bearing": "NO", "Coal_Seam": "", "Weathering_Class": "Fresh", "Sample_ID": "NIGAHI-008-S10", "Data_Type": "SYNTHETIC_DEMO", "Source_Provenance": "Synthetic borehole interval generated to match GeoVault demonstration corpus" }, "geometry": { "type": "Point", "coordinates": [ 82.61388, 24.147241 ] } },
{ "type": "Feature", "properties": { "Borehole_ID": "NIGAHI-BH-009", "Mine_ID": "M-NIGAHI", "Mine_Code": "NIGAHI", "Mine_Name": "Nigahi OCP", "Interval_No": 1, "From_Depth_m": 0.0, "To_Depth_m": 12.31, "Thickness_m": 12.31, "Lithology": "Sandstone", "Stratigraphic_Unit": "Underlying sedimentary sequence", "Coal_Bearing": "NO", "Coal_Seam": "", "Weathering_Class": "Moderate", "Sample_ID": "NIGAHI-009-S01", "Data_Type": "SYNTHETIC_DEMO", "Source_Provenance": "Synthetic borehole interval generated to match GeoVault demonstration corpus" }, "geometry": { "type": "Point", "coordinates": [ 82.648174, 24.155379 ] } },
{ "type": "Feature", "properties": { "Borehole_ID": "NIGAHI-BH-009", "Mine_ID": "M-NIGAHI", "Mine_Code": "NIGAHI", "Mine_Name": "Nigahi OCP", "Interval_No": 2, "From_Depth_m": 12.31, "To_Depth_m": 24.62, "Thickness_m": 12.31, "Lithology": "Sandstone", "Stratigraphic_Unit": "Overburden", "Coal_Bearing": "NO", "Coal_Seam": "", "Weathering_Class": "Moderate", "Sample_ID": "NIGAHI-009-S02", "Data_Type": "SYNTHETIC_DEMO", "Source_Provenance": "Synthetic borehole interval generated to match GeoVault demonstration corpus" }, "geometry": { "type": "Point", "coordinates": [ 82.648174, 24.155379 ] } },
{ "type": "Feature", "properties": { "Borehole_ID": "NIGAHI-BH-009", "Mine_ID": "M-NIGAHI", "Mine_Code": "NIGAHI", "Mine_Name": "Nigahi OCP", "Interval_No": 3, "From_Depth_m": 24.62, "To_Depth_m": 36.93, "Thickness_m": 12.31, "Lithology": "Interbedded Sandstone-Shale", "Stratigraphic_Unit": "Barakar-equivalent demo unit", "Coal_Bearing": "NO", "Coal_Seam": "", "Weathering_Class": "Slight", "Sample_ID": "NIGAHI-009-S03", "Data_Type": "SYNTHETIC_DEMO", "Source_Provenance": "Synthetic borehole interval generated to match GeoVault demonstration corpus" }, "geometry": { "type": "Point", "coordinates": [ 82.648174, 24.155379 ] } },
{ "type": "Feature", "properties": { "Borehole_ID": "NIGAHI-BH-009", "Mine_ID": "M-NIGAHI", "Mine_Code": "NIGAHI", "Mine_Name": "Nigahi OCP", "Interval_No": 4, "From_Depth_m": 36.93, "To_Depth_m": 49.24, "Thickness_m": 12.31, "Lithology": "Shale", "Stratigraphic_Unit": "Coal-bearing sequence", "Coal_Bearing": "NO", "Coal_Seam": "", "Weathering_Class": "Fresh", "Sample_ID": "NIGAHI-009-S04", "Data_Type": "SYNTHETIC_DEMO", "Source_Provenance": "Synthetic borehole interval generated to match GeoVault demonstration corpus" }, "geometry": { "type": "Point", "coordinates": [ 82.648174, 24.155379 ] } },
{ "type": "Feature", "properties": { "Borehole_ID": "NIGAHI-BH-009", "Mine_ID": "M-NIGAHI", "Mine_Code": "NIGAHI", "Mine_Name": "Nigahi OCP", "Interval_No": 5, "From_Depth_m": 49.24, "To_Depth_m": 61.55, "Thickness_m": 12.31, "Lithology": "Interbedded Sandstone-Shale", "Stratigraphic_Unit": "Coal-bearing sequence", "Coal_Bearing": "NO", "Coal_Seam": "", "Weathering_Class": "Fresh", "Sample_ID": "NIGAHI-009-S05", "Data_Type": "SYNTHETIC_DEMO", "Source_Provenance": "Synthetic borehole interval generated to match GeoVault demonstration corpus" }, "geometry": { "type": "Point", "coordinates": [ 82.648174, 24.155379 ] } },
{ "type": "Feature", "properties": { "Borehole_ID": "NIGAHI-BH-009", "Mine_ID": "M-NIGAHI", "Mine_Code": "NIGAHI", "Mine_Name": "Nigahi OCP", "Interval_No": 6, "From_Depth_m": 61.55, "To_Depth_m": 73.86, "Thickness_m": 12.31, "Lithology": "Mudstone", "Stratigraphic_Unit": "Coal-bearing sequence", "Coal_Bearing": "NO", "Coal_Seam": "", "Weathering_Class": "Fresh", "Sample_ID": "NIGAHI-009-S06", "Data_Type": "SYNTHETIC_DEMO", "Source_Provenance": "Synthetic borehole interval generated to match GeoVault demonstration corpus" }, "geometry": { "type": "Point", "coordinates": [ 82.648174, 24.155379 ] } },
{ "type": "Feature", "properties": { "Borehole_ID": "NIGAHI-BH-009", "Mine_ID": "M-NIGAHI", "Mine_Code": "NIGAHI", "Mine_Name": "Nigahi OCP", "Interval_No": 7, "From_Depth_m": 73.86, "To_Depth_m": 86.17, "Thickness_m": 12.31, "Lithology": "Carbonaceous Shale", "Stratigraphic_Unit": "Underlying sedimentary sequence", "Coal_Bearing": "NO", "Coal_Seam": "", "Weathering_Class": "Fresh", "Sample_ID": "NIGAHI-009-S07", "Data_Type": "SYNTHETIC_DEMO", "Source_Provenance": "Synthetic borehole interval generated to match GeoVault demonstration corpus" }, "geometry": { "type": "Point", "coordinates": [ 82.648174, 24.155379 ] } },
{ "type": "Feature", "properties": { "Borehole_ID": "NIGAHI-BH-009", "Mine_ID": "M-NIGAHI", "Mine_Code": "NIGAHI", "Mine_Name": "Nigahi OCP", "Interval_No": 8, "From_Depth_m": 86.17, "To_Depth_m": 98.48, "Thickness_m": 12.31, "Lithology": "Coal", "Stratigraphic_Unit": "Underlying sedimentary sequence", "Coal_Bearing": "YES", "Coal_Seam": "Turra", "Weathering_Class": "Fresh", "Sample_ID": "NIGAHI-009-S08", "Data_Type": "SYNTHETIC_DEMO", "Source_Provenance": "Synthetic borehole interval generated to match GeoVault demonstration corpus" }, "geometry": { "type": "Point", "coordinates": [ 82.648174, 24.155379 ] } },
{ "type": "Feature", "properties": { "Borehole_ID": "NIGAHI-BH-009", "Mine_ID": "M-NIGAHI", "Mine_Code": "NIGAHI", "Mine_Name": "Nigahi OCP", "Interval_No": 9, "From_Depth_m": 98.48, "To_Depth_m": 110.79, "Thickness_m": 12.31, "Lithology": "Sandstone", "Stratigraphic_Unit": "Overburden", "Coal_Bearing": "NO", "Coal_Seam": "", "Weathering_Class": "Fresh", "Sample_ID": "NIGAHI-009-S09", "Data_Type": "SYNTHETIC_DEMO", "Source_Provenance": "Synthetic borehole interval generated to match GeoVault demonstration corpus" }, "geometry": { "type": "Point", "coordinates": [ 82.648174, 24.155379 ] } },
{ "type": "Feature", "properties": { "Borehole_ID": "NIGAHI-BH-009", "Mine_ID": "M-NIGAHI", "Mine_Code": "NIGAHI", "Mine_Name": "Nigahi OCP", "Interval_No": 10, "From_Depth_m": 110.79, "To_Depth_m": 123.1, "Thickness_m": 12.31, "Lithology": "Interbedded Sandstone-Shale", "Stratigraphic_Unit": "Barakar-equivalent demo unit", "Coal_Bearing": "NO", "Coal_Seam": "", "Weathering_Class": "Fresh", "Sample_ID": "NIGAHI-009-S10", "Data_Type": "SYNTHETIC_DEMO", "Source_Provenance": "Synthetic borehole interval generated to match GeoVault demonstration corpus" }, "geometry": { "type": "Point", "coordinates": [ 82.648174, 24.155379 ] } },
{ "type": "Feature", "properties": { "Borehole_ID": "NIGAHI-BH-010", "Mine_ID": "M-NIGAHI", "Mine_Code": "NIGAHI", "Mine_Name": "Nigahi OCP", "Interval_No": 1, "From_Depth_m": 0.0, "To_Depth_m": 13.68, "Thickness_m": 13.68, "Lithology": "Mudstone", "Stratigraphic_Unit": "Underlying sedimentary sequence", "Coal_Bearing": "NO", "Coal_Seam": "", "Weathering_Class": "Slight", "Sample_ID": "NIGAHI-010-S01", "Data_Type": "SYNTHETIC_DEMO", "Source_Provenance": "Synthetic borehole interval generated to match GeoVault demonstration corpus" }, "geometry": { "type": "Point", "coordinates": [ 82.648219, 24.136116 ] } },
{ "type": "Feature", "properties": { "Borehole_ID": "NIGAHI-BH-010", "Mine_ID": "M-NIGAHI", "Mine_Code": "NIGAHI", "Mine_Name": "Nigahi OCP", "Interval_No": 2, "From_Depth_m": 13.68, "To_Depth_m": 27.36, "Thickness_m": 13.68, "Lithology": "Mudstone", "Stratigraphic_Unit": "Coal-bearing sequence", "Coal_Bearing": "NO", "Coal_Seam": "", "Weathering_Class": "Moderate", "Sample_ID": "NIGAHI-010-S02", "Data_Type": "SYNTHETIC_DEMO", "Source_Provenance": "Synthetic borehole interval generated to match GeoVault demonstration corpus" }, "geometry": { "type": "Point", "coordinates": [ 82.648219, 24.136116 ] } },
{ "type": "Feature", "properties": { "Borehole_ID": "NIGAHI-BH-010", "Mine_ID": "M-NIGAHI", "Mine_Code": "NIGAHI", "Mine_Name": "Nigahi OCP", "Interval_No": 3, "From_Depth_m": 27.36, "To_Depth_m": 41.04, "Thickness_m": 13.68, "Lithology": "Carbonaceous Shale", "Stratigraphic_Unit": "Underlying sedimentary sequence", "Coal_Bearing": "NO", "Coal_Seam": "", "Weathering_Class": "Fresh", "Sample_ID": "NIGAHI-010-S03", "Data_Type": "SYNTHETIC_DEMO", "Source_Provenance": "Synthetic borehole interval generated to match GeoVault demonstration corpus" }, "geometry": { "type": "Point", "coordinates": [ 82.648219, 24.136116 ] } },
{ "type": "Feature", "properties": { "Borehole_ID": "NIGAHI-BH-010", "Mine_ID": "M-NIGAHI", "Mine_Code": "NIGAHI", "Mine_Name": "Nigahi OCP", "Interval_No": 4, "From_Depth_m": 41.04, "To_Depth_m": 54.72, "Thickness_m": 13.68, "Lithology": "Coal", "Stratigraphic_Unit": "Underlying sedimentary sequence", "Coal_Bearing": "YES", "Coal_Seam": "Purewa Top", "Weathering_Class": "Fresh", "Sample_ID": "NIGAHI-010-S04", "Data_Type": "SYNTHETIC_DEMO", "Source_Provenance": "Synthetic borehole interval generated to match GeoVault demonstration corpus" }, "geometry": { "type": "Point", "coordinates": [ 82.648219, 24.136116 ] } },
{ "type": "Feature", "properties": { "Borehole_ID": "NIGAHI-BH-010", "Mine_ID": "M-NIGAHI", "Mine_Code": "NIGAHI", "Mine_Name": "Nigahi OCP", "Interval_No": 5, "From_Depth_m": 54.72, "To_Depth_m": 68.4, "Thickness_m": 13.68, "Lithology": "Sandstone", "Stratigraphic_Unit": "Coal-bearing sequence", "Coal_Bearing": "NO", "Coal_Seam": "", "Weathering_Class": "Fresh", "Sample_ID": "NIGAHI-010-S05", "Data_Type": "SYNTHETIC_DEMO", "Source_Provenance": "Synthetic borehole interval generated to match GeoVault demonstration corpus" }, "geometry": { "type": "Point", "coordinates": [ 82.648219, 24.136116 ] } },
{ "type": "Feature", "properties": { "Borehole_ID": "NIGAHI-BH-010", "Mine_ID": "M-NIGAHI", "Mine_Code": "NIGAHI", "Mine_Name": "Nigahi OCP", "Interval_No": 6, "From_Depth_m": 68.4, "To_Depth_m": 82.08, "Thickness_m": 13.68, "Lithology": "Mudstone", "Stratigraphic_Unit": "Coal-bearing sequence", "Coal_Bearing": "NO", "Coal_Seam": "", "Weathering_Class": "Fresh", "Sample_ID": "NIGAHI-010-S06", "Data_Type": "SYNTHETIC_DEMO", "Source_Provenance": "Synthetic borehole interval generated to match GeoVault demonstration corpus" }, "geometry": { "type": "Point", "coordinates": [ 82.648219, 24.136116 ] } },
{ "type": "Feature", "properties": { "Borehole_ID": "NIGAHI-BH-010", "Mine_ID": "M-NIGAHI", "Mine_Code": "NIGAHI", "Mine_Name": "Nigahi OCP", "Interval_No": 7, "From_Depth_m": 82.08, "To_Depth_m": 95.76, "Thickness_m": 13.68, "Lithology": "Siltstone", "Stratigraphic_Unit": "Coal-bearing sequence", "Coal_Bearing": "NO", "Coal_Seam": "", "Weathering_Class": "Fresh", "Sample_ID": "NIGAHI-010-S07", "Data_Type": "SYNTHETIC_DEMO", "Source_Provenance": "Synthetic borehole interval generated to match GeoVault demonstration corpus" }, "geometry": { "type": "Point", "coordinates": [ 82.648219, 24.136116 ] } },
{ "type": "Feature", "properties": { "Borehole_ID": "NIGAHI-BH-010", "Mine_ID": "M-NIGAHI", "Mine_Code": "NIGAHI", "Mine_Name": "Nigahi OCP", "Interval_No": 8, "From_Depth_m": 95.76, "To_Depth_m": 109.44, "Thickness_m": 13.68, "Lithology": "Shale", "Stratigraphic_Unit": "Underlying sedimentary sequence", "Coal_Bearing": "NO", "Coal_Seam": "", "Weathering_Class": "Fresh", "Sample_ID": "NIGAHI-010-S08", "Data_Type": "SYNTHETIC_DEMO", "Source_Provenance": "Synthetic borehole interval generated to match GeoVault demonstration corpus" }, "geometry": { "type": "Point", "coordinates": [ 82.648219, 24.136116 ] } },
{ "type": "Feature", "properties": { "Borehole_ID": "NIGAHI-BH-010", "Mine_ID": "M-NIGAHI", "Mine_Code": "NIGAHI", "Mine_Name": "Nigahi OCP", "Interval_No": 9, "From_Depth_m": 109.44, "To_Depth_m": 123.12, "Thickness_m": 13.68, "Lithology": "Sandstone", "Stratigraphic_Unit": "Overburden", "Coal_Bearing": "NO", "Coal_Seam": "", "Weathering_Class": "Fresh", "Sample_ID": "NIGAHI-010-S09", "Data_Type": "SYNTHETIC_DEMO", "Source_Provenance": "Synthetic borehole interval generated to match GeoVault demonstration corpus" }, "geometry": { "type": "Point", "coordinates": [ 82.648219, 24.136116 ] } },
{ "type": "Feature", "properties": { "Borehole_ID": "NIGAHI-BH-010", "Mine_ID": "M-NIGAHI", "Mine_Code": "NIGAHI", "Mine_Name": "Nigahi OCP", "Interval_No": 10, "From_Depth_m": 123.12, "To_Depth_m": 136.8, "Thickness_m": 13.68, "Lithology": "Sandstone", "Stratigraphic_Unit": "Overburden", "Coal_Bearing": "NO", "Coal_Seam": "", "Weathering_Class": "Fresh", "Sample_ID": "NIGAHI-010-S10", "Data_Type": "SYNTHETIC_DEMO", "Source_Provenance": "Synthetic borehole interval generated to match GeoVault demonstration corpus" }, "geometry": { "type": "Point", "coordinates": [ 82.648219, 24.136116 ] } },
{ "type": "Feature", "properties": { "Borehole_ID": "NIGAHI-BH-011", "Mine_ID": "M-NIGAHI", "Mine_Code": "NIGAHI", "Mine_Name": "Nigahi OCP", "Interval_No": 1, "From_Depth_m": 0.0, "To_Depth_m": 23.42, "Thickness_m": 23.42, "Lithology": "Mudstone", "Stratigraphic_Unit": "Overburden", "Coal_Bearing": "NO", "Coal_Seam": "", "Weathering_Class": "Moderate", "Sample_ID": "NIGAHI-011-S01", "Data_Type": "SYNTHETIC_DEMO", "Source_Provenance": "Synthetic borehole interval generated to match GeoVault demonstration corpus" }, "geometry": { "type": "Point", "coordinates": [ 82.647939, 24.129781 ] } },
{ "type": "Feature", "properties": { "Borehole_ID": "NIGAHI-BH-011", "Mine_ID": "M-NIGAHI", "Mine_Code": "NIGAHI", "Mine_Name": "Nigahi OCP", "Interval_No": 2, "From_Depth_m": 23.42, "To_Depth_m": 46.84, "Thickness_m": 23.42, "Lithology": "Shale", "Stratigraphic_Unit": "Overburden", "Coal_Bearing": "NO", "Coal_Seam": "", "Weathering_Class": "Moderate", "Sample_ID": "NIGAHI-011-S02", "Data_Type": "SYNTHETIC_DEMO", "Source_Provenance": "Synthetic borehole interval generated to match GeoVault demonstration corpus" }, "geometry": { "type": "Point", "coordinates": [ 82.647939, 24.129781 ] } },
{ "type": "Feature", "properties": { "Borehole_ID": "NIGAHI-BH-011", "Mine_ID": "M-NIGAHI", "Mine_Code": "NIGAHI", "Mine_Name": "Nigahi OCP", "Interval_No": 3, "From_Depth_m": 46.84, "To_Depth_m": 70.26, "Thickness_m": 23.42, "Lithology": "Sandstone", "Stratigraphic_Unit": "Underlying sedimentary sequence", "Coal_Bearing": "NO", "Coal_Seam": "", "Weathering_Class": "Fresh", "Sample_ID": "NIGAHI-011-S03", "Data_Type": "SYNTHETIC_DEMO", "Source_Provenance": "Synthetic borehole interval generated to match GeoVault demonstration corpus" }, "geometry": { "type": "Point", "coordinates": [ 82.647939, 24.129781 ] } },
{ "type": "Feature", "properties": { "Borehole_ID": "NIGAHI-BH-011", "Mine_ID": "M-NIGAHI", "Mine_Code": "NIGAHI", "Mine_Name": "Nigahi OCP", "Interval_No": 4, "From_Depth_m": 70.26, "To_Depth_m": 93.68, "Thickness_m": 23.42, "Lithology": "Siltstone", "Stratigraphic_Unit": "Underlying sedimentary sequence", "Coal_Bearing": "NO", "Coal_Seam": "", "Weathering_Class": "Fresh", "Sample_ID": "NIGAHI-011-S04", "Data_Type": "SYNTHETIC_DEMO", "Source_Provenance": "Synthetic borehole interval generated to match GeoVault demonstration corpus" }, "geometry": { "type": "Point", "coordinates": [ 82.647939, 24.129781 ] } },
{ "type": "Feature", "properties": { "Borehole_ID": "NIGAHI-BH-011", "Mine_ID": "M-NIGAHI", "Mine_Code": "NIGAHI", "Mine_Name": "Nigahi OCP", "Interval_No": 5, "From_Depth_m": 93.68, "To_Depth_m": 117.1, "Thickness_m": 23.42, "Lithology": "Carbonaceous Shale", "Stratigraphic_Unit": "Overburden", "Coal_Bearing": "NO", "Coal_Seam": "", "Weathering_Class": "Fresh", "Sample_ID": "NIGAHI-011-S05", "Data_Type": "SYNTHETIC_DEMO", "Source_Provenance": "Synthetic borehole interval generated to match GeoVault demonstration corpus" }, "geometry": { "type": "Point", "coordinates": [ 82.647939, 24.129781 ] } },
{ "type": "Feature", "properties": { "Borehole_ID": "NIGAHI-BH-011", "Mine_ID": "M-NIGAHI", "Mine_Code": "NIGAHI", "Mine_Name": "Nigahi OCP", "Interval_No": 6, "From_Depth_m": 117.1, "To_Depth_m": 140.52, "Thickness_m": 23.42, "Lithology": "Coal", "Stratigraphic_Unit": "Coal-bearing sequence", "Coal_Bearing": "YES", "Coal_Seam": "Turra", "Weathering_Class": "Fresh", "Sample_ID": "NIGAHI-011-S06", "Data_Type": "SYNTHETIC_DEMO", "Source_Provenance": "Synthetic borehole interval generated to match GeoVault demonstration corpus" }, "geometry": { "type": "Point", "coordinates": [ 82.647939, 24.129781 ] } },
{ "type": "Feature", "properties": { "Borehole_ID": "NIGAHI-BH-011", "Mine_ID": "M-NIGAHI", "Mine_Code": "NIGAHI", "Mine_Name": "Nigahi OCP", "Interval_No": 7, "From_Depth_m": 140.52, "To_Depth_m": 163.94, "Thickness_m": 23.42, "Lithology": "Interbedded Sandstone-Shale", "Stratigraphic_Unit": "Coal-bearing sequence", "Coal_Bearing": "NO", "Coal_Seam": "", "Weathering_Class": "Fresh", "Sample_ID": "NIGAHI-011-S07", "Data_Type": "SYNTHETIC_DEMO", "Source_Provenance": "Synthetic borehole interval generated to match GeoVault demonstration corpus" }, "geometry": { "type": "Point", "coordinates": [ 82.647939, 24.129781 ] } },
{ "type": "Feature", "properties": { "Borehole_ID": "NIGAHI-BH-011", "Mine_ID": "M-NIGAHI", "Mine_Code": "NIGAHI", "Mine_Name": "Nigahi OCP", "Interval_No": 8, "From_Depth_m": 163.94, "To_Depth_m": 187.36, "Thickness_m": 23.42, "Lithology": "Siltstone", "Stratigraphic_Unit": "Overburden", "Coal_Bearing": "NO", "Coal_Seam": "", "Weathering_Class": "Fresh", "Sample_ID": "NIGAHI-011-S08", "Data_Type": "SYNTHETIC_DEMO", "Source_Provenance": "Synthetic borehole interval generated to match GeoVault demonstration corpus" }, "geometry": { "type": "Point", "coordinates": [ 82.647939, 24.129781 ] } },
{ "type": "Feature", "properties": { "Borehole_ID": "NIGAHI-BH-011", "Mine_ID": "M-NIGAHI", "Mine_Code": "NIGAHI", "Mine_Name": "Nigahi OCP", "Interval_No": 9, "From_Depth_m": 187.36, "To_Depth_m": 210.78, "Thickness_m": 23.42, "Lithology": "Interbedded Sandstone-Shale", "Stratigraphic_Unit": "Barakar-equivalent demo unit", "Coal_Bearing": "NO", "Coal_Seam": "", "Weathering_Class": "Fresh", "Sample_ID": "NIGAHI-011-S09", "Data_Type": "SYNTHETIC_DEMO", "Source_Provenance": "Synthetic borehole interval generated to match GeoVault demonstration corpus" }, "geometry": { "type": "Point", "coordinates": [ 82.647939, 24.129781 ] } },
{ "type": "Feature", "properties": { "Borehole_ID": "NIGAHI-BH-011", "Mine_ID": "M-NIGAHI", "Mine_Code": "NIGAHI", "Mine_Name": "Nigahi OCP", "Interval_No": 10, "From_Depth_m": 210.78, "To_Depth_m": 234.2, "Thickness_m": 23.42, "Lithology": "Shale", "Stratigraphic_Unit": "Underlying sedimentary sequence", "Coal_Bearing": "NO", "Coal_Seam": "", "Weathering_Class": "Fresh", "Sample_ID": "NIGAHI-011-S10", "Data_Type": "SYNTHETIC_DEMO", "Source_Provenance": "Synthetic borehole interval generated to match GeoVault demonstration corpus" }, "geometry": { "type": "Point", "coordinates": [ 82.647939, 24.129781 ] } },
{ "type": "Feature", "properties": { "Borehole_ID": "NIGAHI-BH-012", "Mine_ID": "M-NIGAHI", "Mine_Code": "NIGAHI", "Mine_Name": "Nigahi OCP", "Interval_No": 1, "From_Depth_m": 0.0, "To_Depth_m": 21.26, "Thickness_m": 21.26, "Lithology": "Shale", "Stratigraphic_Unit": "Overburden", "Coal_Bearing": "NO", "Coal_Seam": "", "Weathering_Class": "Moderate", "Sample_ID": "NIGAHI-012-S01", "Data_Type": "SYNTHETIC_DEMO", "Source_Provenance": "Synthetic borehole interval generated to match GeoVault demonstration corpus" }, "geometry": { "type": "Point", "coordinates": [ 82.60251, 24.145881 ] } },
{ "type": "Feature", "properties": { "Borehole_ID": "NIGAHI-BH-012", "Mine_ID": "M-NIGAHI", "Mine_Code": "NIGAHI", "Mine_Name": "Nigahi OCP", "Interval_No": 2, "From_Depth_m": 21.26, "To_Depth_m": 42.52, "Thickness_m": 21.26, "Lithology": "Interbedded Sandstone-Shale", "Stratigraphic_Unit": "Coal-bearing sequence", "Coal_Bearing": "NO", "Coal_Seam": "", "Weathering_Class": "Slight", "Sample_ID": "NIGAHI-012-S02", "Data_Type": "SYNTHETIC_DEMO", "Source_Provenance": "Synthetic borehole interval generated to match GeoVault demonstration corpus" }, "geometry": { "type": "Point", "coordinates": [ 82.60251, 24.145881 ] } },
{ "type": "Feature", "properties": { "Borehole_ID": "NIGAHI-BH-012", "Mine_ID": "M-NIGAHI", "Mine_Code": "NIGAHI", "Mine_Name": "Nigahi OCP", "Interval_No": 3, "From_Depth_m": 42.52, "To_Depth_m": 63.78, "Thickness_m": 21.26, "Lithology": "Siltstone", "Stratigraphic_Unit": "Barakar-equivalent demo unit", "Coal_Bearing": "NO", "Coal_Seam": "", "Weathering_Class": "Fresh", "Sample_ID": "NIGAHI-012-S03", "Data_Type": "SYNTHETIC_DEMO", "Source_Provenance": "Synthetic borehole interval generated to match GeoVault demonstration corpus" }, "geometry": { "type": "Point", "coordinates": [ 82.60251, 24.145881 ] } },
{ "type": "Feature", "properties": { "Borehole_ID": "NIGAHI-BH-012", "Mine_ID": "M-NIGAHI", "Mine_Code": "NIGAHI", "Mine_Name": "Nigahi OCP", "Interval_No": 4, "From_Depth_m": 63.78, "To_Depth_m": 85.04, "Thickness_m": 21.26, "Lithology": "Mudstone", "Stratigraphic_Unit": "Overburden", "Coal_Bearing": "NO", "Coal_Seam": "", "Weathering_Class": "Fresh", "Sample_ID": "NIGAHI-012-S04", "Data_Type": "SYNTHETIC_DEMO", "Source_Provenance": "Synthetic borehole interval generated to match GeoVault demonstration corpus" }, "geometry": { "type": "Point", "coordinates": [ 82.60251, 24.145881 ] } },
{ "type": "Feature", "properties": { "Borehole_ID": "NIGAHI-BH-012", "Mine_ID": "M-NIGAHI", "Mine_Code": "NIGAHI", "Mine_Name": "Nigahi OCP", "Interval_No": 5, "From_Depth_m": 85.04, "To_Depth_m": 106.3, "Thickness_m": 21.26, "Lithology": "Interbedded Sandstone-Shale", "Stratigraphic_Unit": "Coal-bearing sequence", "Coal_Bearing": "NO", "Coal_Seam": "", "Weathering_Class": "Fresh", "Sample_ID": "NIGAHI-012-S05", "Data_Type": "SYNTHETIC_DEMO", "Source_Provenance": "Synthetic borehole interval generated to match GeoVault demonstration corpus" }, "geometry": { "type": "Point", "coordinates": [ 82.60251, 24.145881 ] } },
{ "type": "Feature", "properties": { "Borehole_ID": "NIGAHI-BH-012", "Mine_ID": "M-NIGAHI", "Mine_Code": "NIGAHI", "Mine_Name": "Nigahi OCP", "Interval_No": 6, "From_Depth_m": 106.3, "To_Depth_m": 127.56, "Thickness_m": 21.26, "Lithology": "Carbonaceous Shale", "Stratigraphic_Unit": "Overburden", "Coal_Bearing": "NO", "Coal_Seam": "", "Weathering_Class": "Fresh", "Sample_ID": "NIGAHI-012-S06", "Data_Type": "SYNTHETIC_DEMO", "Source_Provenance": "Synthetic borehole interval generated to match GeoVault demonstration corpus" }, "geometry": { "type": "Point", "coordinates": [ 82.60251, 24.145881 ] } },
{ "type": "Feature", "properties": { "Borehole_ID": "NIGAHI-BH-012", "Mine_ID": "M-NIGAHI", "Mine_Code": "NIGAHI", "Mine_Name": "Nigahi OCP", "Interval_No": 7, "From_Depth_m": 127.56, "To_Depth_m": 148.82, "Thickness_m": 21.26, "Lithology": "Coal", "Stratigraphic_Unit": "Barakar-equivalent demo unit", "Coal_Bearing": "YES", "Coal_Seam": "Purewa Bottom", "Weathering_Class": "Fresh", "Sample_ID": "NIGAHI-012-S07", "Data_Type": "SYNTHETIC_DEMO", "Source_Provenance": "Synthetic borehole interval generated to match GeoVault demonstration corpus" }, "geometry": { "type": "Point", "coordinates": [ 82.60251, 24.145881 ] } },
{ "type": "Feature", "properties": { "Borehole_ID": "NIGAHI-BH-012", "Mine_ID": "M-NIGAHI", "Mine_Code": "NIGAHI", "Mine_Name": "Nigahi OCP", "Interval_No": 8, "From_Depth_m": 148.82, "To_Depth_m": 170.08, "Thickness_m": 21.26, "Lithology": "Siltstone", "Stratigraphic_Unit": "Coal-bearing sequence", "Coal_Bearing": "NO", "Coal_Seam": "", "Weathering_Class": "Fresh", "Sample_ID": "NIGAHI-012-S08", "Data_Type": "SYNTHETIC_DEMO", "Source_Provenance": "Synthetic borehole interval generated to match GeoVault demonstration corpus" }, "geometry": { "type": "Point", "coordinates": [ 82.60251, 24.145881 ] } },
{ "type": "Feature", "properties": { "Borehole_ID": "NIGAHI-BH-012", "Mine_ID": "M-NIGAHI", "Mine_Code": "NIGAHI", "Mine_Name": "Nigahi OCP", "Interval_No": 9, "From_Depth_m": 170.08, "To_Depth_m": 191.34, "Thickness_m": 21.26, "Lithology": "Siltstone", "Stratigraphic_Unit": "Coal-bearing sequence", "Coal_Bearing": "NO", "Coal_Seam": "", "Weathering_Class": "Fresh", "Sample_ID": "NIGAHI-012-S09", "Data_Type": "SYNTHETIC_DEMO", "Source_Provenance": "Synthetic borehole interval generated to match GeoVault demonstration corpus" }, "geometry": { "type": "Point", "coordinates": [ 82.60251, 24.145881 ] } },
{ "type": "Feature", "properties": { "Borehole_ID": "NIGAHI-BH-012", "Mine_ID": "M-NIGAHI", "Mine_Code": "NIGAHI", "Mine_Name": "Nigahi OCP", "Interval_No": 10, "From_Depth_m": 191.34, "To_Depth_m": 212.6, "Thickness_m": 21.26, "Lithology": "Sandstone", "Stratigraphic_Unit": "Barakar-equivalent demo unit", "Coal_Bearing": "NO", "Coal_Seam": "", "Weathering_Class": "Fresh", "Sample_ID": "NIGAHI-012-S10", "Data_Type": "SYNTHETIC_DEMO", "Source_Provenance": "Synthetic borehole interval generated to match GeoVault demonstration corpus" }, "geometry": { "type": "Point", "coordinates": [ 82.60251, 24.145881 ] } },
{ "type": "Feature", "properties": { "Borehole_ID": "DUDHICHUA-BH-001", "Mine_ID": "M-DUDHICHUA", "Mine_Code": "DUDHICHUA", "Mine_Name": "Dudhichua OCP", "Interval_No": 1, "From_Depth_m": 0.0, "To_Depth_m": 22.73, "Thickness_m": 22.73, "Lithology": "Shale", "Stratigraphic_Unit": "Coal-bearing sequence", "Coal_Bearing": "NO", "Coal_Seam": "", "Weathering_Class": "Slight", "Sample_ID": "DUDHICHUA-001-S01", "Data_Type": "SYNTHETIC_DEMO", "Source_Provenance": "Synthetic borehole interval generated to match GeoVault demonstration corpus" }, "geometry": { "type": "Point", "coordinates": [ 82.721906, 24.131593 ] } },
{ "type": "Feature", "properties": { "Borehole_ID": "DUDHICHUA-BH-001", "Mine_ID": "M-DUDHICHUA", "Mine_Code": "DUDHICHUA", "Mine_Name": "Dudhichua OCP", "Interval_No": 2, "From_Depth_m": 22.73, "To_Depth_m": 45.46, "Thickness_m": 22.73, "Lithology": "Sandstone", "Stratigraphic_Unit": "Overburden", "Coal_Bearing": "NO", "Coal_Seam": "", "Weathering_Class": "Slight", "Sample_ID": "DUDHICHUA-001-S02", "Data_Type": "SYNTHETIC_DEMO", "Source_Provenance": "Synthetic borehole interval generated to match GeoVault demonstration corpus" }, "geometry": { "type": "Point", "coordinates": [ 82.721906, 24.131593 ] } },
{ "type": "Feature", "properties": { "Borehole_ID": "DUDHICHUA-BH-001", "Mine_ID": "M-DUDHICHUA", "Mine_Code": "DUDHICHUA", "Mine_Name": "Dudhichua OCP", "Interval_No": 3, "From_Depth_m": 45.46, "To_Depth_m": 68.19, "Thickness_m": 22.73, "Lithology": "Siltstone", "Stratigraphic_Unit": "Coal-bearing sequence", "Coal_Bearing": "NO", "Coal_Seam": "", "Weathering_Class": "Fresh", "Sample_ID": "DUDHICHUA-001-S03", "Data_Type": "SYNTHETIC_DEMO", "Source_Provenance": "Synthetic borehole interval generated to match GeoVault demonstration corpus" }, "geometry": { "type": "Point", "coordinates": [ 82.721906, 24.131593 ] } },
{ "type": "Feature", "properties": { "Borehole_ID": "DUDHICHUA-BH-001", "Mine_ID": "M-DUDHICHUA", "Mine_Code": "DUDHICHUA", "Mine_Name": "Dudhichua OCP", "Interval_No": 4, "From_Depth_m": 68.19, "To_Depth_m": 90.92, "Thickness_m": 22.73, "Lithology": "Shale", "Stratigraphic_Unit": "Barakar-equivalent demo unit", "Coal_Bearing": "NO", "Coal_Seam": "", "Weathering_Class": "Fresh", "Sample_ID": "DUDHICHUA-001-S04", "Data_Type": "SYNTHETIC_DEMO", "Source_Provenance": "Synthetic borehole interval generated to match GeoVault demonstration corpus" }, "geometry": { "type": "Point", "coordinates": [ 82.721906, 24.131593 ] } },
{ "type": "Feature", "properties": { "Borehole_ID": "DUDHICHUA-BH-001", "Mine_ID": "M-DUDHICHUA", "Mine_Code": "DUDHICHUA", "Mine_Name": "Dudhichua OCP", "Interval_No": 5, "From_Depth_m": 90.92, "To_Depth_m": 113.65, "Thickness_m": 22.73, "Lithology": "Sandstone", "Stratigraphic_Unit": "Barakar-equivalent demo unit", "Coal_Bearing": "NO", "Coal_Seam": "", "Weathering_Class": "Fresh", "Sample_ID": "DUDHICHUA-001-S05", "Data_Type": "SYNTHETIC_DEMO", "Source_Provenance": "Synthetic borehole interval generated to match GeoVault demonstration corpus" }, "geometry": { "type": "Point", "coordinates": [ 82.721906, 24.131593 ] } },
{ "type": "Feature", "properties": { "Borehole_ID": "DUDHICHUA-BH-001", "Mine_ID": "M-DUDHICHUA", "Mine_Code": "DUDHICHUA", "Mine_Name": "Dudhichua OCP", "Interval_No": 6, "From_Depth_m": 113.65, "To_Depth_m": 136.38, "Thickness_m": 22.73, "Lithology": "Siltstone", "Stratigraphic_Unit": "Barakar-equivalent demo unit", "Coal_Bearing": "NO", "Coal_Seam": "", "Weathering_Class": "Fresh", "Sample_ID": "DUDHICHUA-001-S06", "Data_Type": "SYNTHETIC_DEMO", "Source_Provenance": "Synthetic borehole interval generated to match GeoVault demonstration corpus" }, "geometry": { "type": "Point", "coordinates": [ 82.721906, 24.131593 ] } },
{ "type": "Feature", "properties": { "Borehole_ID": "DUDHICHUA-BH-001", "Mine_ID": "M-DUDHICHUA", "Mine_Code": "DUDHICHUA", "Mine_Name": "Dudhichua OCP", "Interval_No": 7, "From_Depth_m": 136.38, "To_Depth_m": 159.11, "Thickness_m": 22.73, "Lithology": "Carbonaceous Shale", "Stratigraphic_Unit": "Barakar-equivalent demo unit", "Coal_Bearing": "NO", "Coal_Seam": "", "Weathering_Class": "Fresh", "Sample_ID": "DUDHICHUA-001-S07", "Data_Type": "SYNTHETIC_DEMO", "Source_Provenance": "Synthetic borehole interval generated to match GeoVault demonstration corpus" }, "geometry": { "type": "Point", "coordinates": [ 82.721906, 24.131593 ] } },
{ "type": "Feature", "properties": { "Borehole_ID": "DUDHICHUA-BH-001", "Mine_ID": "M-DUDHICHUA", "Mine_Code": "DUDHICHUA", "Mine_Name": "Dudhichua OCP", "Interval_No": 8, "From_Depth_m": 159.11, "To_Depth_m": 181.84, "Thickness_m": 22.73, "Lithology": "Coal", "Stratigraphic_Unit": "Barakar-equivalent demo unit", "Coal_Bearing": "YES", "Coal_Seam": "GV-DUD-S4", "Weathering_Class": "Fresh", "Sample_ID": "DUDHICHUA-001-S08", "Data_Type": "SYNTHETIC_DEMO", "Source_Provenance": "Synthetic borehole interval generated to match GeoVault demonstration corpus" }, "geometry": { "type": "Point", "coordinates": [ 82.721906, 24.131593 ] } },
{ "type": "Feature", "properties": { "Borehole_ID": "DUDHICHUA-BH-001", "Mine_ID": "M-DUDHICHUA", "Mine_Code": "DUDHICHUA", "Mine_Name": "Dudhichua OCP", "Interval_No": 9, "From_Depth_m": 181.84, "To_Depth_m": 204.57, "Thickness_m": 22.73, "Lithology": "Sandstone", "Stratigraphic_Unit": "Barakar-equivalent demo unit", "Coal_Bearing": "NO", "Coal_Seam": "", "Weathering_Class": "Fresh", "Sample_ID": "DUDHICHUA-001-S09", "Data_Type": "SYNTHETIC_DEMO", "Source_Provenance": "Synthetic borehole interval generated to match GeoVault demonstration corpus" }, "geometry": { "type": "Point", "coordinates": [ 82.721906, 24.131593 ] } },
{ "type": "Feature", "properties": { "Borehole_ID": "DUDHICHUA-BH-001", "Mine_ID": "M-DUDHICHUA", "Mine_Code": "DUDHICHUA", "Mine_Name": "Dudhichua OCP", "Interval_No": 10, "From_Depth_m": 204.57, "To_Depth_m": 227.3, "Thickness_m": 22.73, "Lithology": "Mudstone", "Stratigraphic_Unit": "Underlying sedimentary sequence", "Coal_Bearing": "NO", "Coal_Seam": "", "Weathering_Class": "Fresh", "Sample_ID": "DUDHICHUA-001-S10", "Data_Type": "SYNTHETIC_DEMO", "Source_Provenance": "Synthetic borehole interval generated to match GeoVault demonstration corpus" }, "geometry": { "type": "Point", "coordinates": [ 82.721906, 24.131593 ] } },
{ "type": "Feature", "properties": { "Borehole_ID": "DUDHICHUA-BH-002", "Mine_ID": "M-DUDHICHUA", "Mine_Code": "DUDHICHUA", "Mine_Name": "Dudhichua OCP", "Interval_No": 1, "From_Depth_m": 0.0, "To_Depth_m": 18.67, "Thickness_m": 18.67, "Lithology": "Interbedded Sandstone-Shale", "Stratigraphic_Unit": "Underlying sedimentary sequence", "Coal_Bearing": "NO", "Coal_Seam": "", "Weathering_Class": "Moderate", "Sample_ID": "DUDHICHUA-002-S01", "Data_Type": "SYNTHETIC_DEMO", "Source_Provenance": "Synthetic borehole interval generated to match GeoVault demonstration corpus" }, "geometry": { "type": "Point", "coordinates": [ 82.736377, 24.130621 ] } },
{ "type": "Feature", "properties": { "Borehole_ID": "DUDHICHUA-BH-002", "Mine_ID": "M-DUDHICHUA", "Mine_Code": "DUDHICHUA", "Mine_Name": "Dudhichua OCP", "Interval_No": 2, "From_Depth_m": 18.67, "To_Depth_m": 37.34, "Thickness_m": 18.67, "Lithology": "Siltstone", "Stratigraphic_Unit": "Barakar-equivalent demo unit", "Coal_Bearing": "NO", "Coal_Seam": "", "Weathering_Class": "Moderate", "Sample_ID": "DUDHICHUA-002-S02", "Data_Type": "SYNTHETIC_DEMO", "Source_Provenance": "Synthetic borehole interval generated to match GeoVault demonstration corpus" }, "geometry": { "type": "Point", "coordinates": [ 82.736377, 24.130621 ] } },
{ "type": "Feature", "properties": { "Borehole_ID": "DUDHICHUA-BH-002", "Mine_ID": "M-DUDHICHUA", "Mine_Code": "DUDHICHUA", "Mine_Name": "Dudhichua OCP", "Interval_No": 3, "From_Depth_m": 37.34, "To_Depth_m": 56.01, "Thickness_m": 18.67, "Lithology": "Sandstone", "Stratigraphic_Unit": "Underlying sedimentary sequence", "Coal_Bearing": "NO", "Coal_Seam": "", "Weathering_Class": "Fresh", "Sample_ID": "DUDHICHUA-002-S03", "Data_Type": "SYNTHETIC_DEMO", "Source_Provenance": "Synthetic borehole interval generated to match GeoVault demonstration corpus" }, "geometry": { "type": "Point", "coordinates": [ 82.736377, 24.130621 ] } },
{ "type": "Feature", "properties": { "Borehole_ID": "DUDHICHUA-BH-002", "Mine_ID": "M-DUDHICHUA", "Mine_Code": "DUDHICHUA", "Mine_Name": "Dudhichua OCP", "Interval_No": 4, "From_Depth_m": 56.01, "To_Depth_m": 74.68, "Thickness_m": 18.67, "Lithology": "Mudstone", "Stratigraphic_Unit": "Coal-bearing sequence", "Coal_Bearing": "NO", "Coal_Seam": "", "Weathering_Class": "Fresh", "Sample_ID": "DUDHICHUA-002-S04", "Data_Type": "SYNTHETIC_DEMO", "Source_Provenance": "Synthetic borehole interval generated to match GeoVault demonstration corpus" }, "geometry": { "type": "Point", "coordinates": [ 82.736377, 24.130621 ] } },
{ "type": "Feature", "properties": { "Borehole_ID": "DUDHICHUA-BH-002", "Mine_ID": "M-DUDHICHUA", "Mine_Code": "DUDHICHUA", "Mine_Name": "Dudhichua OCP", "Interval_No": 5, "From_Depth_m": 74.68, "To_Depth_m": 93.35, "Thickness_m": 18.67, "Lithology": "Siltstone", "Stratigraphic_Unit": "Overburden", "Coal_Bearing": "NO", "Coal_Seam": "", "Weathering_Class": "Fresh", "Sample_ID": "DUDHICHUA-002-S05", "Data_Type": "SYNTHETIC_DEMO", "Source_Provenance": "Synthetic borehole interval generated to match GeoVault demonstration corpus" }, "geometry": { "type": "Point", "coordinates": [ 82.736377, 24.130621 ] } },
{ "type": "Feature", "properties": { "Borehole_ID": "DUDHICHUA-BH-002", "Mine_ID": "M-DUDHICHUA", "Mine_Code": "DUDHICHUA", "Mine_Name": "Dudhichua OCP", "Interval_No": 6, "From_Depth_m": 93.35, "To_Depth_m": 112.02, "Thickness_m": 18.67, "Lithology": "Siltstone", "Stratigraphic_Unit": "Overburden", "Coal_Bearing": "NO", "Coal_Seam": "", "Weathering_Class": "Fresh", "Sample_ID": "DUDHICHUA-002-S06", "Data_Type": "SYNTHETIC_DEMO", "Source_Provenance": "Synthetic borehole interval generated to match GeoVault demonstration corpus" }, "geometry": { "type": "Point", "coordinates": [ 82.736377, 24.130621 ] } },
{ "type": "Feature", "properties": { "Borehole_ID": "DUDHICHUA-BH-002", "Mine_ID": "M-DUDHICHUA", "Mine_Code": "DUDHICHUA", "Mine_Name": "Dudhichua OCP", "Interval_No": 7, "From_Depth_m": 112.02, "To_Depth_m": 130.69, "Thickness_m": 18.67, "Lithology": "Carbonaceous Shale", "Stratigraphic_Unit": "Coal-bearing sequence", "Coal_Bearing": "NO", "Coal_Seam": "", "Weathering_Class": "Fresh", "Sample_ID": "DUDHICHUA-002-S07", "Data_Type": "SYNTHETIC_DEMO", "Source_Provenance": "Synthetic borehole interval generated to match GeoVault demonstration corpus" }, "geometry": { "type": "Point", "coordinates": [ 82.736377, 24.130621 ] } },
{ "type": "Feature", "properties": { "Borehole_ID": "DUDHICHUA-BH-002", "Mine_ID": "M-DUDHICHUA", "Mine_Code": "DUDHICHUA", "Mine_Name": "Dudhichua OCP", "Interval_No": 8, "From_Depth_m": 130.69, "To_Depth_m": 149.36, "Thickness_m": 18.67, "Lithology": "Coal", "Stratigraphic_Unit": "Underlying sedimentary sequence", "Coal_Bearing": "YES", "Coal_Seam": "GV-DUD-S3", "Weathering_Class": "Fresh", "Sample_ID": "DUDHICHUA-002-S08", "Data_Type": "SYNTHETIC_DEMO", "Source_Provenance": "Synthetic borehole interval generated to match GeoVault demonstration corpus" }, "geometry": { "type": "Point", "coordinates": [ 82.736377, 24.130621 ] } },
{ "type": "Feature", "properties": { "Borehole_ID": "DUDHICHUA-BH-002", "Mine_ID": "M-DUDHICHUA", "Mine_Code": "DUDHICHUA", "Mine_Name": "Dudhichua OCP", "Interval_No": 9, "From_Depth_m": 149.36, "To_Depth_m": 168.03, "Thickness_m": 18.67, "Lithology": "Mudstone", "Stratigraphic_Unit": "Overburden", "Coal_Bearing": "NO", "Coal_Seam": "", "Weathering_Class": "Fresh", "Sample_ID": "DUDHICHUA-002-S09", "Data_Type": "SYNTHETIC_DEMO", "Source_Provenance": "Synthetic borehole interval generated to match GeoVault demonstration corpus" }, "geometry": { "type": "Point", "coordinates": [ 82.736377, 24.130621 ] } },
{ "type": "Feature", "properties": { "Borehole_ID": "DUDHICHUA-BH-002", "Mine_ID": "M-DUDHICHUA", "Mine_Code": "DUDHICHUA", "Mine_Name": "Dudhichua OCP", "Interval_No": 10, "From_Depth_m": 168.03, "To_Depth_m": 186.7, "Thickness_m": 18.67, "Lithology": "Sandstone", "Stratigraphic_Unit": "Coal-bearing sequence", "Coal_Bearing": "NO", "Coal_Seam": "", "Weathering_Class": "Fresh", "Sample_ID": "DUDHICHUA-002-S10", "Data_Type": "SYNTHETIC_DEMO", "Source_Provenance": "Synthetic borehole interval generated to match GeoVault demonstration corpus" }, "geometry": { "type": "Point", "coordinates": [ 82.736377, 24.130621 ] } },
{ "type": "Feature", "properties": { "Borehole_ID": "DUDHICHUA-BH-003", "Mine_ID": "M-DUDHICHUA", "Mine_Code": "DUDHICHUA", "Mine_Name": "Dudhichua OCP", "Interval_No": 1, "From_Depth_m": 0.0, "To_Depth_m": 14.57, "Thickness_m": 14.57, "Lithology": "Siltstone", "Stratigraphic_Unit": "Overburden", "Coal_Bearing": "NO", "Coal_Seam": "", "Weathering_Class": "Slight", "Sample_ID": "DUDHICHUA-003-S01", "Data_Type": "SYNTHETIC_DEMO", "Source_Provenance": "Synthetic borehole interval generated to match GeoVault demonstration corpus" }, "geometry": { "type": "Point", "coordinates": [ 82.702493, 24.150131 ] } },
{ "type": "Feature", "properties": { "Borehole_ID": "DUDHICHUA-BH-003", "Mine_ID": "M-DUDHICHUA", "Mine_Code": "DUDHICHUA", "Mine_Name": "Dudhichua OCP", "Interval_No": 2, "From_Depth_m": 14.57, "To_Depth_m": 29.14, "Thickness_m": 14.57, "Lithology": "Interbedded Sandstone-Shale", "Stratigraphic_Unit": "Underlying sedimentary sequence", "Coal_Bearing": "NO", "Coal_Seam": "", "Weathering_Class": "Moderate", "Sample_ID": "DUDHICHUA-003-S02", "Data_Type": "SYNTHETIC_DEMO", "Source_Provenance": "Synthetic borehole interval generated to match GeoVault demonstration corpus" }, "geometry": { "type": "Point", "coordinates": [ 82.702493, 24.150131 ] } },
{ "type": "Feature", "properties": { "Borehole_ID": "DUDHICHUA-BH-003", "Mine_ID": "M-DUDHICHUA", "Mine_Code": "DUDHICHUA", "Mine_Name": "Dudhichua OCP", "Interval_No": 3, "From_Depth_m": 29.14, "To_Depth_m": 43.71, "Thickness_m": 14.57, "Lithology": "Interbedded Sandstone-Shale", "Stratigraphic_Unit": "Overburden", "Coal_Bearing": "NO", "Coal_Seam": "", "Weathering_Class": "Fresh", "Sample_ID": "DUDHICHUA-003-S03", "Data_Type": "SYNTHETIC_DEMO", "Source_Provenance": "Synthetic borehole interval generated to match GeoVault demonstration corpus" }, "geometry": { "type": "Point", "coordinates": [ 82.702493, 24.150131 ] } },
{ "type": "Feature", "properties": { "Borehole_ID": "DUDHICHUA-BH-003", "Mine_ID": "M-DUDHICHUA", "Mine_Code": "DUDHICHUA", "Mine_Name": "Dudhichua OCP", "Interval_No": 4, "From_Depth_m": 43.71, "To_Depth_m": 58.28, "Thickness_m": 14.57, "Lithology": "Carbonaceous Shale", "Stratigraphic_Unit": "Underlying sedimentary sequence", "Coal_Bearing": "NO", "Coal_Seam": "", "Weathering_Class": "Fresh", "Sample_ID": "DUDHICHUA-003-S04", "Data_Type": "SYNTHETIC_DEMO", "Source_Provenance": "Synthetic borehole interval generated to match GeoVault demonstration corpus" }, "geometry": { "type": "Point", "coordinates": [ 82.702493, 24.150131 ] } },
{ "type": "Feature", "properties": { "Borehole_ID": "DUDHICHUA-BH-003", "Mine_ID": "M-DUDHICHUA", "Mine_Code": "DUDHICHUA", "Mine_Name": "Dudhichua OCP", "Interval_No": 5, "From_Depth_m": 58.28, "To_Depth_m": 72.85, "Thickness_m": 14.57, "Lithology": "Coal", "Stratigraphic_Unit": "Barakar-equivalent demo unit", "Coal_Bearing": "YES", "Coal_Seam": "GV-DUD-S3", "Weathering_Class": "Fresh", "Sample_ID": "DUDHICHUA-003-S05", "Data_Type": "SYNTHETIC_DEMO", "Source_Provenance": "Synthetic borehole interval generated to match GeoVault demonstration corpus" }, "geometry": { "type": "Point", "coordinates": [ 82.702493, 24.150131 ] } },
{ "type": "Feature", "properties": { "Borehole_ID": "DUDHICHUA-BH-003", "Mine_ID": "M-DUDHICHUA", "Mine_Code": "DUDHICHUA", "Mine_Name": "Dudhichua OCP", "Interval_No": 6, "From_Depth_m": 72.85, "To_Depth_m": 87.42, "Thickness_m": 14.57, "Lithology": "Siltstone", "Stratigraphic_Unit": "Underlying sedimentary sequence", "Coal_Bearing": "NO", "Coal_Seam": "", "Weathering_Class": "Fresh", "Sample_ID": "DUDHICHUA-003-S06", "Data_Type": "SYNTHETIC_DEMO", "Source_Provenance": "Synthetic borehole interval generated to match GeoVault demonstration corpus" }, "geometry": { "type": "Point", "coordinates": [ 82.702493, 24.150131 ] } },
{ "type": "Feature", "properties": { "Borehole_ID": "DUDHICHUA-BH-003", "Mine_ID": "M-DUDHICHUA", "Mine_Code": "DUDHICHUA", "Mine_Name": "Dudhichua OCP", "Interval_No": 7, "From_Depth_m": 87.42, "To_Depth_m": 101.99, "Thickness_m": 14.57, "Lithology": "Interbedded Sandstone-Shale", "Stratigraphic_Unit": "Barakar-equivalent demo unit", "Coal_Bearing": "NO", "Coal_Seam": "", "Weathering_Class": "Fresh", "Sample_ID": "DUDHICHUA-003-S07", "Data_Type": "SYNTHETIC_DEMO", "Source_Provenance": "Synthetic borehole interval generated to match GeoVault demonstration corpus" }, "geometry": { "type": "Point", "coordinates": [ 82.702493, 24.150131 ] } },
{ "type": "Feature", "properties": { "Borehole_ID": "DUDHICHUA-BH-003", "Mine_ID": "M-DUDHICHUA", "Mine_Code": "DUDHICHUA", "Mine_Name": "Dudhichua OCP", "Interval_No": 8, "From_Depth_m": 101.99, "To_Depth_m": 116.56, "Thickness_m": 14.57, "Lithology": "Sandstone", "Stratigraphic_Unit": "Underlying sedimentary sequence", "Coal_Bearing": "NO", "Coal_Seam": "", "Weathering_Class": "Fresh", "Sample_ID": "DUDHICHUA-003-S08", "Data_Type": "SYNTHETIC_DEMO", "Source_Provenance": "Synthetic borehole interval generated to match GeoVault demonstration corpus" }, "geometry": { "type": "Point", "coordinates": [ 82.702493, 24.150131 ] } },
{ "type": "Feature", "properties": { "Borehole_ID": "DUDHICHUA-BH-003", "Mine_ID": "M-DUDHICHUA", "Mine_Code": "DUDHICHUA", "Mine_Name": "Dudhichua OCP", "Interval_No": 9, "From_Depth_m": 116.56, "To_Depth_m": 131.13, "Thickness_m": 14.57, "Lithology": "Sandstone", "Stratigraphic_Unit": "Coal-bearing sequence", "Coal_Bearing": "NO", "Coal_Seam": "", "Weathering_Class": "Fresh", "Sample_ID": "DUDHICHUA-003-S09", "Data_Type": "SYNTHETIC_DEMO", "Source_Provenance": "Synthetic borehole interval generated to match GeoVault demonstration corpus" }, "geometry": { "type": "Point", "coordinates": [ 82.702493, 24.150131 ] } },
{ "type": "Feature", "properties": { "Borehole_ID": "DUDHICHUA-BH-003", "Mine_ID": "M-DUDHICHUA", "Mine_Code": "DUDHICHUA", "Mine_Name": "Dudhichua OCP", "Interval_No": 10, "From_Depth_m": 131.13, "To_Depth_m": 145.7, "Thickness_m": 14.57, "Lithology": "Sandstone", "Stratigraphic_Unit": "Barakar-equivalent demo unit", "Coal_Bearing": "NO", "Coal_Seam": "", "Weathering_Class": "Fresh", "Sample_ID": "DUDHICHUA-003-S10", "Data_Type": "SYNTHETIC_DEMO", "Source_Provenance": "Synthetic borehole interval generated to match GeoVault demonstration corpus" }, "geometry": { "type": "Point", "coordinates": [ 82.702493, 24.150131 ] } },
{ "type": "Feature", "properties": { "Borehole_ID": "DUDHICHUA-BH-004", "Mine_ID": "M-DUDHICHUA", "Mine_Code": "DUDHICHUA", "Mine_Name": "Dudhichua OCP", "Interval_No": 1, "From_Depth_m": 0.0, "To_Depth_m": 10.45, "Thickness_m": 10.45, "Lithology": "Sandstone", "Stratigraphic_Unit": "Barakar-equivalent demo unit", "Coal_Bearing": "NO", "Coal_Seam": "", "Weathering_Class": "Moderate", "Sample_ID": "DUDHICHUA-004-S01", "Data_Type": "SYNTHETIC_DEMO", "Source_Provenance": "Synthetic borehole interval generated to match GeoVault demonstration corpus" }, "geometry": { "type": "Point", "coordinates": [ 82.723678, 24.141801 ] } },
{ "type": "Feature", "properties": { "Borehole_ID": "DUDHICHUA-BH-004", "Mine_ID": "M-DUDHICHUA", "Mine_Code": "DUDHICHUA", "Mine_Name": "Dudhichua OCP", "Interval_No": 2, "From_Depth_m": 10.45, "To_Depth_m": 20.9, "Thickness_m": 10.45, "Lithology": "Mudstone", "Stratigraphic_Unit": "Barakar-equivalent demo unit", "Coal_Bearing": "NO", "Coal_Seam": "", "Weathering_Class": "Moderate", "Sample_ID": "DUDHICHUA-004-S02", "Data_Type": "SYNTHETIC_DEMO", "Source_Provenance": "Synthetic borehole interval generated to match GeoVault demonstration corpus" }, "geometry": { "type": "Point", "coordinates": [ 82.723678, 24.141801 ] } },
{ "type": "Feature", "properties": { "Borehole_ID": "DUDHICHUA-BH-004", "Mine_ID": "M-DUDHICHUA", "Mine_Code": "DUDHICHUA", "Mine_Name": "Dudhichua OCP", "Interval_No": 3, "From_Depth_m": 20.9, "To_Depth_m": 31.35, "Thickness_m": 10.45, "Lithology": "Siltstone", "Stratigraphic_Unit": "Coal-bearing sequence", "Coal_Bearing": "NO", "Coal_Seam": "", "Weathering_Class": "Moderate", "Sample_ID": "DUDHICHUA-004-S03", "Data_Type": "SYNTHETIC_DEMO", "Source_Provenance": "Synthetic borehole interval generated to match GeoVault demonstration corpus" }, "geometry": { "type": "Point", "coordinates": [ 82.723678, 24.141801 ] } },
{ "type": "Feature", "properties": { "Borehole_ID": "DUDHICHUA-BH-004", "Mine_ID": "M-DUDHICHUA", "Mine_Code": "DUDHICHUA", "Mine_Name": "Dudhichua OCP", "Interval_No": 4, "From_Depth_m": 31.35, "To_Depth_m": 41.8, "Thickness_m": 10.45, "Lithology": "Carbonaceous Shale", "Stratigraphic_Unit": "Underlying sedimentary sequence", "Coal_Bearing": "NO", "Coal_Seam": "", "Weathering_Class": "Fresh", "Sample_ID": "DUDHICHUA-004-S04", "Data_Type": "SYNTHETIC_DEMO", "Source_Provenance": "Synthetic borehole interval generated to match GeoVault demonstration corpus" }, "geometry": { "type": "Point", "coordinates": [ 82.723678, 24.141801 ] } },
{ "type": "Feature", "properties": { "Borehole_ID": "DUDHICHUA-BH-004", "Mine_ID": "M-DUDHICHUA", "Mine_Code": "DUDHICHUA", "Mine_Name": "Dudhichua OCP", "Interval_No": 5, "From_Depth_m": 41.8, "To_Depth_m": 52.25, "Thickness_m": 10.45, "Lithology": "Coal", "Stratigraphic_Unit": "Coal-bearing sequence", "Coal_Bearing": "YES", "Coal_Seam": "GV-DUD-S1", "Weathering_Class": "Fresh", "Sample_ID": "DUDHICHUA-004-S05", "Data_Type": "SYNTHETIC_DEMO", "Source_Provenance": "Synthetic borehole interval generated to match GeoVault demonstration corpus" }, "geometry": { "type": "Point", "coordinates": [ 82.723678, 24.141801 ] } },
{ "type": "Feature", "properties": { "Borehole_ID": "DUDHICHUA-BH-004", "Mine_ID": "M-DUDHICHUA", "Mine_Code": "DUDHICHUA", "Mine_Name": "Dudhichua OCP", "Interval_No": 6, "From_Depth_m": 52.25, "To_Depth_m": 62.7, "Thickness_m": 10.45, "Lithology": "Interbedded Sandstone-Shale", "Stratigraphic_Unit": "Overburden", "Coal_Bearing": "NO", "Coal_Seam": "", "Weathering_Class": "Fresh", "Sample_ID": "DUDHICHUA-004-S06", "Data_Type": "SYNTHETIC_DEMO", "Source_Provenance": "Synthetic borehole interval generated to match GeoVault demonstration corpus" }, "geometry": { "type": "Point", "coordinates": [ 82.723678, 24.141801 ] } },
{ "type": "Feature", "properties": { "Borehole_ID": "DUDHICHUA-BH-004", "Mine_ID": "M-DUDHICHUA", "Mine_Code": "DUDHICHUA", "Mine_Name": "Dudhichua OCP", "Interval_No": 7, "From_Depth_m": 62.7, "To_Depth_m": 73.15, "Thickness_m": 10.45, "Lithology": "Siltstone", "Stratigraphic_Unit": "Overburden", "Coal_Bearing": "NO", "Coal_Seam": "", "Weathering_Class": "Fresh", "Sample_ID": "DUDHICHUA-004-S07", "Data_Type": "SYNTHETIC_DEMO", "Source_Provenance": "Synthetic borehole interval generated to match GeoVault demonstration corpus" }, "geometry": { "type": "Point", "coordinates": [ 82.723678, 24.141801 ] } },
{ "type": "Feature", "properties": { "Borehole_ID": "DUDHICHUA-BH-004", "Mine_ID": "M-DUDHICHUA", "Mine_Code": "DUDHICHUA", "Mine_Name": "Dudhichua OCP", "Interval_No": 8, "From_Depth_m": 73.15, "To_Depth_m": 83.6, "Thickness_m": 10.45, "Lithology": "Siltstone", "Stratigraphic_Unit": "Overburden", "Coal_Bearing": "NO", "Coal_Seam": "", "Weathering_Class": "Fresh", "Sample_ID": "DUDHICHUA-004-S08", "Data_Type": "SYNTHETIC_DEMO", "Source_Provenance": "Synthetic borehole interval generated to match GeoVault demonstration corpus" }, "geometry": { "type": "Point", "coordinates": [ 82.723678, 24.141801 ] } },
{ "type": "Feature", "properties": { "Borehole_ID": "DUDHICHUA-BH-004", "Mine_ID": "M-DUDHICHUA", "Mine_Code": "DUDHICHUA", "Mine_Name": "Dudhichua OCP", "Interval_No": 9, "From_Depth_m": 83.6, "To_Depth_m": 94.05, "Thickness_m": 10.45, "Lithology": "Interbedded Sandstone-Shale", "Stratigraphic_Unit": "Underlying sedimentary sequence", "Coal_Bearing": "NO", "Coal_Seam": "", "Weathering_Class": "Fresh", "Sample_ID": "DUDHICHUA-004-S09", "Data_Type": "SYNTHETIC_DEMO", "Source_Provenance": "Synthetic borehole interval generated to match GeoVault demonstration corpus" }, "geometry": { "type": "Point", "coordinates": [ 82.723678, 24.141801 ] } },
{ "type": "Feature", "properties": { "Borehole_ID": "DUDHICHUA-BH-004", "Mine_ID": "M-DUDHICHUA", "Mine_Code": "DUDHICHUA", "Mine_Name": "Dudhichua OCP", "Interval_No": 10, "From_Depth_m": 94.05, "To_Depth_m": 104.5, "Thickness_m": 10.45, "Lithology": "Siltstone", "Stratigraphic_Unit": "Coal-bearing sequence", "Coal_Bearing": "NO", "Coal_Seam": "", "Weathering_Class": "Fresh", "Sample_ID": "DUDHICHUA-004-S10", "Data_Type": "SYNTHETIC_DEMO", "Source_Provenance": "Synthetic borehole interval generated to match GeoVault demonstration corpus" }, "geometry": { "type": "Point", "coordinates": [ 82.723678, 24.141801 ] } },
{ "type": "Feature", "properties": { "Borehole_ID": "DUDHICHUA-BH-005", "Mine_ID": "M-DUDHICHUA", "Mine_Code": "DUDHICHUA", "Mine_Name": "Dudhichua OCP", "Interval_No": 1, "From_Depth_m": 0.0, "To_Depth_m": 20.12, "Thickness_m": 20.12, "Lithology": "Interbedded Sandstone-Shale", "Stratigraphic_Unit": "Barakar-equivalent demo unit", "Coal_Bearing": "NO", "Coal_Seam": "", "Weathering_Class": "Moderate", "Sample_ID": "DUDHICHUA-005-S01", "Data_Type": "SYNTHETIC_DEMO", "Source_Provenance": "Synthetic borehole interval generated to match GeoVault demonstration corpus" }, "geometry": { "type": "Point", "coordinates": [ 82.695302, 24.134154 ] } },
{ "type": "Feature", "properties": { "Borehole_ID": "DUDHICHUA-BH-005", "Mine_ID": "M-DUDHICHUA", "Mine_Code": "DUDHICHUA", "Mine_Name": "Dudhichua OCP", "Interval_No": 2, "From_Depth_m": 20.12, "To_Depth_m": 40.24, "Thickness_m": 20.12, "Lithology": "Sandstone", "Stratigraphic_Unit": "Barakar-equivalent demo unit", "Coal_Bearing": "NO", "Coal_Seam": "", "Weathering_Class": "Moderate", "Sample_ID": "DUDHICHUA-005-S02", "Data_Type": "SYNTHETIC_DEMO", "Source_Provenance": "Synthetic borehole interval generated to match GeoVault demonstration corpus" }, "geometry": { "type": "Point", "coordinates": [ 82.695302, 24.134154 ] } },
{ "type": "Feature", "properties": { "Borehole_ID": "DUDHICHUA-BH-005", "Mine_ID": "M-DUDHICHUA", "Mine_Code": "DUDHICHUA", "Mine_Name": "Dudhichua OCP", "Interval_No": 3, "From_Depth_m": 40.24, "To_Depth_m": 60.36, "Thickness_m": 20.12, "Lithology": "Siltstone", "Stratigraphic_Unit": "Underlying sedimentary sequence", "Coal_Bearing": "NO", "Coal_Seam": "", "Weathering_Class": "Fresh", "Sample_ID": "DUDHICHUA-005-S03", "Data_Type": "SYNTHETIC_DEMO", "Source_Provenance": "Synthetic borehole interval generated to match GeoVault demonstration corpus" }, "geometry": { "type": "Point", "coordinates": [ 82.695302, 24.134154 ] } },
{ "type": "Feature", "properties": { "Borehole_ID": "DUDHICHUA-BH-005", "Mine_ID": "M-DUDHICHUA", "Mine_Code": "DUDHICHUA", "Mine_Name": "Dudhichua OCP", "Interval_No": 4, "From_Depth_m": 60.36, "To_Depth_m": 80.48, "Thickness_m": 20.12, "Lithology": "Shale", "Stratigraphic_Unit": "Overburden", "Coal_Bearing": "NO", "Coal_Seam": "", "Weathering_Class": "Fresh", "Sample_ID": "DUDHICHUA-005-S04", "Data_Type": "SYNTHETIC_DEMO", "Source_Provenance": "Synthetic borehole interval generated to match GeoVault demonstration corpus" }, "geometry": { "type": "Point", "coordinates": [ 82.695302, 24.134154 ] } },
{ "type": "Feature", "properties": { "Borehole_ID": "DUDHICHUA-BH-005", "Mine_ID": "M-DUDHICHUA", "Mine_Code": "DUDHICHUA", "Mine_Name": "Dudhichua OCP", "Interval_No": 5, "From_Depth_m": 80.48, "To_Depth_m": 100.6, "Thickness_m": 20.12, "Lithology": "Carbonaceous Shale", "Stratigraphic_Unit": "Coal-bearing sequence", "Coal_Bearing": "NO", "Coal_Seam": "", "Weathering_Class": "Fresh", "Sample_ID": "DUDHICHUA-005-S05", "Data_Type": "SYNTHETIC_DEMO", "Source_Provenance": "Synthetic borehole interval generated to match GeoVault demonstration corpus" }, "geometry": { "type": "Point", "coordinates": [ 82.695302, 24.134154 ] } },
{ "type": "Feature", "properties": { "Borehole_ID": "DUDHICHUA-BH-005", "Mine_ID": "M-DUDHICHUA", "Mine_Code": "DUDHICHUA", "Mine_Name": "Dudhichua OCP", "Interval_No": 6, "From_Depth_m": 100.6, "To_Depth_m": 120.72, "Thickness_m": 20.12, "Lithology": "Coal", "Stratigraphic_Unit": "Underlying sedimentary sequence", "Coal_Bearing": "YES", "Coal_Seam": "GV-DUD-S2", "Weathering_Class": "Fresh", "Sample_ID": "DUDHICHUA-005-S06", "Data_Type": "SYNTHETIC_DEMO", "Source_Provenance": "Synthetic borehole interval generated to match GeoVault demonstration corpus" }, "geometry": { "type": "Point", "coordinates": [ 82.695302, 24.134154 ] } },
{ "type": "Feature", "properties": { "Borehole_ID": "DUDHICHUA-BH-005", "Mine_ID": "M-DUDHICHUA", "Mine_Code": "DUDHICHUA", "Mine_Name": "Dudhichua OCP", "Interval_No": 7, "From_Depth_m": 120.72, "To_Depth_m": 140.84, "Thickness_m": 20.12, "Lithology": "Siltstone", "Stratigraphic_Unit": "Barakar-equivalent demo unit", "Coal_Bearing": "NO", "Coal_Seam": "", "Weathering_Class": "Fresh", "Sample_ID": "DUDHICHUA-005-S07", "Data_Type": "SYNTHETIC_DEMO", "Source_Provenance": "Synthetic borehole interval generated to match GeoVault demonstration corpus" }, "geometry": { "type": "Point", "coordinates": [ 82.695302, 24.134154 ] } },
{ "type": "Feature", "properties": { "Borehole_ID": "DUDHICHUA-BH-005", "Mine_ID": "M-DUDHICHUA", "Mine_Code": "DUDHICHUA", "Mine_Name": "Dudhichua OCP", "Interval_No": 8, "From_Depth_m": 140.84, "To_Depth_m": 160.96, "Thickness_m": 20.12, "Lithology": "Interbedded Sandstone-Shale", "Stratigraphic_Unit": "Overburden", "Coal_Bearing": "NO", "Coal_Seam": "", "Weathering_Class": "Fresh", "Sample_ID": "DUDHICHUA-005-S08", "Data_Type": "SYNTHETIC_DEMO", "Source_Provenance": "Synthetic borehole interval generated to match GeoVault demonstration corpus" }, "geometry": { "type": "Point", "coordinates": [ 82.695302, 24.134154 ] } },
{ "type": "Feature", "properties": { "Borehole_ID": "DUDHICHUA-BH-005", "Mine_ID": "M-DUDHICHUA", "Mine_Code": "DUDHICHUA", "Mine_Name": "Dudhichua OCP", "Interval_No": 9, "From_Depth_m": 160.96, "To_Depth_m": 181.08, "Thickness_m": 20.12, "Lithology": "Mudstone", "Stratigraphic_Unit": "Coal-bearing sequence", "Coal_Bearing": "NO", "Coal_Seam": "", "Weathering_Class": "Fresh", "Sample_ID": "DUDHICHUA-005-S09", "Data_Type": "SYNTHETIC_DEMO", "Source_Provenance": "Synthetic borehole interval generated to match GeoVault demonstration corpus" }, "geometry": { "type": "Point", "coordinates": [ 82.695302, 24.134154 ] } },
{ "type": "Feature", "properties": { "Borehole_ID": "DUDHICHUA-BH-005", "Mine_ID": "M-DUDHICHUA", "Mine_Code": "DUDHICHUA", "Mine_Name": "Dudhichua OCP", "Interval_No": 10, "From_Depth_m": 181.08, "To_Depth_m": 201.2, "Thickness_m": 20.12, "Lithology": "Sandstone", "Stratigraphic_Unit": "Coal-bearing sequence", "Coal_Bearing": "NO", "Coal_Seam": "", "Weathering_Class": "Fresh", "Sample_ID": "DUDHICHUA-005-S10", "Data_Type": "SYNTHETIC_DEMO", "Source_Provenance": "Synthetic borehole interval generated to match GeoVault demonstration corpus" }, "geometry": { "type": "Point", "coordinates": [ 82.695302, 24.134154 ] } },
{ "type": "Feature", "properties": { "Borehole_ID": "DUDHICHUA-BH-006", "Mine_ID": "M-DUDHICHUA", "Mine_Code": "DUDHICHUA", "Mine_Name": "Dudhichua OCP", "Interval_No": 1, "From_Depth_m": 0.0, "To_Depth_m": 22.72, "Thickness_m": 22.72, "Lithology": "Siltstone", "Stratigraphic_Unit": "Barakar-equivalent demo unit", "Coal_Bearing": "NO", "Coal_Seam": "", "Weathering_Class": "Slight", "Sample_ID": "DUDHICHUA-006-S01", "Data_Type": "SYNTHETIC_DEMO", "Source_Provenance": "Synthetic borehole interval generated to match GeoVault demonstration corpus" }, "geometry": { "type": "Point", "coordinates": [ 82.736817, 24.134724 ] } },
{ "type": "Feature", "properties": { "Borehole_ID": "DUDHICHUA-BH-006", "Mine_ID": "M-DUDHICHUA", "Mine_Code": "DUDHICHUA", "Mine_Name": "Dudhichua OCP", "Interval_No": 2, "From_Depth_m": 22.72, "To_Depth_m": 45.44, "Thickness_m": 22.72, "Lithology": "Siltstone", "Stratigraphic_Unit": "Underlying sedimentary sequence", "Coal_Bearing": "NO", "Coal_Seam": "", "Weathering_Class": "Slight", "Sample_ID": "DUDHICHUA-006-S02", "Data_Type": "SYNTHETIC_DEMO", "Source_Provenance": "Synthetic borehole interval generated to match GeoVault demonstration corpus" }, "geometry": { "type": "Point", "coordinates": [ 82.736817, 24.134724 ] } },
{ "type": "Feature", "properties": { "Borehole_ID": "DUDHICHUA-BH-006", "Mine_ID": "M-DUDHICHUA", "Mine_Code": "DUDHICHUA", "Mine_Name": "Dudhichua OCP", "Interval_No": 3, "From_Depth_m": 45.44, "To_Depth_m": 68.16, "Thickness_m": 22.72, "Lithology": "Carbonaceous Shale", "Stratigraphic_Unit": "Barakar-equivalent demo unit", "Coal_Bearing": "NO", "Coal_Seam": "", "Weathering_Class": "Fresh", "Sample_ID": "DUDHICHUA-006-S03", "Data_Type": "SYNTHETIC_DEMO", "Source_Provenance": "Synthetic borehole interval generated to match GeoVault demonstration corpus" }, "geometry": { "type": "Point", "coordinates": [ 82.736817, 24.134724 ] } },
{ "type": "Feature", "properties": { "Borehole_ID": "DUDHICHUA-BH-006", "Mine_ID": "M-DUDHICHUA", "Mine_Code": "DUDHICHUA", "Mine_Name": "Dudhichua OCP", "Interval_No": 4, "From_Depth_m": 68.16, "To_Depth_m": 90.88, "Thickness_m": 22.72, "Lithology": "Coal", "Stratigraphic_Unit": "Barakar-equivalent demo unit", "Coal_Bearing": "YES", "Coal_Seam": "GV-DUD-S3", "Weathering_Class": "Fresh", "Sample_ID": "DUDHICHUA-006-S04", "Data_Type": "SYNTHETIC_DEMO", "Source_Provenance": "Synthetic borehole interval generated to match GeoVault demonstration corpus" }, "geometry": { "type": "Point", "coordinates": [ 82.736817, 24.134724 ] } },
{ "type": "Feature", "properties": { "Borehole_ID": "DUDHICHUA-BH-006", "Mine_ID": "M-DUDHICHUA", "Mine_Code": "DUDHICHUA", "Mine_Name": "Dudhichua OCP", "Interval_No": 5, "From_Depth_m": 90.88, "To_Depth_m": 113.6, "Thickness_m": 22.72, "Lithology": "Shale", "Stratigraphic_Unit": "Overburden", "Coal_Bearing": "NO", "Coal_Seam": "", "Weathering_Class": "Fresh", "Sample_ID": "DUDHICHUA-006-S05", "Data_Type": "SYNTHETIC_DEMO", "Source_Provenance": "Synthetic borehole interval generated to match GeoVault demonstration corpus" }, "geometry": { "type": "Point", "coordinates": [ 82.736817, 24.134724 ] } },
{ "type": "Feature", "properties": { "Borehole_ID": "DUDHICHUA-BH-006", "Mine_ID": "M-DUDHICHUA", "Mine_Code": "DUDHICHUA", "Mine_Name": "Dudhichua OCP", "Interval_No": 6, "From_Depth_m": 113.6, "To_Depth_m": 136.32, "Thickness_m": 22.72, "Lithology": "Siltstone", "Stratigraphic_Unit": "Overburden", "Coal_Bearing": "NO", "Coal_Seam": "", "Weathering_Class": "Fresh", "Sample_ID": "DUDHICHUA-006-S06", "Data_Type": "SYNTHETIC_DEMO", "Source_Provenance": "Synthetic borehole interval generated to match GeoVault demonstration corpus" }, "geometry": { "type": "Point", "coordinates": [ 82.736817, 24.134724 ] } },
{ "type": "Feature", "properties": { "Borehole_ID": "DUDHICHUA-BH-006", "Mine_ID": "M-DUDHICHUA", "Mine_Code": "DUDHICHUA", "Mine_Name": "Dudhichua OCP", "Interval_No": 7, "From_Depth_m": 136.32, "To_Depth_m": 159.04, "Thickness_m": 22.72, "Lithology": "Interbedded Sandstone-Shale", "Stratigraphic_Unit": "Overburden", "Coal_Bearing": "NO", "Coal_Seam": "", "Weathering_Class": "Fresh", "Sample_ID": "DUDHICHUA-006-S07", "Data_Type": "SYNTHETIC_DEMO", "Source_Provenance": "Synthetic borehole interval generated to match GeoVault demonstration corpus" }, "geometry": { "type": "Point", "coordinates": [ 82.736817, 24.134724 ] } },
{ "type": "Feature", "properties": { "Borehole_ID": "DUDHICHUA-BH-006", "Mine_ID": "M-DUDHICHUA", "Mine_Code": "DUDHICHUA", "Mine_Name": "Dudhichua OCP", "Interval_No": 8, "From_Depth_m": 159.04, "To_Depth_m": 181.76, "Thickness_m": 22.72, "Lithology": "Siltstone", "Stratigraphic_Unit": "Barakar-equivalent demo unit", "Coal_Bearing": "NO", "Coal_Seam": "", "Weathering_Class": "Fresh", "Sample_ID": "DUDHICHUA-006-S08", "Data_Type": "SYNTHETIC_DEMO", "Source_Provenance": "Synthetic borehole interval generated to match GeoVault demonstration corpus" }, "geometry": { "type": "Point", "coordinates": [ 82.736817, 24.134724 ] } },
{ "type": "Feature", "properties": { "Borehole_ID": "DUDHICHUA-BH-006", "Mine_ID": "M-DUDHICHUA", "Mine_Code": "DUDHICHUA", "Mine_Name": "Dudhichua OCP", "Interval_No": 9, "From_Depth_m": 181.76, "To_Depth_m": 204.48, "Thickness_m": 22.72, "Lithology": "Interbedded Sandstone-Shale", "Stratigraphic_Unit": "Underlying sedimentary sequence", "Coal_Bearing": "NO", "Coal_Seam": "", "Weathering_Class": "Fresh", "Sample_ID": "DUDHICHUA-006-S09", "Data_Type": "SYNTHETIC_DEMO", "Source_Provenance": "Synthetic borehole interval generated to match GeoVault demonstration corpus" }, "geometry": { "type": "Point", "coordinates": [ 82.736817, 24.134724 ] } },
{ "type": "Feature", "properties": { "Borehole_ID": "DUDHICHUA-BH-006", "Mine_ID": "M-DUDHICHUA", "Mine_Code": "DUDHICHUA", "Mine_Name": "Dudhichua OCP", "Interval_No": 10, "From_Depth_m": 204.48, "To_Depth_m": 227.2, "Thickness_m": 22.72, "Lithology": "Shale", "Stratigraphic_Unit": "Barakar-equivalent demo unit", "Coal_Bearing": "NO", "Coal_Seam": "", "Weathering_Class": "Fresh", "Sample_ID": "DUDHICHUA-006-S10", "Data_Type": "SYNTHETIC_DEMO", "Source_Provenance": "Synthetic borehole interval generated to match GeoVault demonstration corpus" }, "geometry": { "type": "Point", "coordinates": [ 82.736817, 24.134724 ] } },
{ "type": "Feature", "properties": { "Borehole_ID": "DUDHICHUA-BH-007", "Mine_ID": "M-DUDHICHUA", "Mine_Code": "DUDHICHUA", "Mine_Name": "Dudhichua OCP", "Interval_No": 1, "From_Depth_m": 0.0, "To_Depth_m": 18.3, "Thickness_m": 18.3, "Lithology": "Shale", "Stratigraphic_Unit": "Barakar-equivalent demo unit", "Coal_Bearing": "NO", "Coal_Seam": "", "Weathering_Class": "Moderate", "Sample_ID": "DUDHICHUA-007-S01", "Data_Type": "SYNTHETIC_DEMO", "Source_Provenance": "Synthetic borehole interval generated to match GeoVault demonstration corpus" }, "geometry": { "type": "Point", "coordinates": [ 82.701816, 24.155007 ] } },
{ "type": "Feature", "properties": { "Borehole_ID": "DUDHICHUA-BH-007", "Mine_ID": "M-DUDHICHUA", "Mine_Code": "DUDHICHUA", "Mine_Name": "Dudhichua OCP", "Interval_No": 2, "From_Depth_m": 18.3, "To_Depth_m": 36.6, "Thickness_m": 18.3, "Lithology": "Sandstone", "Stratigraphic_Unit": "Underlying sedimentary sequence", "Coal_Bearing": "NO", "Coal_Seam": "", "Weathering_Class": "Moderate", "Sample_ID": "DUDHICHUA-007-S02", "Data_Type": "SYNTHETIC_DEMO", "Source_Provenance": "Synthetic borehole interval generated to match GeoVault demonstration corpus" }, "geometry": { "type": "Point", "coordinates": [ 82.701816, 24.155007 ] } },
{ "type": "Feature", "properties": { "Borehole_ID": "DUDHICHUA-BH-007", "Mine_ID": "M-DUDHICHUA", "Mine_Code": "DUDHICHUA", "Mine_Name": "Dudhichua OCP", "Interval_No": 3, "From_Depth_m": 36.6, "To_Depth_m": 54.9, "Thickness_m": 18.3, "Lithology": "Shale", "Stratigraphic_Unit": "Underlying sedimentary sequence", "Coal_Bearing": "NO", "Coal_Seam": "", "Weathering_Class": "Fresh", "Sample_ID": "DUDHICHUA-007-S03", "Data_Type": "SYNTHETIC_DEMO", "Source_Provenance": "Synthetic borehole interval generated to match GeoVault demonstration corpus" }, "geometry": { "type": "Point", "coordinates": [ 82.701816, 24.155007 ] } },
{ "type": "Feature", "properties": { "Borehole_ID": "DUDHICHUA-BH-007", "Mine_ID": "M-DUDHICHUA", "Mine_Code": "DUDHICHUA", "Mine_Name": "Dudhichua OCP", "Interval_No": 4, "From_Depth_m": 54.9, "To_Depth_m": 73.2, "Thickness_m": 18.3, "Lithology": "Interbedded Sandstone-Shale", "Stratigraphic_Unit": "Coal-bearing sequence", "Coal_Bearing": "NO", "Coal_Seam": "", "Weathering_Class": "Fresh", "Sample_ID": "DUDHICHUA-007-S04", "Data_Type": "SYNTHETIC_DEMO", "Source_Provenance": "Synthetic borehole interval generated to match GeoVault demonstration corpus" }, "geometry": { "type": "Point", "coordinates": [ 82.701816, 24.155007 ] } },
{ "type": "Feature", "properties": { "Borehole_ID": "DUDHICHUA-BH-007", "Mine_ID": "M-DUDHICHUA", "Mine_Code": "DUDHICHUA", "Mine_Name": "Dudhichua OCP", "Interval_No": 5, "From_Depth_m": 73.2, "To_Depth_m": 91.5, "Thickness_m": 18.3, "Lithology": "Mudstone", "Stratigraphic_Unit": "Barakar-equivalent demo unit", "Coal_Bearing": "NO", "Coal_Seam": "", "Weathering_Class": "Fresh", "Sample_ID": "DUDHICHUA-007-S05", "Data_Type": "SYNTHETIC_DEMO", "Source_Provenance": "Synthetic borehole interval generated to match GeoVault demonstration corpus" }, "geometry": { "type": "Point", "coordinates": [ 82.701816, 24.155007 ] } },
{ "type": "Feature", "properties": { "Borehole_ID": "DUDHICHUA-BH-007", "Mine_ID": "M-DUDHICHUA", "Mine_Code": "DUDHICHUA", "Mine_Name": "Dudhichua OCP", "Interval_No": 6, "From_Depth_m": 91.5, "To_Depth_m": 109.8, "Thickness_m": 18.3, "Lithology": "Interbedded Sandstone-Shale", "Stratigraphic_Unit": "Barakar-equivalent demo unit", "Coal_Bearing": "NO", "Coal_Seam": "", "Weathering_Class": "Fresh", "Sample_ID": "DUDHICHUA-007-S06", "Data_Type": "SYNTHETIC_DEMO", "Source_Provenance": "Synthetic borehole interval generated to match GeoVault demonstration corpus" }, "geometry": { "type": "Point", "coordinates": [ 82.701816, 24.155007 ] } },
{ "type": "Feature", "properties": { "Borehole_ID": "DUDHICHUA-BH-007", "Mine_ID": "M-DUDHICHUA", "Mine_Code": "DUDHICHUA", "Mine_Name": "Dudhichua OCP", "Interval_No": 7, "From_Depth_m": 109.8, "To_Depth_m": 128.1, "Thickness_m": 18.3, "Lithology": "Carbonaceous Shale", "Stratigraphic_Unit": "Coal-bearing sequence", "Coal_Bearing": "NO", "Coal_Seam": "", "Weathering_Class": "Fresh", "Sample_ID": "DUDHICHUA-007-S07", "Data_Type": "SYNTHETIC_DEMO", "Source_Provenance": "Synthetic borehole interval generated to match GeoVault demonstration corpus" }, "geometry": { "type": "Point", "coordinates": [ 82.701816, 24.155007 ] } },
{ "type": "Feature", "properties": { "Borehole_ID": "DUDHICHUA-BH-007", "Mine_ID": "M-DUDHICHUA", "Mine_Code": "DUDHICHUA", "Mine_Name": "Dudhichua OCP", "Interval_No": 8, "From_Depth_m": 128.1, "To_Depth_m": 146.4, "Thickness_m": 18.3, "Lithology": "Coal", "Stratigraphic_Unit": "Underlying sedimentary sequence", "Coal_Bearing": "YES", "Coal_Seam": "GV-DUD-S4", "Weathering_Class": "Fresh", "Sample_ID": "DUDHICHUA-007-S08", "Data_Type": "SYNTHETIC_DEMO", "Source_Provenance": "Synthetic borehole interval generated to match GeoVault demonstration corpus" }, "geometry": { "type": "Point", "coordinates": [ 82.701816, 24.155007 ] } },
{ "type": "Feature", "properties": { "Borehole_ID": "DUDHICHUA-BH-007", "Mine_ID": "M-DUDHICHUA", "Mine_Code": "DUDHICHUA", "Mine_Name": "Dudhichua OCP", "Interval_No": 9, "From_Depth_m": 146.4, "To_Depth_m": 164.7, "Thickness_m": 18.3, "Lithology": "Shale", "Stratigraphic_Unit": "Coal-bearing sequence", "Coal_Bearing": "NO", "Coal_Seam": "", "Weathering_Class": "Fresh", "Sample_ID": "DUDHICHUA-007-S09", "Data_Type": "SYNTHETIC_DEMO", "Source_Provenance": "Synthetic borehole interval generated to match GeoVault demonstration corpus" }, "geometry": { "type": "Point", "coordinates": [ 82.701816, 24.155007 ] } },
{ "type": "Feature", "properties": { "Borehole_ID": "DUDHICHUA-BH-007", "Mine_ID": "M-DUDHICHUA", "Mine_Code": "DUDHICHUA", "Mine_Name": "Dudhichua OCP", "Interval_No": 10, "From_Depth_m": 164.7, "To_Depth_m": 183.0, "Thickness_m": 18.3, "Lithology": "Interbedded Sandstone-Shale", "Stratigraphic_Unit": "Underlying sedimentary sequence", "Coal_Bearing": "NO", "Coal_Seam": "", "Weathering_Class": "Fresh", "Sample_ID": "DUDHICHUA-007-S10", "Data_Type": "SYNTHETIC_DEMO", "Source_Provenance": "Synthetic borehole interval generated to match GeoVault demonstration corpus" }, "geometry": { "type": "Point", "coordinates": [ 82.701816, 24.155007 ] } },
{ "type": "Feature", "properties": { "Borehole_ID": "DUDHICHUA-BH-008", "Mine_ID": "M-DUDHICHUA", "Mine_Code": "DUDHICHUA", "Mine_Name": "Dudhichua OCP", "Interval_No": 1, "From_Depth_m": 0.0, "To_Depth_m": 9.37, "Thickness_m": 9.37, "Lithology": "Mudstone", "Stratigraphic_Unit": "Coal-bearing sequence", "Coal_Bearing": "NO", "Coal_Seam": "", "Weathering_Class": "Moderate", "Sample_ID": "DUDHICHUA-008-S01", "Data_Type": "SYNTHETIC_DEMO", "Source_Provenance": "Synthetic borehole interval generated to match GeoVault demonstration corpus" }, "geometry": { "type": "Point", "coordinates": [ 82.684763, 24.124017 ] } },
{ "type": "Feature", "properties": { "Borehole_ID": "DUDHICHUA-BH-008", "Mine_ID": "M-DUDHICHUA", "Mine_Code": "DUDHICHUA", "Mine_Name": "Dudhichua OCP", "Interval_No": 2, "From_Depth_m": 9.37, "To_Depth_m": 18.74, "Thickness_m": 9.37, "Lithology": "Interbedded Sandstone-Shale", "Stratigraphic_Unit": "Underlying sedimentary sequence", "Coal_Bearing": "NO", "Coal_Seam": "", "Weathering_Class": "Slight", "Sample_ID": "DUDHICHUA-008-S02", "Data_Type": "SYNTHETIC_DEMO", "Source_Provenance": "Synthetic borehole interval generated to match GeoVault demonstration corpus" }, "geometry": { "type": "Point", "coordinates": [ 82.684763, 24.124017 ] } },
{ "type": "Feature", "properties": { "Borehole_ID": "DUDHICHUA-BH-008", "Mine_ID": "M-DUDHICHUA", "Mine_Code": "DUDHICHUA", "Mine_Name": "Dudhichua OCP", "Interval_No": 3, "From_Depth_m": 18.74, "To_Depth_m": 28.11, "Thickness_m": 9.37, "Lithology": "Carbonaceous Shale", "Stratigraphic_Unit": "Barakar-equivalent demo unit", "Coal_Bearing": "NO", "Coal_Seam": "", "Weathering_Class": "Slight", "Sample_ID": "DUDHICHUA-008-S03", "Data_Type": "SYNTHETIC_DEMO", "Source_Provenance": "Synthetic borehole interval generated to match GeoVault demonstration corpus" }, "geometry": { "type": "Point", "coordinates": [ 82.684763, 24.124017 ] } },
{ "type": "Feature", "properties": { "Borehole_ID": "DUDHICHUA-BH-008", "Mine_ID": "M-DUDHICHUA", "Mine_Code": "DUDHICHUA", "Mine_Name": "Dudhichua OCP", "Interval_No": 4, "From_Depth_m": 28.11, "To_Depth_m": 37.48, "Thickness_m": 9.37, "Lithology": "Coal", "Stratigraphic_Unit": "Coal-bearing sequence", "Coal_Bearing": "YES", "Coal_Seam": "GV-DUD-S3", "Weathering_Class": "Fresh", "Sample_ID": "DUDHICHUA-008-S04", "Data_Type": "SYNTHETIC_DEMO", "Source_Provenance": "Synthetic borehole interval generated to match GeoVault demonstration corpus" }, "geometry": { "type": "Point", "coordinates": [ 82.684763, 24.124017 ] } },
{ "type": "Feature", "properties": { "Borehole_ID": "DUDHICHUA-BH-008", "Mine_ID": "M-DUDHICHUA", "Mine_Code": "DUDHICHUA", "Mine_Name": "Dudhichua OCP", "Interval_No": 5, "From_Depth_m": 37.48, "To_Depth_m": 46.85, "Thickness_m": 9.37, "Lithology": "Sandstone", "Stratigraphic_Unit": "Underlying sedimentary sequence", "Coal_Bearing": "NO", "Coal_Seam": "", "Weathering_Class": "Fresh", "Sample_ID": "DUDHICHUA-008-S05", "Data_Type": "SYNTHETIC_DEMO", "Source_Provenance": "Synthetic borehole interval generated to match GeoVault demonstration corpus" }, "geometry": { "type": "Point", "coordinates": [ 82.684763, 24.124017 ] } },
{ "type": "Feature", "properties": { "Borehole_ID": "DUDHICHUA-BH-008", "Mine_ID": "M-DUDHICHUA", "Mine_Code": "DUDHICHUA", "Mine_Name": "Dudhichua OCP", "Interval_No": 6, "From_Depth_m": 46.85, "To_Depth_m": 56.22, "Thickness_m": 9.37, "Lithology": "Siltstone", "Stratigraphic_Unit": "Overburden", "Coal_Bearing": "NO", "Coal_Seam": "", "Weathering_Class": "Fresh", "Sample_ID": "DUDHICHUA-008-S06", "Data_Type": "SYNTHETIC_DEMO", "Source_Provenance": "Synthetic borehole interval generated to match GeoVault demonstration corpus" }, "geometry": { "type": "Point", "coordinates": [ 82.684763, 24.124017 ] } },
{ "type": "Feature", "properties": { "Borehole_ID": "DUDHICHUA-BH-008", "Mine_ID": "M-DUDHICHUA", "Mine_Code": "DUDHICHUA", "Mine_Name": "Dudhichua OCP", "Interval_No": 7, "From_Depth_m": 56.22, "To_Depth_m": 65.59, "Thickness_m": 9.37, "Lithology": "Interbedded Sandstone-Shale", "Stratigraphic_Unit": "Overburden", "Coal_Bearing": "NO", "Coal_Seam": "", "Weathering_Class": "Fresh", "Sample_ID": "DUDHICHUA-008-S07", "Data_Type": "SYNTHETIC_DEMO", "Source_Provenance": "Synthetic borehole interval generated to match GeoVault demonstration corpus" }, "geometry": { "type": "Point", "coordinates": [ 82.684763, 24.124017 ] } },
{ "type": "Feature", "properties": { "Borehole_ID": "DUDHICHUA-BH-008", "Mine_ID": "M-DUDHICHUA", "Mine_Code": "DUDHICHUA", "Mine_Name": "Dudhichua OCP", "Interval_No": 8, "From_Depth_m": 65.59, "To_Depth_m": 74.96, "Thickness_m": 9.37, "Lithology": "Siltstone", "Stratigraphic_Unit": "Overburden", "Coal_Bearing": "NO", "Coal_Seam": "", "Weathering_Class": "Fresh", "Sample_ID": "DUDHICHUA-008-S08", "Data_Type": "SYNTHETIC_DEMO", "Source_Provenance": "Synthetic borehole interval generated to match GeoVault demonstration corpus" }, "geometry": { "type": "Point", "coordinates": [ 82.684763, 24.124017 ] } },
{ "type": "Feature", "properties": { "Borehole_ID": "DUDHICHUA-BH-008", "Mine_ID": "M-DUDHICHUA", "Mine_Code": "DUDHICHUA", "Mine_Name": "Dudhichua OCP", "Interval_No": 9, "From_Depth_m": 74.96, "To_Depth_m": 84.33, "Thickness_m": 9.37, "Lithology": "Shale", "Stratigraphic_Unit": "Coal-bearing sequence", "Coal_Bearing": "NO", "Coal_Seam": "", "Weathering_Class": "Fresh", "Sample_ID": "DUDHICHUA-008-S09", "Data_Type": "SYNTHETIC_DEMO", "Source_Provenance": "Synthetic borehole interval generated to match GeoVault demonstration corpus" }, "geometry": { "type": "Point", "coordinates": [ 82.684763, 24.124017 ] } },
{ "type": "Feature", "properties": { "Borehole_ID": "DUDHICHUA-BH-008", "Mine_ID": "M-DUDHICHUA", "Mine_Code": "DUDHICHUA", "Mine_Name": "Dudhichua OCP", "Interval_No": 10, "From_Depth_m": 84.33, "To_Depth_m": 93.7, "Thickness_m": 9.37, "Lithology": "Mudstone", "Stratigraphic_Unit": "Barakar-equivalent demo unit", "Coal_Bearing": "NO", "Coal_Seam": "", "Weathering_Class": "Fresh", "Sample_ID": "DUDHICHUA-008-S10", "Data_Type": "SYNTHETIC_DEMO", "Source_Provenance": "Synthetic borehole interval generated to match GeoVault demonstration corpus" }, "geometry": { "type": "Point", "coordinates": [ 82.684763, 24.124017 ] } },
{ "type": "Feature", "properties": { "Borehole_ID": "DUDHICHUA-BH-009", "Mine_ID": "M-DUDHICHUA", "Mine_Code": "DUDHICHUA", "Mine_Name": "Dudhichua OCP", "Interval_No": 1, "From_Depth_m": 0.0, "To_Depth_m": 21.47, "Thickness_m": 21.47, "Lithology": "Mudstone", "Stratigraphic_Unit": "Overburden", "Coal_Bearing": "NO", "Coal_Seam": "", "Weathering_Class": "Slight", "Sample_ID": "DUDHICHUA-009-S01", "Data_Type": "SYNTHETIC_DEMO", "Source_Provenance": "Synthetic borehole interval generated to match GeoVault demonstration corpus" }, "geometry": { "type": "Point", "coordinates": [ 82.73848, 24.12518 ] } },
{ "type": "Feature", "properties": { "Borehole_ID": "DUDHICHUA-BH-009", "Mine_ID": "M-DUDHICHUA", "Mine_Code": "DUDHICHUA", "Mine_Name": "Dudhichua OCP", "Interval_No": 2, "From_Depth_m": 21.47, "To_Depth_m": 42.94, "Thickness_m": 21.47, "Lithology": "Mudstone", "Stratigraphic_Unit": "Coal-bearing sequence", "Coal_Bearing": "NO", "Coal_Seam": "", "Weathering_Class": "Slight", "Sample_ID": "DUDHICHUA-009-S02", "Data_Type": "SYNTHETIC_DEMO", "Source_Provenance": "Synthetic borehole interval generated to match GeoVault demonstration corpus" }, "geometry": { "type": "Point", "coordinates": [ 82.73848, 24.12518 ] } },
{ "type": "Feature", "properties": { "Borehole_ID": "DUDHICHUA-BH-009", "Mine_ID": "M-DUDHICHUA", "Mine_Code": "DUDHICHUA", "Mine_Name": "Dudhichua OCP", "Interval_No": 3, "From_Depth_m": 42.94, "To_Depth_m": 64.41, "Thickness_m": 21.47, "Lithology": "Carbonaceous Shale", "Stratigraphic_Unit": "Underlying sedimentary sequence", "Coal_Bearing": "NO", "Coal_Seam": "", "Weathering_Class": "Fresh", "Sample_ID": "DUDHICHUA-009-S03", "Data_Type": "SYNTHETIC_DEMO", "Source_Provenance": "Synthetic borehole interval generated to match GeoVault demonstration corpus" }, "geometry": { "type": "Point", "coordinates": [ 82.73848, 24.12518 ] } },
{ "type": "Feature", "properties": { "Borehole_ID": "DUDHICHUA-BH-009", "Mine_ID": "M-DUDHICHUA", "Mine_Code": "DUDHICHUA", "Mine_Name": "Dudhichua OCP", "Interval_No": 4, "From_Depth_m": 64.41, "To_Depth_m": 85.88, "Thickness_m": 21.47, "Lithology": "Coal", "Stratigraphic_Unit": "Overburden", "Coal_Bearing": "YES", "Coal_Seam": "GV-DUD-S1", "Weathering_Class": "Fresh", "Sample_ID": "DUDHICHUA-009-S04", "Data_Type": "SYNTHETIC_DEMO", "Source_Provenance": "Synthetic borehole interval generated to match GeoVault demonstration corpus" }, "geometry": { "type": "Point", "coordinates": [ 82.73848, 24.12518 ] } },
{ "type": "Feature", "properties": { "Borehole_ID": "DUDHICHUA-BH-009", "Mine_ID": "M-DUDHICHUA", "Mine_Code": "DUDHICHUA", "Mine_Name": "Dudhichua OCP", "Interval_No": 5, "From_Depth_m": 85.88, "To_Depth_m": 107.35, "Thickness_m": 21.47, "Lithology": "Mudstone", "Stratigraphic_Unit": "Coal-bearing sequence", "Coal_Bearing": "NO", "Coal_Seam": "", "Weathering_Class": "Fresh", "Sample_ID": "DUDHICHUA-009-S05", "Data_Type": "SYNTHETIC_DEMO", "Source_Provenance": "Synthetic borehole interval generated to match GeoVault demonstration corpus" }, "geometry": { "type": "Point", "coordinates": [ 82.73848, 24.12518 ] } },
{ "type": "Feature", "properties": { "Borehole_ID": "DUDHICHUA-BH-009", "Mine_ID": "M-DUDHICHUA", "Mine_Code": "DUDHICHUA", "Mine_Name": "Dudhichua OCP", "Interval_No": 6, "From_Depth_m": 107.35, "To_Depth_m": 128.82, "Thickness_m": 21.47, "Lithology": "Shale", "Stratigraphic_Unit": "Underlying sedimentary sequence", "Coal_Bearing": "NO", "Coal_Seam": "", "Weathering_Class": "Fresh", "Sample_ID": "DUDHICHUA-009-S06", "Data_Type": "SYNTHETIC_DEMO", "Source_Provenance": "Synthetic borehole interval generated to match GeoVault demonstration corpus" }, "geometry": { "type": "Point", "coordinates": [ 82.73848, 24.12518 ] } },
{ "type": "Feature", "properties": { "Borehole_ID": "DUDHICHUA-BH-009", "Mine_ID": "M-DUDHICHUA", "Mine_Code": "DUDHICHUA", "Mine_Name": "Dudhichua OCP", "Interval_No": 7, "From_Depth_m": 128.82, "To_Depth_m": 150.29, "Thickness_m": 21.47, "Lithology": "Sandstone", "Stratigraphic_Unit": "Coal-bearing sequence", "Coal_Bearing": "NO", "Coal_Seam": "", "Weathering_Class": "Fresh", "Sample_ID": "DUDHICHUA-009-S07", "Data_Type": "SYNTHETIC_DEMO", "Source_Provenance": "Synthetic borehole interval generated to match GeoVault demonstration corpus" }, "geometry": { "type": "Point", "coordinates": [ 82.73848, 24.12518 ] } },
{ "type": "Feature", "properties": { "Borehole_ID": "DUDHICHUA-BH-009", "Mine_ID": "M-DUDHICHUA", "Mine_Code": "DUDHICHUA", "Mine_Name": "Dudhichua OCP", "Interval_No": 8, "From_Depth_m": 150.29, "To_Depth_m": 171.76, "Thickness_m": 21.47, "Lithology": "Shale", "Stratigraphic_Unit": "Overburden", "Coal_Bearing": "NO", "Coal_Seam": "", "Weathering_Class": "Fresh", "Sample_ID": "DUDHICHUA-009-S08", "Data_Type": "SYNTHETIC_DEMO", "Source_Provenance": "Synthetic borehole interval generated to match GeoVault demonstration corpus" }, "geometry": { "type": "Point", "coordinates": [ 82.73848, 24.12518 ] } },
{ "type": "Feature", "properties": { "Borehole_ID": "DUDHICHUA-BH-009", "Mine_ID": "M-DUDHICHUA", "Mine_Code": "DUDHICHUA", "Mine_Name": "Dudhichua OCP", "Interval_No": 9, "From_Depth_m": 171.76, "To_Depth_m": 193.23, "Thickness_m": 21.47, "Lithology": "Siltstone", "Stratigraphic_Unit": "Overburden", "Coal_Bearing": "NO", "Coal_Seam": "", "Weathering_Class": "Fresh", "Sample_ID": "DUDHICHUA-009-S09", "Data_Type": "SYNTHETIC_DEMO", "Source_Provenance": "Synthetic borehole interval generated to match GeoVault demonstration corpus" }, "geometry": { "type": "Point", "coordinates": [ 82.73848, 24.12518 ] } },
{ "type": "Feature", "properties": { "Borehole_ID": "DUDHICHUA-BH-009", "Mine_ID": "M-DUDHICHUA", "Mine_Code": "DUDHICHUA", "Mine_Name": "Dudhichua OCP", "Interval_No": 10, "From_Depth_m": 193.23, "To_Depth_m": 214.7, "Thickness_m": 21.47, "Lithology": "Siltstone", "Stratigraphic_Unit": "Barakar-equivalent demo unit", "Coal_Bearing": "NO", "Coal_Seam": "", "Weathering_Class": "Fresh", "Sample_ID": "DUDHICHUA-009-S10", "Data_Type": "SYNTHETIC_DEMO", "Source_Provenance": "Synthetic borehole interval generated to match GeoVault demonstration corpus" }, "geometry": { "type": "Point", "coordinates": [ 82.73848, 24.12518 ] } },
{ "type": "Feature", "properties": { "Borehole_ID": "DUDHICHUA-BH-010", "Mine_ID": "M-DUDHICHUA", "Mine_Code": "DUDHICHUA", "Mine_Name": "Dudhichua OCP", "Interval_No": 1, "From_Depth_m": 0.0, "To_Depth_m": 14.52, "Thickness_m": 14.52, "Lithology": "Shale", "Stratigraphic_Unit": "Overburden", "Coal_Bearing": "NO", "Coal_Seam": "", "Weathering_Class": "Moderate", "Sample_ID": "DUDHICHUA-010-S01", "Data_Type": "SYNTHETIC_DEMO", "Source_Provenance": "Synthetic borehole interval generated to match GeoVault demonstration corpus" }, "geometry": { "type": "Point", "coordinates": [ 82.689753, 24.159594 ] } },
{ "type": "Feature", "properties": { "Borehole_ID": "DUDHICHUA-BH-010", "Mine_ID": "M-DUDHICHUA", "Mine_Code": "DUDHICHUA", "Mine_Name": "Dudhichua OCP", "Interval_No": 2, "From_Depth_m": 14.52, "To_Depth_m": 29.04, "Thickness_m": 14.52, "Lithology": "Mudstone", "Stratigraphic_Unit": "Barakar-equivalent demo unit", "Coal_Bearing": "NO", "Coal_Seam": "", "Weathering_Class": "Moderate", "Sample_ID": "DUDHICHUA-010-S02", "Data_Type": "SYNTHETIC_DEMO", "Source_Provenance": "Synthetic borehole interval generated to match GeoVault demonstration corpus" }, "geometry": { "type": "Point", "coordinates": [ 82.689753, 24.159594 ] } },
{ "type": "Feature", "properties": { "Borehole_ID": "DUDHICHUA-BH-010", "Mine_ID": "M-DUDHICHUA", "Mine_Code": "DUDHICHUA", "Mine_Name": "Dudhichua OCP", "Interval_No": 3, "From_Depth_m": 29.04, "To_Depth_m": 43.56, "Thickness_m": 14.52, "Lithology": "Mudstone", "Stratigraphic_Unit": "Overburden", "Coal_Bearing": "NO", "Coal_Seam": "", "Weathering_Class": "Fresh", "Sample_ID": "DUDHICHUA-010-S03", "Data_Type": "SYNTHETIC_DEMO", "Source_Provenance": "Synthetic borehole interval generated to match GeoVault demonstration corpus" }, "geometry": { "type": "Point", "coordinates": [ 82.689753, 24.159594 ] } },
{ "type": "Feature", "properties": { "Borehole_ID": "DUDHICHUA-BH-010", "Mine_ID": "M-DUDHICHUA", "Mine_Code": "DUDHICHUA", "Mine_Name": "Dudhichua OCP", "Interval_No": 4, "From_Depth_m": 43.56, "To_Depth_m": 58.08, "Thickness_m": 14.52, "Lithology": "Sandstone", "Stratigraphic_Unit": "Overburden", "Coal_Bearing": "NO", "Coal_Seam": "", "Weathering_Class": "Fresh", "Sample_ID": "DUDHICHUA-010-S04", "Data_Type": "SYNTHETIC_DEMO", "Source_Provenance": "Synthetic borehole interval generated to match GeoVault demonstration corpus" }, "geometry": { "type": "Point", "coordinates": [ 82.689753, 24.159594 ] } },
{ "type": "Feature", "properties": { "Borehole_ID": "DUDHICHUA-BH-010", "Mine_ID": "M-DUDHICHUA", "Mine_Code": "DUDHICHUA", "Mine_Name": "Dudhichua OCP", "Interval_No": 5, "From_Depth_m": 58.08, "To_Depth_m": 72.6, "Thickness_m": 14.52, "Lithology": "Carbonaceous Shale", "Stratigraphic_Unit": "Coal-bearing sequence", "Coal_Bearing": "NO", "Coal_Seam": "", "Weathering_Class": "Fresh", "Sample_ID": "DUDHICHUA-010-S05", "Data_Type": "SYNTHETIC_DEMO", "Source_Provenance": "Synthetic borehole interval generated to match GeoVault demonstration corpus" }, "geometry": { "type": "Point", "coordinates": [ 82.689753, 24.159594 ] } },
{ "type": "Feature", "properties": { "Borehole_ID": "DUDHICHUA-BH-010", "Mine_ID": "M-DUDHICHUA", "Mine_Code": "DUDHICHUA", "Mine_Name": "Dudhichua OCP", "Interval_No": 6, "From_Depth_m": 72.6, "To_Depth_m": 87.12, "Thickness_m": 14.52, "Lithology": "Coal", "Stratigraphic_Unit": "Barakar-equivalent demo unit", "Coal_Bearing": "YES", "Coal_Seam": "GV-DUD-S4", "Weathering_Class": "Fresh", "Sample_ID": "DUDHICHUA-010-S06", "Data_Type": "SYNTHETIC_DEMO", "Source_Provenance": "Synthetic borehole interval generated to match GeoVault demonstration corpus" }, "geometry": { "type": "Point", "coordinates": [ 82.689753, 24.159594 ] } },
{ "type": "Feature", "properties": { "Borehole_ID": "DUDHICHUA-BH-010", "Mine_ID": "M-DUDHICHUA", "Mine_Code": "DUDHICHUA", "Mine_Name": "Dudhichua OCP", "Interval_No": 7, "From_Depth_m": 87.12, "To_Depth_m": 101.64, "Thickness_m": 14.52, "Lithology": "Shale", "Stratigraphic_Unit": "Underlying sedimentary sequence", "Coal_Bearing": "NO", "Coal_Seam": "", "Weathering_Class": "Fresh", "Sample_ID": "DUDHICHUA-010-S07", "Data_Type": "SYNTHETIC_DEMO", "Source_Provenance": "Synthetic borehole interval generated to match GeoVault demonstration corpus" }, "geometry": { "type": "Point", "coordinates": [ 82.689753, 24.159594 ] } },
{ "type": "Feature", "properties": { "Borehole_ID": "DUDHICHUA-BH-010", "Mine_ID": "M-DUDHICHUA", "Mine_Code": "DUDHICHUA", "Mine_Name": "Dudhichua OCP", "Interval_No": 8, "From_Depth_m": 101.64, "To_Depth_m": 116.16, "Thickness_m": 14.52, "Lithology": "Sandstone", "Stratigraphic_Unit": "Coal-bearing sequence", "Coal_Bearing": "NO", "Coal_Seam": "", "Weathering_Class": "Fresh", "Sample_ID": "DUDHICHUA-010-S08", "Data_Type": "SYNTHETIC_DEMO", "Source_Provenance": "Synthetic borehole interval generated to match GeoVault demonstration corpus" }, "geometry": { "type": "Point", "coordinates": [ 82.689753, 24.159594 ] } },
{ "type": "Feature", "properties": { "Borehole_ID": "DUDHICHUA-BH-010", "Mine_ID": "M-DUDHICHUA", "Mine_Code": "DUDHICHUA", "Mine_Name": "Dudhichua OCP", "Interval_No": 9, "From_Depth_m": 116.16, "To_Depth_m": 130.68, "Thickness_m": 14.52, "Lithology": "Shale", "Stratigraphic_Unit": "Coal-bearing sequence", "Coal_Bearing": "NO", "Coal_Seam": "", "Weathering_Class": "Fresh", "Sample_ID": "DUDHICHUA-010-S09", "Data_Type": "SYNTHETIC_DEMO", "Source_Provenance": "Synthetic borehole interval generated to match GeoVault demonstration corpus" }, "geometry": { "type": "Point", "coordinates": [ 82.689753, 24.159594 ] } },
{ "type": "Feature", "properties": { "Borehole_ID": "DUDHICHUA-BH-010", "Mine_ID": "M-DUDHICHUA", "Mine_Code": "DUDHICHUA", "Mine_Name": "Dudhichua OCP", "Interval_No": 10, "From_Depth_m": 130.68, "To_Depth_m": 145.2, "Thickness_m": 14.52, "Lithology": "Sandstone", "Stratigraphic_Unit": "Overburden", "Coal_Bearing": "NO", "Coal_Seam": "", "Weathering_Class": "Fresh", "Sample_ID": "DUDHICHUA-010-S10", "Data_Type": "SYNTHETIC_DEMO", "Source_Provenance": "Synthetic borehole interval generated to match GeoVault demonstration corpus" }, "geometry": { "type": "Point", "coordinates": [ 82.689753, 24.159594 ] } },
{ "type": "Feature", "properties": { "Borehole_ID": "DUDHICHUA-BH-011", "Mine_ID": "M-DUDHICHUA", "Mine_Code": "DUDHICHUA", "Mine_Name": "Dudhichua OCP", "Interval_No": 1, "From_Depth_m": 0.0, "To_Depth_m": 23.22, "Thickness_m": 23.22, "Lithology": "Shale", "Stratigraphic_Unit": "Underlying sedimentary sequence", "Coal_Bearing": "NO", "Coal_Seam": "", "Weathering_Class": "Moderate", "Sample_ID": "DUDHICHUA-011-S01", "Data_Type": "SYNTHETIC_DEMO", "Source_Provenance": "Synthetic borehole interval generated to match GeoVault demonstration corpus" }, "geometry": { "type": "Point", "coordinates": [ 82.734214, 24.135543 ] } },
{ "type": "Feature", "properties": { "Borehole_ID": "DUDHICHUA-BH-011", "Mine_ID": "M-DUDHICHUA", "Mine_Code": "DUDHICHUA", "Mine_Name": "Dudhichua OCP", "Interval_No": 2, "From_Depth_m": 23.22, "To_Depth_m": 46.44, "Thickness_m": 23.22, "Lithology": "Sandstone", "Stratigraphic_Unit": "Overburden", "Coal_Bearing": "NO", "Coal_Seam": "", "Weathering_Class": "Moderate", "Sample_ID": "DUDHICHUA-011-S02", "Data_Type": "SYNTHETIC_DEMO", "Source_Provenance": "Synthetic borehole interval generated to match GeoVault demonstration corpus" }, "geometry": { "type": "Point", "coordinates": [ 82.734214, 24.135543 ] } },
{ "type": "Feature", "properties": { "Borehole_ID": "DUDHICHUA-BH-011", "Mine_ID": "M-DUDHICHUA", "Mine_Code": "DUDHICHUA", "Mine_Name": "Dudhichua OCP", "Interval_No": 3, "From_Depth_m": 46.44, "To_Depth_m": 69.66, "Thickness_m": 23.22, "Lithology": "Interbedded Sandstone-Shale", "Stratigraphic_Unit": "Overburden", "Coal_Bearing": "NO", "Coal_Seam": "", "Weathering_Class": "Fresh", "Sample_ID": "DUDHICHUA-011-S03", "Data_Type": "SYNTHETIC_DEMO", "Source_Provenance": "Synthetic borehole interval generated to match GeoVault demonstration corpus" }, "geometry": { "type": "Point", "coordinates": [ 82.734214, 24.135543 ] } },
{ "type": "Feature", "properties": { "Borehole_ID": "DUDHICHUA-BH-011", "Mine_ID": "M-DUDHICHUA", "Mine_Code": "DUDHICHUA", "Mine_Name": "Dudhichua OCP", "Interval_No": 4, "From_Depth_m": 69.66, "To_Depth_m": 92.88, "Thickness_m": 23.22, "Lithology": "Interbedded Sandstone-Shale", "Stratigraphic_Unit": "Barakar-equivalent demo unit", "Coal_Bearing": "NO", "Coal_Seam": "", "Weathering_Class": "Fresh", "Sample_ID": "DUDHICHUA-011-S04", "Data_Type": "SYNTHETIC_DEMO", "Source_Provenance": "Synthetic borehole interval generated to match GeoVault demonstration corpus" }, "geometry": { "type": "Point", "coordinates": [ 82.734214, 24.135543 ] } },
{ "type": "Feature", "properties": { "Borehole_ID": "DUDHICHUA-BH-011", "Mine_ID": "M-DUDHICHUA", "Mine_Code": "DUDHICHUA", "Mine_Name": "Dudhichua OCP", "Interval_No": 5, "From_Depth_m": 92.88, "To_Depth_m": 116.1, "Thickness_m": 23.22, "Lithology": "Shale", "Stratigraphic_Unit": "Coal-bearing sequence", "Coal_Bearing": "NO", "Coal_Seam": "", "Weathering_Class": "Fresh", "Sample_ID": "DUDHICHUA-011-S05", "Data_Type": "SYNTHETIC_DEMO", "Source_Provenance": "Synthetic borehole interval generated to match GeoVault demonstration corpus" }, "geometry": { "type": "Point", "coordinates": [ 82.734214, 24.135543 ] } },
{ "type": "Feature", "properties": { "Borehole_ID": "DUDHICHUA-BH-011", "Mine_ID": "M-DUDHICHUA", "Mine_Code": "DUDHICHUA", "Mine_Name": "Dudhichua OCP", "Interval_No": 6, "From_Depth_m": 116.1, "To_Depth_m": 139.32, "Thickness_m": 23.22, "Lithology": "Mudstone", "Stratigraphic_Unit": "Overburden", "Coal_Bearing": "NO", "Coal_Seam": "", "Weathering_Class": "Fresh", "Sample_ID": "DUDHICHUA-011-S06", "Data_Type": "SYNTHETIC_DEMO", "Source_Provenance": "Synthetic borehole interval generated to match GeoVault demonstration corpus" }, "geometry": { "type": "Point", "coordinates": [ 82.734214, 24.135543 ] } },
{ "type": "Feature", "properties": { "Borehole_ID": "DUDHICHUA-BH-011", "Mine_ID": "M-DUDHICHUA", "Mine_Code": "DUDHICHUA", "Mine_Name": "Dudhichua OCP", "Interval_No": 7, "From_Depth_m": 139.32, "To_Depth_m": 162.54, "Thickness_m": 23.22, "Lithology": "Carbonaceous Shale", "Stratigraphic_Unit": "Coal-bearing sequence", "Coal_Bearing": "NO", "Coal_Seam": "", "Weathering_Class": "Fresh", "Sample_ID": "DUDHICHUA-011-S07", "Data_Type": "SYNTHETIC_DEMO", "Source_Provenance": "Synthetic borehole interval generated to match GeoVault demonstration corpus" }, "geometry": { "type": "Point", "coordinates": [ 82.734214, 24.135543 ] } },
{ "type": "Feature", "properties": { "Borehole_ID": "DUDHICHUA-BH-011", "Mine_ID": "M-DUDHICHUA", "Mine_Code": "DUDHICHUA", "Mine_Name": "Dudhichua OCP", "Interval_No": 8, "From_Depth_m": 162.54, "To_Depth_m": 185.76, "Thickness_m": 23.22, "Lithology": "Coal", "Stratigraphic_Unit": "Barakar-equivalent demo unit", "Coal_Bearing": "YES", "Coal_Seam": "GV-DUD-S1", "Weathering_Class": "Fresh", "Sample_ID": "DUDHICHUA-011-S08", "Data_Type": "SYNTHETIC_DEMO", "Source_Provenance": "Synthetic borehole interval generated to match GeoVault demonstration corpus" }, "geometry": { "type": "Point", "coordinates": [ 82.734214, 24.135543 ] } },
{ "type": "Feature", "properties": { "Borehole_ID": "DUDHICHUA-BH-011", "Mine_ID": "M-DUDHICHUA", "Mine_Code": "DUDHICHUA", "Mine_Name": "Dudhichua OCP", "Interval_No": 9, "From_Depth_m": 185.76, "To_Depth_m": 208.98, "Thickness_m": 23.22, "Lithology": "Interbedded Sandstone-Shale", "Stratigraphic_Unit": "Underlying sedimentary sequence", "Coal_Bearing": "NO", "Coal_Seam": "", "Weathering_Class": "Fresh", "Sample_ID": "DUDHICHUA-011-S09", "Data_Type": "SYNTHETIC_DEMO", "Source_Provenance": "Synthetic borehole interval generated to match GeoVault demonstration corpus" }, "geometry": { "type": "Point", "coordinates": [ 82.734214, 24.135543 ] } },
{ "type": "Feature", "properties": { "Borehole_ID": "DUDHICHUA-BH-011", "Mine_ID": "M-DUDHICHUA", "Mine_Code": "DUDHICHUA", "Mine_Name": "Dudhichua OCP", "Interval_No": 10, "From_Depth_m": 208.98, "To_Depth_m": 232.2, "Thickness_m": 23.22, "Lithology": "Shale", "Stratigraphic_Unit": "Overburden", "Coal_Bearing": "NO", "Coal_Seam": "", "Weathering_Class": "Fresh", "Sample_ID": "DUDHICHUA-011-S10", "Data_Type": "SYNTHETIC_DEMO", "Source_Provenance": "Synthetic borehole interval generated to match GeoVault demonstration corpus" }, "geometry": { "type": "Point", "coordinates": [ 82.734214, 24.135543 ] } },
{ "type": "Feature", "properties": { "Borehole_ID": "DUDHICHUA-BH-012", "Mine_ID": "M-DUDHICHUA", "Mine_Code": "DUDHICHUA", "Mine_Name": "Dudhichua OCP", "Interval_No": 1, "From_Depth_m": 0.0, "To_Depth_m": 18.67, "Thickness_m": 18.67, "Lithology": "Interbedded Sandstone-Shale", "Stratigraphic_Unit": "Coal-bearing sequence", "Coal_Bearing": "NO", "Coal_Seam": "", "Weathering_Class": "Slight", "Sample_ID": "DUDHICHUA-012-S01", "Data_Type": "SYNTHETIC_DEMO", "Source_Provenance": "Synthetic borehole interval generated to match GeoVault demonstration corpus" }, "geometry": { "type": "Point", "coordinates": [ 82.724638, 24.160282 ] } },
{ "type": "Feature", "properties": { "Borehole_ID": "DUDHICHUA-BH-012", "Mine_ID": "M-DUDHICHUA", "Mine_Code": "DUDHICHUA", "Mine_Name": "Dudhichua OCP", "Interval_No": 2, "From_Depth_m": 18.67, "To_Depth_m": 37.34, "Thickness_m": 18.67, "Lithology": "Interbedded Sandstone-Shale", "Stratigraphic_Unit": "Overburden", "Coal_Bearing": "NO", "Coal_Seam": "", "Weathering_Class": "Moderate", "Sample_ID": "DUDHICHUA-012-S02", "Data_Type": "SYNTHETIC_DEMO", "Source_Provenance": "Synthetic borehole interval generated to match GeoVault demonstration corpus" }, "geometry": { "type": "Point", "coordinates": [ 82.724638, 24.160282 ] } },
{ "type": "Feature", "properties": { "Borehole_ID": "DUDHICHUA-BH-012", "Mine_ID": "M-DUDHICHUA", "Mine_Code": "DUDHICHUA", "Mine_Name": "Dudhichua OCP", "Interval_No": 3, "From_Depth_m": 37.34, "To_Depth_m": 56.01, "Thickness_m": 18.67, "Lithology": "Mudstone", "Stratigraphic_Unit": "Overburden", "Coal_Bearing": "NO", "Coal_Seam": "", "Weathering_Class": "Fresh", "Sample_ID": "DUDHICHUA-012-S03", "Data_Type": "SYNTHETIC_DEMO", "Source_Provenance": "Synthetic borehole interval generated to match GeoVault demonstration corpus" }, "geometry": { "type": "Point", "coordinates": [ 82.724638, 24.160282 ] } },
{ "type": "Feature", "properties": { "Borehole_ID": "DUDHICHUA-BH-012", "Mine_ID": "M-DUDHICHUA", "Mine_Code": "DUDHICHUA", "Mine_Name": "Dudhichua OCP", "Interval_No": 4, "From_Depth_m": 56.01, "To_Depth_m": 74.68, "Thickness_m": 18.67, "Lithology": "Mudstone", "Stratigraphic_Unit": "Coal-bearing sequence", "Coal_Bearing": "NO", "Coal_Seam": "", "Weathering_Class": "Fresh", "Sample_ID": "DUDHICHUA-012-S04", "Data_Type": "SYNTHETIC_DEMO", "Source_Provenance": "Synthetic borehole interval generated to match GeoVault demonstration corpus" }, "geometry": { "type": "Point", "coordinates": [ 82.724638, 24.160282 ] } },
{ "type": "Feature", "properties": { "Borehole_ID": "DUDHICHUA-BH-012", "Mine_ID": "M-DUDHICHUA", "Mine_Code": "DUDHICHUA", "Mine_Name": "Dudhichua OCP", "Interval_No": 5, "From_Depth_m": 74.68, "To_Depth_m": 93.35, "Thickness_m": 18.67, "Lithology": "Siltstone", "Stratigraphic_Unit": "Overburden", "Coal_Bearing": "NO", "Coal_Seam": "", "Weathering_Class": "Fresh", "Sample_ID": "DUDHICHUA-012-S05", "Data_Type": "SYNTHETIC_DEMO", "Source_Provenance": "Synthetic borehole interval generated to match GeoVault demonstration corpus" }, "geometry": { "type": "Point", "coordinates": [ 82.724638, 24.160282 ] } },
{ "type": "Feature", "properties": { "Borehole_ID": "DUDHICHUA-BH-012", "Mine_ID": "M-DUDHICHUA", "Mine_Code": "DUDHICHUA", "Mine_Name": "Dudhichua OCP", "Interval_No": 6, "From_Depth_m": 93.35, "To_Depth_m": 112.02, "Thickness_m": 18.67, "Lithology": "Siltstone", "Stratigraphic_Unit": "Overburden", "Coal_Bearing": "NO", "Coal_Seam": "", "Weathering_Class": "Fresh", "Sample_ID": "DUDHICHUA-012-S06", "Data_Type": "SYNTHETIC_DEMO", "Source_Provenance": "Synthetic borehole interval generated to match GeoVault demonstration corpus" }, "geometry": { "type": "Point", "coordinates": [ 82.724638, 24.160282 ] } },
{ "type": "Feature", "properties": { "Borehole_ID": "DUDHICHUA-BH-012", "Mine_ID": "M-DUDHICHUA", "Mine_Code": "DUDHICHUA", "Mine_Name": "Dudhichua OCP", "Interval_No": 7, "From_Depth_m": 112.02, "To_Depth_m": 130.69, "Thickness_m": 18.67, "Lithology": "Carbonaceous Shale", "Stratigraphic_Unit": "Coal-bearing sequence", "Coal_Bearing": "NO", "Coal_Seam": "", "Weathering_Class": "Fresh", "Sample_ID": "DUDHICHUA-012-S07", "Data_Type": "SYNTHETIC_DEMO", "Source_Provenance": "Synthetic borehole interval generated to match GeoVault demonstration corpus" }, "geometry": { "type": "Point", "coordinates": [ 82.724638, 24.160282 ] } },
{ "type": "Feature", "properties": { "Borehole_ID": "DUDHICHUA-BH-012", "Mine_ID": "M-DUDHICHUA", "Mine_Code": "DUDHICHUA", "Mine_Name": "Dudhichua OCP", "Interval_No": 8, "From_Depth_m": 130.69, "To_Depth_m": 149.36, "Thickness_m": 18.67, "Lithology": "Coal", "Stratigraphic_Unit": "Barakar-equivalent demo unit", "Coal_Bearing": "YES", "Coal_Seam": "GV-DUD-S4", "Weathering_Class": "Fresh", "Sample_ID": "DUDHICHUA-012-S08", "Data_Type": "SYNTHETIC_DEMO", "Source_Provenance": "Synthetic borehole interval generated to match GeoVault demonstration corpus" }, "geometry": { "type": "Point", "coordinates": [ 82.724638, 24.160282 ] } },
{ "type": "Feature", "properties": { "Borehole_ID": "DUDHICHUA-BH-012", "Mine_ID": "M-DUDHICHUA", "Mine_Code": "DUDHICHUA", "Mine_Name": "Dudhichua OCP", "Interval_No": 9, "From_Depth_m": 149.36, "To_Depth_m": 168.03, "Thickness_m": 18.67, "Lithology": "Sandstone", "Stratigraphic_Unit": "Coal-bearing sequence", "Coal_Bearing": "NO", "Coal_Seam": "", "Weathering_Class": "Fresh", "Sample_ID": "DUDHICHUA-012-S09", "Data_Type": "SYNTHETIC_DEMO", "Source_Provenance": "Synthetic borehole interval generated to match GeoVault demonstration corpus" }, "geometry": { "type": "Point", "coordinates": [ 82.724638, 24.160282 ] } },
{ "type": "Feature", "properties": { "Borehole_ID": "DUDHICHUA-BH-012", "Mine_ID": "M-DUDHICHUA", "Mine_Code": "DUDHICHUA", "Mine_Name": "Dudhichua OCP", "Interval_No": 10, "From_Depth_m": 168.03, "To_Depth_m": 186.7, "Thickness_m": 18.67, "Lithology": "Shale", "Stratigraphic_Unit": "Overburden", "Coal_Bearing": "NO", "Coal_Seam": "", "Weathering_Class": "Fresh", "Sample_ID": "DUDHICHUA-012-S10", "Data_Type": "SYNTHETIC_DEMO", "Source_Provenance": "Synthetic borehole interval generated to match GeoVault demonstration corpus" }, "geometry": { "type": "Point", "coordinates": [ 82.724638, 24.160282 ] } }
]
}
